"","baseMean","log2FoldChange","lfcSE","stat","pvalue","padj"
"ATAD3C",5.36506886966913,1.46482326443621,0.500923894229096,2.92424314613805,0.00345294915166214,0.0248057273492894
"TP73-AS3",7.56946877938066,2.84714486612838,0.675819698476434,4.21287641148515,2.52139039661165e-05,0.000671564545977943
"CHD5",3.16640058199337,3.17787250110921,1.12540840094404,2.82375047000135,0.00474653227446116,0.0311835663557718
"SLC2A5",63.2044181618261,-1.18478922849477,0.248403173591449,-4.76962194711492,1.84571981933799e-06,8.5218439676906e-05
"RBP7",29.5782197982397,1.27023881194191,0.302778828795815,4.19526958669398,2.7254722557293e-05,0.000713728645366631
"NPPB",1650.40308362063,1.22751235045763,0.324344228212649,3.78459748527678,0.000153957551607573,0.00260698881665322
"CELA2B",2.81977623796559,3.59469263457817,1.1548121431217,3.1127942808611,0.0018532514861665,0.0159978114926308
"LINC01772",5.70207333355893,2.05317479107629,0.779491071550736,2.63399398147263,0.00843869837441985,0.0464066369524105
"PADI2",25.2012790366724,-1.5858751164394,0.484528026426299,-3.27303072256982,0.00106400911667623,0.0106553363566751
"CNKSR1",16.4653149395021,-1.51953827427605,0.317243093231916,-4.78982303064741,1.66928467904102e-06,7.94242515480809e-05
"SNORA73A",57.638323035927,1.11827666114636,0.325274508481187,3.43794743205657,0.000586141475354851,0.00685223815674994
"SNORA73B",65.6489023524716,1.1158256589313,0.326135346009762,3.42135764363885,0.000623093351690127,0.00714741321188862
"SNHG12",124.843944509924,1.15954718543428,0.212388097060058,5.459567656969,4.77295429014369e-08,4.69626264596711e-06
"TSSK3",5.28105443880204,2.61509649445103,0.728786148726875,3.58829061037915,0.000332853159499239,0.00454622687997983
"LOC105378641",6.1447234468089,-3.00358781822973,0.767585740519936,-3.91303232938538,9.11443266251314e-05,0.0017661609525476
"RPL5P4",10.1093966631477,1.96694284081676,0.470228527908103,4.18295089319031,2.87749563950929e-05,0.000741092237829908
"ZC3H12A",199.985143327805,1.20234095527325,0.121185545573473,9.92148815754837,3.3571294393863e-23,1.13409427678202e-19
"PPIEL",4.88222780793727,3.04125124215808,0.904573251667721,3.3620839844104,0.000773565919353927,0.00836235073033853
"LOC105378672",20.7098802877705,1.33344710340807,0.358928912964485,3.71507297195645,0.000203145061832062,0.00316247869299084
"NFYC-AS1",10.9490339978044,1.64899180419068,0.55172222908468,2.98880798572571,0.00280068077338031,0.0214327715373797
"GUCA2B",11.6884266114996,-1.26409274890123,0.40660256761983,-3.10891482142127,0.00187775844651316,0.0161214920752883
"LOC100129492",6.19358716405964,1.58739391566778,0.535030440770705,2.96692261730222,0.00300796654101896,0.0225475125073644
"RPS15AP10",6.21628310649067,1.87169333838944,0.683953863371649,2.73657835509936,0.00620818083637781,0.0376689481360719
"TSPAN1",228.427361164044,-1.31632423134942,0.284005468897102,-4.63485522465885,3.57187374777411e-06,0.000144219739031142
"SLC5A9",153.244603043559,-1.05626315104849,0.215215534864044,-4.90793172396107,9.20418832342365e-07,4.93544161712894e-05
"ANAPC10P1",2.11770147667037,3.59089527339126,1.18512276764175,3.02997746008771,0.00244571990279232,0.0193886933487906
"LOC105378723",5.13860789551803,3.4106946766914,0.933080869498003,3.65530447379802,0.000256876926599543,0.00375659338040848
"LOC105378726",22.8695528821953,1.43291909080941,0.43515619215049,3.29288452435457,0.000991651939905747,0.0100851947666581
"CYP2J2",54.734980499359,-1.01240415946513,0.182036846077806,-5.56153427879328,2.67413138350081e-08,2.90219065167518e-06
"CFL1P3",9.3849260225835,2.01202529271721,0.665075138900508,3.02526011729059,0.00248419377657919,0.0196008686418008
"NEXN-AS1",6.892905431988,1.82921054823098,0.652237879543732,2.80451443499508,0.00503924311093994,0.0324770806409036
"NEXN",242.776802331945,1.24211425222445,0.325334662977213,3.81795853186248,0.000134560535980159,0.00235934905171439
"IFI44",1.86848963853686,4.27948282052506,1.31837249840153,3.24603465690748,0.00117024592255298,0.0114264626021859
"GBP5",11.1004582653428,5.80428231761471,0.859707737097503,6.75145990567772,1.46364836098928e-11,5.39394338707123e-09
"EPHX4",37.5741088285516,-1.79511511776802,0.340871962515274,-5.26624455857844,1.3924276551467e-07,1.0981757253762e-05
"HMGB3P9",7.05949517333405,1.69558946529745,0.587070073306613,2.88822330143182,0.00387424725066041,0.0270257409744714
"CCDC18",134.933181727776,1.22667638461474,0.278405488340267,4.40607831378489,1.05258921014947e-05,0.000338113006347378
"SCARNA2",59.9284694768029,1.26414764704579,0.391855693329175,3.2260540514435,0.00125509651921249,0.0120281566656822
"MYBPHL",19.9548627560939,-1.89226419715287,0.400449377332139,-4.72535182788759,2.29717284420063e-06,0.00010188489360854
"LOC105378925",3.81712695957441,3.04739525140678,0.829462042190956,3.67394177961096,0.000238837175141812,0.0035779679992235
"CD160",6.93176778142891,1.80929311467561,0.586731791663848,3.08368003980974,0.00204457356523223,0.017167134048754
"CA14",27.4364065125874,1.1547502990786,0.405776026845424,2.8457824580122,0.00443024491452097,0.0297618701052098
"CTSS",314.723905867395,-1.02746435246491,0.158944124638774,-6.46431162397471,1.01760974772635e-10,2.48505204538138e-08
"C2CD4D-AS1",3.6130382853609,2.02331070147858,0.762916368746072,2.65207404686321,0.00799989956212595,0.0448552768484537
"S100A9",39.7437939176974,-2.29313053628759,0.591507077913305,-3.87675925092428,0.000105857008212864,0.00196484954163603
"RUSC1-AS1",43.0358946714939,1.25345280295784,0.369869591363866,3.38890471729733,0.000701723896556315,0.00779782985707234
"LRRC71",2.72748022529998,3.75337467618316,1.42576627423614,2.63253153339879,0.00847511552650273,0.0465410298799017
"KIRREL1-IT1",60.4480625127427,2.09290301581322,0.633310848672668,3.30470103299139,0.000950777615103161,0.00980128982204779
"LOC112543491",20.3559928203118,1.96591121682897,0.662814938203936,2.9660031835675,0.0030169736650846,0.0225905360887722
"HSPA6",31.9183770279189,2.42176903292556,0.587194549248987,4.12430434857231,3.71856927693432e-05,0.000884644139368329
"GPA33",110.323762009155,-3.52924531689396,0.549617702955326,-6.42127300106421,1.35139418746276e-10,3.16654036409787e-08
"LOC100505918",46.2620021405096,1.54782833019679,0.460473580670885,3.36138357371488,0.000775530440900977,0.00837911860694131
"CCDC181",4.04933074171456,2.89747570891422,0.996187832088111,2.90856364189956,0.00363093264738783,0.0256877395566855
"GORAB-AS1",1.87634055754299,3.70333864770895,1.33801069547433,2.76779450286539,0.00564370290725219,0.0352844584290853
"GPR52",3.80851252672793,3.02788154009056,1.1117473121561,2.72353394245528,0.00645875784234012,0.0387086229173246
"RABGAP1L-AS1",1.90619920179506,3.50623243016979,1.17695749691348,2.97906461309328,0.00289129802359183,0.0218514990524888
"LOC105371630",51.1861797569625,1.99203081656764,0.278104912093037,7.16287533929365,7.90021869978612e-13,3.79548101721567e-10
"LOC105371629",9.99186691539619,1.65168279919245,0.63175092480022,2.61445252290651,0.00893705803927701,0.048292516501761
"SETP10",3.4012564771041,2.79529296448024,1.0297839186713,2.71444612194656,0.00663866980576259,0.0394254902704372
"LOC100499223",6.89902983123304,1.88694001233314,0.573267272594894,3.29155370023464,0.000996355923392389,0.0101127382129396
"LHX4",22.9306827785468,1.62135262863141,0.476494941904475,3.40266493102975,0.000667320644771969,0.00751440119382391
"VDAC1P4",3.00308627065375,3.65055899544173,1.11025661707994,3.28803173904333,0.00100890464661454,0.0102196343239531
"RGS16",8.30153422241675,1.97599233528877,0.649006389400814,3.04464234491294,0.00232957161057119,0.0187632605065011
"PRG4",2.77241708778516,3.03154482475352,1.00503560439695,3.0163556509747,0.00255832995252022,0.0200754122367915
"TNNT2",10.4414069579843,1.31704403046521,0.481431878092771,2.73568097667895,0.00622513449633474,0.0377098777962369
"NAV1",3.11228987679008,2.08212876181461,0.75277898522934,2.76592306994366,0.00567619236082907,0.0354455823161998
"LOC112268254",17.5517066362914,1.34630811468272,0.409860934460387,3.28479247834448,0.00102057510893228,0.0103173360140031
"ADORA1",24.3829722976985,1.00164214523166,0.250375482448806,4.00056002063406,6.3192756061999e-05,0.0013189397902904
"LOC100420338",4.81909332994414,2.30247582289781,0.866039872218247,2.65862565542198,0.0078460086585247,0.0443848030978613
"REN",25.6867094648929,-1.24223828042592,0.364670006369638,-3.40647231394939,0.000658082245550837,0.0074351555379431
"LOC105371692",16.8382601313579,2.06171906851194,0.534337601009748,3.85845777017353,0.000114104778497872,0.0020817189517312
"CNTN2",4.2584264042218,2.81618329038986,1.00679430935127,2.79717839506311,0.00515510607318532,0.03302428729374
"LOC105372884",3.66732737460771,2.47892645216172,0.940718260328436,2.63514227022259,0.00841020241112406,0.046309805126616
"RPS25P2",9.58387677935691,1.31839025892505,0.485531572413567,2.71535433292497,0.00662048940831097,0.03937520534538
"RPL21P28",65.5405376939028,1.61469406896348,0.414421035062886,3.89626474611373,9.7687603964853e-05,0.00185569826125924
"ABHD17AP3",2.1130521356551,2.77937366884837,1.05022506244267,2.64645528681629,0.00813402577090715,0.0453484887447491
"LINC02869",11.4144796981376,2.26844959078644,0.504562418824376,4.49587505163762,6.92844154082922e-06,0.000244656065489665
"RIMKLBP2",4.55730133964051,3.35087176750301,0.855678259531302,3.91604172500356,9.00146758571916e-05,0.00175096685695721
"AURKAP1",11.1257275104626,1.4511038463754,0.5552259055124,2.61353771855479,0.00896101919060777,0.048370412243523
"RPS7P3",8.20635359736663,1.65488477991821,0.551380366418956,3.00134876159296,0.00268786520713237,0.0208232933175152
"ARID4B",738.006076707004,1.10372732368714,0.242083936836023,4.55927534107626,5.13304355618178e-06,0.000191958781993078
"GNG4",23.8884540106418,-1.76851758724413,0.419982368409558,-4.21093293497386,2.54318243396717e-05,0.000676479852415755
"NID1",129.616427517053,-1.1565928667189,0.25406400471887,-4.55236808535198,5.30454216409158e-06,0.000195902784497764
"ACTN2",2.29504183840926,3.96113926928347,1.18891943740388,3.33171377695112,0.000863129788550794,0.0090929197942495
"CMPK2",8.51753960890462,1.37541124430238,0.524341673249192,2.62312021811915,0.00871285228916542,0.0473968875601433
"RSAD2",5.34003897600188,2.84414928197431,0.771406496783069,3.68696568389692,0.000226943946499859,0.00343278123254152
"LOC107985851",18.0968110530896,1.23676389447865,0.42220568189171,2.92929239828626,0.00339734669915131,0.0245668284855862
"EIF1P7",2.7323250411785,3.15128288491079,1.14083969130792,2.76224863924396,0.00574047441937715,0.0357571223129549
"IAH1",35.9809099591845,1.83191828672807,0.404626304598463,4.52743251219418,5.97046597588405e-06,0.000217313155213366
"LOC105373485",64.7354632466879,1.09622756564599,0.199989555788315,5.48142407399674,4.21915788150236e-08,4.25463239304335e-06
"LRATD1",10.3489314666047,-1.66534892734287,0.600723097270561,-2.77224054628419,0.0055671880097443,0.0349245848868794
"VSNL1",395.331412153041,-1.01274198628519,0.0828718239139913,-12.2205828043107,2.41348236699711e-34,4.89188740966644e-30
"NDUFAF2P1",19.0004452242551,1.21834213562605,0.28340026762395,4.29901547320589,1.7155849637151e-05,0.000503229980167025
"MFSD2B",10.1873753604821,2.66055511909078,0.541558586033133,4.91277432895875,8.979661258297e-07,4.85356677451792e-05
"HMGN2P20",3.20911258370907,2.75437559966043,1.04966663690756,2.62404796228937,0.00868915482286444,0.047330703776989
"TPM3P7",3.98576355142692,2.57608488142473,0.964442605428257,2.67106084584559,0.00756119394157553,0.0432809488850026
"PTGES3P2",3.28900464968463,2.5032518106295,0.764420130604966,3.2747068142337,0.00105771684979569,0.010608269079242
"LOC105374333",34.4787743565548,1.39885062669031,0.385426685763923,3.62935592774996,0.000284129255075822,0.00405850308043117
"SPDYA",4.11162011926691,3.06144295113945,1.06037790733161,2.88712442042802,0.00388780456933082,0.0270518059786359
"DDX50P1",12.927907233361,1.64402154237705,0.549136944410852,2.99382796788669,0.0027550123532839,0.021175067650623
"CDKL4",3.86574383782895,2.50195482792151,0.911715386855199,2.74422792901583,0.0060653408457909,0.0371190801942439
"STPG4",2.40476692359222,2.96613712294875,1.110920419389,2.66998163971108,0.00758553946719983,0.0433642475697808
"BCYRN1",1301.0734852218,1.83039139801292,0.358163970321334,5.11048444200221,3.21333774290429e-07,2.13544730199761e-05
"RPL18AP6",14.4605220267125,1.25050565713102,0.384856710699674,3.24927595742735,0.00115699177862444,0.0113657016820722
"LOC112268415",3.75677624121063,2.58557363504279,0.893555972171558,2.89357770029696,0.00380880040457755,0.026685300864287
"MIR3682",9.5611379377007,2.0182519457259,0.474462615427591,4.25376390067536,2.10206938290633e-05,0.000589306283846866
"PRORSD1P",14.5296808417558,1.35404684011331,0.405539845237995,3.33887497372464,0.000841184150703941,0.0089176036292092
"LOC107985768",5.51597520498092,3.63514602649468,0.969515115160502,3.74944750179876,0.0001772245912387,0.0028829576563541
"B3GALNT1P1",7.18780301829599,2.88511013768198,0.800442057579805,3.60439598389584,0.000312879721001596,0.0043496289883274
"LOC105374795",16.0568519837029,1.48301234012779,0.423151391393729,3.50468501413457,0.000457147803038266,0.00576239354464093
"LOC105374800",30.1328831254102,1.41134326537693,0.368008262253547,3.83508581229775,0.000125520463105663,0.00222587424907146
"DGUOK-AS1",4.76852594539404,2.1201242258877,0.814855965252213,2.60183924067056,0.00927253065265901,0.0495635347570532
"SLC4A5",25.1132416778415,1.37658704289058,0.364880443216455,3.77270711128236,0.000161485817438322,0.00269617465704889
"TACR1",10.404062976012,2.13993395473302,0.737290196088547,2.90243104558523,0.00370278665463218,0.0260777563247879
"LOC101927948",5.85744401167257,2.94415961130648,0.684001416776121,4.3043180015373,1.67500923755819e-05,0.000494510951581778
"LOC105374839",9.26424690874999,3.06754669246652,0.986048148932588,3.11095020642469,0.00186486382490916,0.0160504988819888
"SFTPB",5.1572019518676,2.16195733317469,0.79025909413708,2.73575761318562,0.00622368502024998,0.0377098777962369
"LOC105374845",2.91251306765185,3.09419472453319,0.919087292933432,3.36659504306442,0.000761023526250834,0.0082620170613702
"LOC107985909",22.2323572097214,2.27395715719615,0.576238413137619,3.94620890477338,7.93983460462804e-05,0.00158299514207449
"TEX37",2.48987675395425,4.12621312314405,1.17577384855397,3.50935949818811,0.000449187313841618,0.00569257180931317
"LINC00342",34.7621920360668,2.16542042779044,0.53279768230285,4.0642452092342,4.81881456900857e-05,0.00107214656969522
"ANKRD36C",117.693958290041,1.60094070016853,0.348559953683105,4.59301386533931,4.36890022789541e-06,0.000168032711042148
"ANKRD36",145.842464340039,1.28144516551172,0.252196138246897,5.0811450739075,3.75166453900249e-07,2.40640786522283e-05
"EIF5B",18884.2472624412,1.20106448214888,0.328800255949224,3.65286966909891,0.000259325871704079,0.00378149359249638
"NPAS2",147.670309826062,-1.16860973927683,0.209989483254096,-5.56508698039303,2.62021680633514e-08,2.88636817650038e-06
"SULT1C3",27.8976189326819,1.28679990719582,0.465415745418629,2.76483965113466,0.00569507832145501,0.035528945059271
"SULT1C4",105.637721692941,-1.66629902097787,0.213625130697358,-7.80010767243726,6.1854376632416e-15,4.044278580524e-12
"LOC101927283",23.2604215036801,2.27478458017288,0.485971917361105,4.68089718542849,2.85622165071822e-06,0.000121114553636836
"RPS14P4",4.90941751601342,3.69193556167243,1.21779818441595,3.03164810796877,0.00243222565754871,0.0193632293216241
"SOCAR",7.26752897458467,4.10625106142866,0.845444319088054,4.85691484195896,1.1922883956721e-06,6.05676528618492e-05
"IL1A",28.4117364552851,1.04538183271733,0.292622739763784,3.57245589854432,0.00035364905346447,0.00475211654788909
"LOC112268422",15.3793038479781,2.14574982477684,0.690108304908652,3.10929430860981,0.00187534811585958,0.0161201997287353
"LOC105373608",8.86354475848998,2.45473302863993,0.773092927437834,3.17521082074227,0.00149727676397204,0.0136882554847033
"MYO7B",317.452837764289,-1.03410044941358,0.29551997910157,-3.49925731775368,0.000466556096031641,0.00584463875801319
"FAR2P1",48.2976362050959,1.33256678004072,0.367428745223737,3.62673524421527,0.000287027325645465,0.00409219016363527
"POTEF",32.0834831583401,1.27381956392036,0.384847655238802,3.30993198628153,0.000933186436781632,0.00967096683394304
"POTEE",35.8812087684413,1.26893198413718,0.344635317005718,3.68195574139644,0.000231451597359929,0.00348535841522169
"LCT",131.451462915117,-1.45247826234519,0.170745047666252,-8.50670799649948,1.7894144570931e-17,2.13350833122471e-14
"RNF14P1",11.9015291999314,2.59042732134467,0.674263451750408,3.8418622789354,0.000122104346106421,0.00218440687663817
"LOC105373680",4.87588356001834,3.5565950128918,1.0287382061437,3.45724013325407,0.000545738309432057,0.00650832939295048
"LINC01931",4.14716965044942,3.6514966255206,1.356187892519,2.69247104008446,0.00709246948982986,0.0414644545974506
"LOC101929356",30.8787731656717,1.68996856783833,0.461722165983568,3.66014173098736,0.000252075780250772,0.00371896478107989
"NUDCP1",14.4819007710182,2.25004687419338,0.537805405000922,4.18375652842224,2.86731196174943e-05,0.0007401838118404
"LOC105373690",6.02906651945355,1.97884294813913,0.600513528457522,3.29525123808948,0.000983337223501464,0.0100207451901213
"LOC105373703",16.8098771951841,1.42034536745406,0.436667415032407,3.25269374026603,0.00114316635224625,0.0112698632264977
"GALNT5",61.4681535195187,-1.31100630432374,0.26627664005923,-4.92347471423748,8.50208671346474e-07,4.65803934040904e-05
"FAM133DP",43.4010917281559,1.25648930074304,0.465991975227234,2.6963754045986,0.00700986164204768,0.0411330320299252
"ACVR1C",52.7763112323188,-1.05098980393846,0.18178491348811,-5.781501796667,7.40366903614336e-09,9.37906048084936e-07
"RPL7AP22",6.60199781398177,3.03347603425022,0.754792892282981,4.01895151009574,5.84576989008635e-05,0.00124855542573404
"LOC107985780",150.096868509318,1.25179641382626,0.300048304359939,4.1719829628652,3.01960219847799e-05,0.000761247723394904
"PKP4-AS1",20.9877313191681,2.29079888894339,0.497295583464494,4.60651364121142,4.0947621103857e-06,0.000160831795312999
"BAZ2B",437.423806844612,1.03597367113891,0.248166875629331,4.17450422628632,2.98635676083376e-05,0.000761247723394904
"PLA2R1",29.5296657332795,-1.60103883955547,0.317770966976474,-5.03834209521729,4.69581592252825e-07,2.90181380895503e-05
"ITGB6",16.7204884273567,-1.228675737439,0.443147859692199,-2.77260898493883,0.0055608894980324,0.0349016104944771
"STK39",225.162126451113,-2.68871411636958,0.41798783308695,-6.43251765610669,1.25507447108867e-10,3.02846481601146e-08
"KLHL41",3.60533792582527,2.30218874569341,0.827579226574185,2.78183486458869,0.00540525357318815,0.0341521100087504
"PPIG",5534.11226189778,1.07407621634986,0.329573014352881,3.2589932111366,0.00111808343385255,0.0110764580257856
"DLX2",34.7749908018137,1.54487883544125,0.283756395762615,5.44438419190263,5.19849114479584e-08,5.04154148391707e-06
"MAP3K20-AS1",25.6277147123199,1.86727129798944,0.381227933091319,4.89804428245335,9.67952240275955e-07,5.10389808059819e-05
"LINC01960",6.18839092167956,1.77966844582739,0.617288920653889,2.88303966956381,0.00393857837337707,0.0273206861909582
"RPSAP24",1.8372385516952,3.11814317084428,1.13947894326755,2.73646405602086,0.00621033791109291,0.0376689481360719
"LOC107985962",54.5265725165942,1.84654955350722,0.462702886133278,3.99078892491571,6.58538700406282e-05,0.00136481808982975
"FTH1P20",50.6754332473411,1.21432431395084,0.459929127508332,2.64024224890788,0.00828467846892116,0.0459180059848409
"LOC105373774",24.530510622184,1.27596238055807,0.386530063689132,3.30106892172886,0.000963172190147878,0.00987609741105684
"LOC105373796",7.33436233405633,2.62213074089529,0.63280462259639,4.1436655916588,3.41798059491414e-05,0.000827182921049455
"RAB1AP1",4.41111869405555,2.2074474126495,0.824515482916947,2.67726617435982,0.00742256416295031,0.0427287568925987
"NABP1-OT1",4.55354681573658,3.40137281540723,0.909277993005633,3.74074028137857,0.000183479043427444,0.00295153708827847
"RNY4P34",6.68715948385857,3.44795749422304,0.973759461032252,3.54087188079073,0.000398807181616585,0.00520839095630578
"LOC101927741",63.0802134497339,1.18731630432815,0.310765352552566,3.82061994548545,0.000133116646917983,0.00234213655935816
"SCYL2P1",3.90603169913428,1.98408702800098,0.677310825308341,2.9293596881428,0.00339661123786755,0.0245668284855862
"LINC01857",5.56648672519359,2.61440060043514,0.986037455248098,2.65142118742064,0.00801538171447812,0.044904304027296
"CPS1",631.540054639239,-1.26726019683966,0.17384077847355,-7.28977520675605,3.10472612988456e-13,1.57324234816575e-10
"ABCA12",19.0205824199363,1.14301095358589,0.36386441961648,3.14131003737777,0.00168193879120324,0.0148804964464855
"CFAP65",3.69120537617831,2.59435781495736,0.928781280430179,2.79329253250642,0.00521744852139937,0.0332450374348456
"LLPHP3",4.92270653774262,3.16391176364239,0.749632304560957,4.22061822094956,2.43633247152365e-05,0.000653201360652286
"TM4SF20",196.759024692569,-1.820475553825,0.344534114327996,-5.28387604628293,1.26478845603377e-07,1.01730147679955e-05
"CCL20",106.309306043029,1.39541649467793,0.256976359159896,5.43013567177858,5.63112262065858e-08,5.35389442410359e-06
"TPM3P8",24.7092611749581,1.32202527517517,0.452614809238264,2.92086173097186,0.00349064709166662,0.0250272111429044
"BANF1P3",44.5936033637727,1.00072621006447,0.326796902000023,3.06222673452515,0.00219696970209301,0.0179993447420062
"RPS28P4",112.811800976738,1.83350757168301,0.611725662669419,2.99727097222314,0.00272408459847416,0.0209932212859596
"ALPG",117.847092432939,-1.05468555223611,0.164081079477091,-6.42783162810288,1.2943699253622e-10,3.08653929613722e-08
"EFHD1",6.74278068432819,-1.75756827816701,0.57682926794175,-3.04694712256608,0.00231178373304921,0.0186534810848624
"UGT1A8",16.226615025931,-3.32040780616843,0.570425152992673,-5.82093511961784,5.85192844702145e-09,7.70212582419986e-07
"UGT1A5",9.17343798181701,1.66533753869937,0.541037015830895,3.07804732388197,0.00208361823493746,0.0173615587472687
"UGT1A4",12.2462927488475,1.9646529029896,0.62741780310468,3.1313311373503,0.00174015827329932,0.0153268762490311
"UGT1A3",12.8006500978375,1.09280752565014,0.337498884228402,3.23795892880814,0.00120388139372197,0.0116474806536279
"DNAJB3",11.7563197322986,2.25165668740987,0.439298546544997,5.12557281402076,2.96634495565555e-07,2.01086441157801e-05
"LOC100286922",14.7316149327192,1.45017321474064,0.344862223973806,4.20507992447091,2.6098991174456e-05,0.000689700719837091
"MROH2A",8.01206931658892,2.55820190945157,0.680509383488378,3.75924560560488,0.000170426470835456,0.00280160108464223
"AGAP1-IT1",19.9339258991313,1.15646424377047,0.381567755539462,3.03082277519876,0.00243888353938391,0.0193827060645084
"TNRC17",25.7599006219536,2.18464878234103,0.548058814760808,3.98615755006968,6.71519310683615e-05,0.0013874643127672
"LOC105373943",36.0259660992022,1.98009966633947,0.475485266967993,4.16437648839445,3.12204578393292e-05,0.000781288650401977
"LOC107986000",13.6513488562469,3.41661268993957,0.649726187969648,5.25854237246656,1.45201731002896e-07,1.1263690144016e-05
"LOC105373942",38.771469344736,1.35313767492499,0.479336080166114,2.8229414202579,0.00475852653296512,0.0312238829060117
"COL6A3",2.933219379638,3.86588553363974,1.4646017213925,2.63954730980664,0.0083016835257789,0.0459608443376134
"LOC101927509",18.2019426053453,1.65308614873921,0.472501800048207,3.49858169549947,0.000467739771177253,0.00585223297653811
"LOC107984112",11.1615042847769,1.60102686570587,0.493435350194673,3.24465376279633,0.00117593510388547,0.0114591483753148
"CAND2",7.46478945481222,1.63630789009883,0.600386764741534,2.72542298763574,0.00642191560525234,0.0385676466378843
"FBLN2",8.9907074238132,1.84171580683116,0.577271841905476,3.19037873171151,0.00142086457474401,0.0131384598838897
"C3orf20",20.1644907024509,1.50167225404738,0.410044779244452,3.66221527515693,0.000250043595522267,0.00370678020376919
"RN7SL4P",10.5840773824961,1.12519349598687,0.385587957715763,2.91812405826302,0.00352144217601227,0.025159010033695
"LOC101927647",3.94271831744639,3.25503944637284,1.15711524778862,2.81306417195141,0.00490718570114476,0.0318385873804428
"PP1P",3.15596868759477,2.88928190818808,0.967679050706962,2.98578532425316,0.00282851131441375,0.0215855029487395
"EOMES",4.68862421819633,2.39288019832475,0.683038775747543,3.50328602604719,0.000459555707289979,0.00578195818191222
"OSBPL10-AS1",1.71396783016043,3.1879800773837,1.01286521126495,3.1474869922744,0.00164680432963437,0.0146721217394985
"C3orf35",13.1587872213204,2.07542921552749,0.640870309914778,3.23845430724272,0.00120179269828427,0.0116383832783201
"CSRNP1",577.256646410412,1.02757317752815,0.0991467389884353,10.3641651557295,3.60896061057729e-25,2.14377544673501e-21
"LINC02158",4.20423158508664,2.54535964459331,0.731684895425495,3.4787647804498,0.000503730525865502,0.00616925318958782
"RPS24P8",7.11730366325342,1.43724277720179,0.438301120696692,3.27912183960939,0.00104130667323844,0.0104821730938617
"CXCR6",8.361776581553,2.05222037799113,0.513247564847349,3.99849998041687,6.37451863500573e-05,0.00132790460650495
"RBM5-AS1",3.78629944001528,3.50116239242897,1.13119896747215,3.095089805689,0.00196753313772971,0.0166861628320684
"SLC38A3",82.3214662173629,-1.02419392827984,0.265440054922115,-3.858475423313,0.000114096538539193,0.0020817189517312
"DOCK3",13.2103624140821,1.41730469441057,0.41099826576172,3.44844446431865,0.000563825402560221,0.00667923850642496
"SEMA3G",25.7697159074655,-1.04140103397987,0.245572848595485,-4.24070103814815,2.22822758762447e-05,0.000610832341783771
"LOC107986087",13.0437642764524,1.9540656893718,0.647546722549684,3.01764432020868,0.00254747707651162,0.0200057391955886
"LOC105377103",13.3417447896017,1.91271479745027,0.545307369427215,3.50759022284874,0.000452184990459622,0.00571761545329138
"LOC105377113",3.55843014992019,3.87355931676924,0.979974945893085,3.95271260046259,7.7270223581568e-05,0.00155530304049136
"LOC107986015",7.97578261937692,3.92094456289172,0.89885961414234,4.36213230764956,1.2880093551523e-05,0.000403117235290677
"LOC105377111",3.64979816477546,3.08746884714515,1.01810613126297,3.03256090140143,0.00242488161334781,0.0193275365398925
"LOC107986016",29.2774798368649,1.36787240739993,0.476198234837914,2.87248525367911,0.00407257085215246,0.0280281804294045
"LOC105377116",5.33505976960889,3.72967752635255,0.870989247906271,4.28211661087452,1.85123917286221e-05,0.000536806391913365
"THOC7-AS1",4.01322863501652,2.96447805636379,1.0334848276433,2.86842919902734,0.00412515513580567,0.0283433116771678
"PSMD6-AS2",28.0403450378525,1.41810735076648,0.306392773310233,4.62839686277651,3.68507311227411e-06,0.000147614124333367
"ADAMTS9-AS1",9.40987843235949,1.71836313687949,0.623268280041821,2.75702003760593,0.00583307769271811,0.0361561149478799
"LOC107986018",13.790404098719,2.72773036428662,0.710473163920716,3.83931512519594,0.000123377991795468,0.00219942701468983
"MAGI1-IT1",28.6597213547129,1.99122559163448,0.404585400520373,4.92164469868016,8.5819914375749e-07,4.67603184000553e-05
"MAGI1-AS1",9.41816676849118,2.40909921674061,0.652460200691308,3.69233129344605,0.000222207742089518,0.00338896066547211
"EBLN2",26.3042802129299,1.13951379028228,0.39114105555148,2.91330652742564,0.00357623366482714,0.0253982761571063
"HP09053",8.49786258237131,1.52438890367025,0.530703443518461,2.87239308937558,0.00407375891978023,0.0280281804294045
"LOC112268455",15.5585296942105,2.40411002729393,0.465519956834429,5.16435437836448,2.41270220587547e-07,1.70393940804494e-05
"LOC105374010",47.27892666819,1.74793787257158,0.37538583663486,4.65637672492105,3.21822827369545e-06,0.000132851871445078
"HHLA2",92.5357664357703,-1.35548382877073,0.184719281085755,-7.33807440567857,2.16688703332039e-13,1.18704414265868e-10
"LOC107984087",7.02715170310041,2.5853367991121,0.872976824879622,2.96151825046283,0.00306126350202326,0.0228036567153655
"LOC105374040",17.7278851749572,2.25111756714816,0.502000606630975,4.48429252358051,7.31562469908945e-06,0.000256540479283467
"LOC100653395",18.4968968060223,2.16256796322698,0.432880671785359,4.9957600423871,5.8604494577501e-07,3.46313265478533e-05
"CD200R1",13.7074891847969,1.09701274929025,0.291883475692161,3.75839278564446,0.000171008285476237,0.00280534191061112
"CFAP44",27.5104569204345,1.54751424524372,0.38110698549822,4.06057696166513,4.89515975190323e-05,0.00108674691140555
"ZBTB20",216.514374430178,1.45787565204436,0.238686630285244,6.10790663181308,1.00946374689414e-09,1.74878809280318e-07
"NR1I2",12.7760745151039,-1.75584214019441,0.43587343288648,-4.0283302622202,5.61743953404029e-05,0.00120870362967582
"LINC02035",21.4794465992882,2.19174986541132,0.534448344476535,4.10095734800718,4.11444398930975e-05,0.000952005310722824
"ALDH1L1",46.2367637683176,-1.0025968419992,0.281497008839148,-3.56166073001544,0.00036851639582249,0.00490443783777153
"MGLL",373.745544859502,-1.54625348964205,0.397737811744514,-3.88762004512481,0.000101231925313236,0.00190164030970712
"FTH1P4",6.08397708953174,2.79519293170781,0.943588773860787,2.96229990133414,0.00305350208950632,0.0227709469654906
"RPL32P3",53.7509687170932,1.01476561266295,0.315565393299218,3.21570626631022,0.00130123944904667,0.0123142554587169
"NPHP3",40.6551323174132,1.49176845257061,0.349426144659623,4.2691952945414,1.96179446664821e-05,0.000560180427816459
"LOC105374117",7.00488614827078,3.87650610791818,1.07474490783447,3.60690809480462,0.000309867350934432,0.0043225749043978
"LOC100421438",14.5947837567132,2.03236635569626,0.418998816291764,4.85053006517576,1.23131966971192e-06,6.20836278243553e-05
"NME9",12.601571349561,1.616384364244,0.466362583896247,3.46593920708613,0.000528382737623084,0.00637867165508176
"EEF1A1P25",11.1163882377759,1.89766957868752,0.676211698038735,2.80632468233168,0.00501101724186973,0.0323157201640018
"LOC105374136",4.56153093963678,2.52860813686728,0.928639577057793,2.72291661839211,0.00647083873270181,0.0387452286063452
"CP",15.5845700516899,-1.33558938449701,0.486783941093815,-2.74370058612843,0.00607509204015879,0.0371249693302384
"LOC107986140",4.35710831823753,3.14554326847401,1.05540190220502,2.98042220873596,0.00287851338475577,0.0217947657062438
"LOC105374152",18.4071982538928,1.4143880435863,0.447822737514319,3.15836585573344,0.00158656308331679,0.0142797722627656
"AADACP1",18.3373559992267,-1.36272161989507,0.373680238506957,-3.64675859055282,0.000265569208525676,0.00384487306257637
"AADAC",45.3491966850612,-1.39869296579665,0.323330336125168,-4.32589463320628,1.51914030590936e-05,0.000461641002405951
"LOC105374162",124.320265820485,1.82274071718356,0.513244628357407,3.55140729483535,0.000383176952266193,0.00505638909211163
"TMEM14EP",17.5270239204979,1.74580365880347,0.561411820637254,3.10966672704151,0.00187298544620179,0.0161067212596793
"LOC105374166",1.9530103392075,3.80311521723523,1.38660057440636,2.74276189367904,0.00609248452078262,0.037184151987878
"LINC02006",28.8175149649291,-2.3602603197283,0.532718988621729,-4.43059168180744,9.3974882248507e-06,0.000309217027320615
"MME",5.00253982916898,-2.53790359496753,0.943376503635212,-2.69023405309328,0.00714019212562423,0.0416473537249719
"ALG1L15P",4.85087885221799,2.71055564609132,0.804361130674657,3.36982425271824,0.000752161391101694,0.00819360330091883
"PA2G4P4",40.0023195629327,2.18814198175015,0.325579945366607,6.72075173207083,1.80789404359926e-11,6.42880778416025e-09
"LOC112268457",9.82771461843118,1.55197610313246,0.487234383678916,3.18527623484636,0.00144615894459317,0.0133116238183283
"LOC105374181",2.47497144542952,3.9860494609163,1.19606961301722,3.33262330012802,0.000860313398638907,0.00907268068522997
"LOC101928351",23.6368309751065,1.6393455100789,0.612554891290748,2.67624262476224,0.00744527253618445,0.0428036424542641
"BRD7P2",10.7973015490894,1.07264710819529,0.406204715419621,2.64065646576066,0.00827455747450608,0.0458870055952842
"LOC105374187",26.1222569706663,1.37664905186198,0.357591708737451,3.84977900276971,0.000118224446802383,0.00213763720984612
"LINC02067",5.20362697656551,2.34153755041953,0.732221867776466,3.19785252730852,0.00138455065983641,0.0128908853120001
"SI",323.007885211458,-1.08147583475671,0.246092323135539,-4.39459395147843,1.10979998731632e-05,0.000354244660518337
"LRRC31",11.0105854297568,-1.81812277881453,0.590937515381345,-3.07667516698657,0.00209323273470461,0.0174169681033365
"KCNMB3",101.278758320286,1.26377601533692,0.358601401754636,3.52418035499378,0.000424795000916755,0.0054772072987161
"RNU6-4P",9.96825246872487,1.62163519572259,0.485179795051105,3.34233867993571,0.000830756289413666,0.00883452215641427
"LOC100505642",1.87987465063933,3.48250210022061,1.20553690203086,2.88875611717397,0.00386768916986349,0.02700130030187
"EPHB3",15.3461851723564,1.18885955368117,0.330007854383299,3.60251896398903,0.000315148401004106,0.00437816514047445
"IGF2BP2-AS1",19.9287453740041,2.45866760688783,0.566277760418498,4.3418049917249,1.41316936241346e-05,0.000433336305699826
"KNG1",266.383803614589,-1.4643673962401,0.279542292438649,-5.23844668892626,1.61933737939196e-07,1.22647551920067e-05
"RPS20P14",16.6763879854255,1.59507009793646,0.432228467915515,3.69034021666578,0.000223954325899773,0.00340128178682278
"ST6GAL1",895.357454767305,-1.30491783823833,0.178927674679103,-7.29299053697883,3.03149392364452e-13,1.57324234816575e-10
"LOC107986166",12.783820606853,-1.95826661171149,0.561827523370722,-3.48552986504246,0.000491163392802908,0.0060666610656442
"FLJ42393",24.7421761936845,3.31541365859477,0.593067516594995,5.59028030675108,2.26703347982006e-08,2.55280564458182e-06
"TP63",7.5006144415436,4.38440540485033,0.880938797842143,4.97696935994863,6.45875407596502e-07,3.77269413157738e-05
"CLDN16",13.6447520639257,-1.31272351437139,0.44042910085508,-2.98055580755853,0.00287725806197257,0.0217947657062438
"LINCR-0002",24.7800828960449,1.02535764986605,0.278589206783707,3.68053616184105,0.000232744047618658,0.00350221908031371
"LOC727978",12.0758327654464,2.55159885795356,0.749625703873621,3.40383053138174,0.000664479652896028,0.0074907330837317
"LOC107986031",2.63555850975882,2.50812812378927,0.870297798747367,2.88191941585887,0.00395260805685331,0.0273711693557772
"RNU6-42P",2.44657696219329,3.9894272972048,1.15804179673026,3.4449769502871,0.00057110808999216,0.00674057713731699
"LOC105374310",3.21796511830982,2.25624239224863,0.77430202857649,2.9139047929354,0.00356938746013503,0.0253674314268853
"SCARNA22",9.2605237354924,1.29959798769198,0.456340643805207,2.84786815580407,0.00440131542360753,0.0296912794607682
"GMPSP1",12.9584720105095,2.05348733904996,0.630187439668474,3.25853422297697,0.00111989367970057,0.0110835571259037
"SLC2A9",44.4619052142332,-1.4612096543039,0.272481371460863,-5.3626038597423,8.20307739253891e-08,6.98605780123408e-06
"ZBTB12BP",13.5692815554717,1.95451404377911,0.487146774199284,4.01216665550484,6.01640008486626e-05,0.00127559009749115
"PABPC1P1",4.70885756903443,3.01059080969563,0.864109991556839,3.4840365683905,0.000493911999484449,0.00608920969371035
"DCAF4L1",3.86569959593281,2.7753251806074,0.801546961518441,3.46246110814251,0.000535259266281512,0.00643104331254295
"UGT2B17",5.60997530984538,-3.15430957178917,0.872030068278943,-3.6172027623022,0.000297804012691574,0.00420933719194248
"SULT1B1",92.5055390897709,-1.22845347212193,0.246999449722248,-4.9735069187536,6.57524260206575e-07,3.82970092819743e-05
"SULT1E1",63.5994631396441,-1.13889310319673,0.275812973999896,-4.12922237369865,3.63992228356888e-05,0.000869963134498926
"ALB",702.27203077437,-1.23757023373676,0.193695282802416,-6.38926367142959,1.66686429185852e-10,3.7127112452396e-08
"AFP",3983.58543147894,-1.24925281755959,0.299995435168401,-4.16423942203764,3.12392173100694e-05,0.000781288650401977
"CXCL1",54.8809191132245,1.71910309686564,0.322270608574415,5.33434651229972,9.58892572151992e-08,7.93297695712193e-06
"CXCL2",117.455071333506,1.52205701120114,0.192063891806939,7.92474315125878,2.28618386037591e-15,1.63722677693493e-12
"EPGN",7.24517172057023,1.65904080627408,0.622840407621217,2.66366919354248,0.0077293531279959,0.0439333310575852
"LOC105377290",25.0682537667974,1.52511220266351,0.555299599316332,2.74646732059807,0.00602408871711818,0.0369248423784692
"SHROOM3-AS1",5.90163830447119,2.99363427756256,0.874856152833925,3.42185885972828,0.000621945898843616,0.00714224794299882
"TXNP6",3.47399173953953,2.24712202164207,0.861890165980285,2.60720229831868,0.00912854107677008,0.0490786204469636
"LOC107986290",3.53442261900763,2.73929515240384,0.867145057025731,3.1589814532294,0.00158321565462752,0.014255974279718
"ANTXR2",45.5148709621087,-1.76607413773835,0.348584359990151,-5.06641817719029,4.05370875663214e-07,2.55169635988127e-05
"LOC105377320",4.76753896287736,3.3471902266579,0.830434139934672,4.03065103624137,5.56225731152992e-05,0.00120376833501778
"GAPDHP60",9.72915307599121,2.2364276917426,0.732794198567464,3.05191784557599,0.00227384325604171,0.0184591377452066
"ADH4",34.3635367078421,-1.31178745969177,0.380911406736084,-3.44381248892515,0.000573573346045637,0.00675631724832303
"MTTP",185.637680885499,-1.55625211886229,0.219050648899595,-7.10453096888849,1.20731847625586e-12,5.56162231709771e-10
"KRT8P46",15.5964120248633,1.29904157340835,0.437444845463608,2.96961225370392,0.00298175849367546,0.0223758840830463
"LOC100288914",5.58511278702358,1.95498487215867,0.680104383073968,2.87453649882748,0.00404621000573962,0.0278934357912906
"CENPE",429.462634560951,1.03152942131496,0.266134333208857,3.87597274232721,0.000106199573161643,0.00196788161804662
"LOC107986190",4.49618415105028,2.80097973184694,1.00899135823111,2.77601954565539,0.00550289001707429,0.0346176529348475
"LOC105377359",3.85228627516373,2.59075877546046,0.874249819353243,2.96340784762994,0.00304253146829274,0.0227058432734998
"LOC105377374",1.86090562292702,2.91736786010564,1.06766940501946,2.73246366936258,0.00628626040160539,0.0379440774509052
"FABP2",10.3069515319796,-2.79974815896198,0.578353941791951,-4.84089059769756,1.29258522612926e-06,6.42142400696421e-05
"NDNF",163.234609875352,-2.21164026358742,0.272472872676328,-8.11691909680357,4.78167301879627e-16,3.87678921671926e-13
"COILP2",4.98194405011271,2.54592352454481,0.952399465509085,2.67316773764036,0.00751386691842457,0.043083046271442
"SCOC-AS1",14.5060734127069,1.47938296975793,0.514119076342268,2.87751036254693,0.00400826745314907,0.0276767210286801
"RPSAP36",7.63353134768817,3.7797444497066,0.770327610109357,4.90667139552484,9.26350401458878e-07,4.94306458468952e-05
"LINC02266",15.9303772835857,-1.18944914619714,0.448436594602894,-2.6524355070764,0.0079913392816591,0.044831568198159
"PRSS48",20.1850142388209,2.02066338113727,0.54202253169581,3.72800624139235,0.000193000599462847,0.00306337443266441
"LINC02273",4.15179034416329,-2.25135775071769,0.817805634078883,-2.75292521462445,0.00590653871330716,0.0364443327793068
"TMEM154",8.26834362499831,-1.50230860013499,0.567990202060575,-2.64495513247387,0.00817017495789974,0.045482360950747
"NACA3P",7.16477590183605,1.75802990866871,0.642297655392777,2.7370953231857,0.00619843293594444,0.0376606826075113
"CPE",11.5437041906172,-2.92183043677892,0.539849543798963,-5.4123050956342,6.2218561036479e-08,5.81155766658246e-06
"LOC102723331",2.17618451438883,3.57560880698122,1.05942148781364,3.37505784818497,0.000738001761110712,0.00810286489883318
"LOC105377558",5.81301409386089,2.39394963517441,0.699107791498346,3.42429259734559,0.000616402149550948,0.00711090220219019
"LOC105377572",47.3956971118102,2.34595286257736,0.70009447284524,3.35090898952997,0.000805467695674255,0.00861986521838515
"LOC105377581",3.78093307090651,3.21825848773649,0.949622177085543,3.38898834230425,0.000701509928391859,0.00779782985707234
"LOC285442",44.0450151943778,1.21689423585878,0.34595710858383,3.51747140227909,0.000435679293750625,0.00558203767701101
"LOC100421419",10.4777092906012,1.84264792673546,0.609332899974095,3.02404141777639,0.00249422289411927,0.0196637121123701
"ZDHHC11B",7.1247478536108,1.97101586881901,0.678906121835566,2.90322300156898,0.00369343538343265,0.0260481008304789
"LOC102724943",5.60353238076403,2.35599859261999,0.766055925800451,3.07549163614681,0.00210155822627211,0.0174647329595364
"PDZD2",17.1885655288239,2.11216359220835,0.466661829253891,4.52611175759827,6.00788169368631e-06,0.00021823253413858
"LOC646652",81.1926849677752,1.41385591923687,0.385022898663231,3.67213462925366,0.000240532902920869,0.00358690515067349
"PRLR",77.9731770207628,-1.40389374789855,0.338215706321232,-4.15088276995971,3.31195380841965e-05,0.00081271176444138
"LOC107986413",62.4774206940147,1.07453841281675,0.34679472417159,3.09848546682354,0.0019451251004626,0.0165288650768947
"LOC105374735",5.9040431242168,2.82775869380171,0.78396067186003,3.60701600896963,0.000309738557163139,0.0043225749043978
"GHR",4.69806611660459,2.79480847922377,0.88358720444846,3.16302507002498,0.00156138885009308,0.0141095811870426
"CCDC152",3.29770796966762,2.52299319770546,0.736674813052859,3.42483977054938,0.000615162104881767,0.00710468416173705
"LINC02105",16.0957782187468,-1.11397849819857,0.402452999717461,-2.76797166123903,0.00564063601615377,0.0352808138603922
"FLJ31104",23.6378223838877,1.33903290604915,0.380012791365581,3.52365219401514,0.000425642569894166,0.00548464669369667
"LOC101928419",43.1840334927234,1.26779869578186,0.337567848888618,3.75568556056468,0.000172867623292984,0.00283025351900282
"LOC105378977",4.48548990972938,2.46879786561259,0.731860934622086,3.37331554236792,0.000742687889465183,0.00812826178810464
"PLK2",931.296489071144,1.03650229137424,0.259298327980278,3.99733503662651,6.4059603525185e-05,0.00133171702959177
"LOC100421309",3.62136984954859,2.55712515828647,0.957964301624341,2.66933241035242,0.00760021909247663,0.0434185007850645
"LOC100421561",50.4357932142897,2.36280403534389,0.481935360246001,4.90274055453788,9.45087718385123e-07,5.01465522616441e-05
"MAP1B",26.857091993573,1.18446266868433,0.422769466855132,2.80167505353502,0.00508380515157941,0.0326915122517015
"LOC107986422",30.8740706793437,2.39113994811765,0.53703089541381,4.45251840915997,8.48689613639554e-06,0.000284197538754394
"F2RL2",8.5011661344835,1.91908177122756,0.68339416553952,2.8081623578283,0.00498250999702912,0.0322036017633238
"SNORA47",3.20583652084122,3.532763846898,0.898249496829748,3.93294275072396,8.39122280209386e-05,0.00164967696387624
"LOC100422441",5.29150219277391,2.89838231252306,0.903685376635716,3.20729137314725,0.00133991208244652,0.0125726205493597
"LOC107986426",3.90568695592993,4.49594442807235,1.22973412390781,3.65602965768346,0.000256151733033204,0.00375659338040848
"MTRNR2L2",5.03555358514263,1.94069352530632,0.717506167158776,2.70477608992714,0.00683504441052663,0.0403317365813578
"LOC107986428",9.46737094631436,3.03826530368724,0.710589196715688,4.27569869867142,1.90538772971741e-05,0.000547805728987831
"PPIAP11",39.7105292154113,1.20972755226546,0.376862729996927,3.20999519447126,0.0013273719139224,0.0124904834369977
"LOC112267943",9.24376471054341,2.24124233550109,0.78966244759155,2.83822833710381,0.00453647173707564,0.030180284061515
"ARRDC3",488.387320843438,1.43135968197965,0.25866136627551,5.53372041055043,3.13508579371339e-08,3.29248984211278e-06
"LINC01554",6.10651832127154,3.05308619556741,0.95938647535235,3.18233191107485,0.00146094289574286,0.0134294111355157
"MIR583HG",5.27825742227018,4.18916930527521,1.0064042853548,4.16251139451214,3.14766429410691e-05,0.000782822178861999
"LOC107986364",8.96812357820364,1.91730878387651,0.505516415545285,3.79277254885654,0.000148974599403886,0.00254545504405033
"LOC105379104",10.9202861739188,2.41847125111721,0.717779154866415,3.36938072765196,0.000753372883008171,0.00819651903687205
"GJA1P1",9.69828772530559,1.64635160245974,0.577158699425261,2.85251111020104,0.00433752961437094,0.0293743360353106
"NREP",18.315720878715,-1.89517464184119,0.416461023657031,-4.55066509033492,5.3476609357175e-06,0.000196718220519161
"MCC",33.9048113271767,1.00913693918687,0.28242760999831,3.57308175072864,0.000352804557635544,0.00474541386441188
"CCDC112",230.56819800371,1.08283779607592,0.251196292248314,4.31072364318782,1.62721163811309e-05,0.000485028716072269
"LOC101927190",6.84707526273833,2.37805435068425,0.605361442018315,3.92832147147604,8.55408169435599e-05,0.00167519499384446
"MIR1244-2",216.292309809759,1.21030438443416,0.302182761731082,4.0052065759834,6.19633068780606e-05,0.00130024341004775
"LOC102723444",7.28358700952602,2.44717288017533,0.702519064454203,3.48342558087953,0.000495040730762357,0.00609227721422114
"LOX",118.43797603909,-1.13793516975119,0.183975419444848,-6.18525655864761,6.20015486091946e-10,1.17449475585025e-07
"FBN2",10.7783224179086,2.98522225149848,0.686173227233074,4.35053734686807,1.35804321530052e-05,0.000420246991311851
"LOC105379173",18.1445391736594,1.38865970137112,0.529461425841783,2.62277785234932,0.00872161195294882,0.0474295546540667
"ACTBP4",8.85348184688774,3.07038852640663,0.765011755532176,4.01351809851697,5.98204135229289e-05,0.00127114293976657
"FSTL4",12.9515952679776,2.77973744255247,0.77568698937811,3.583581368022,0.000338915121206988,0.00460063787280171
"CTB-3M24.3",7.29149754191314,5.575683663544,0.875829916434975,6.36617174055844,1.93804423224254e-10,4.26980636340478e-08
"SNORD63",13.939505414273,1.95699947830489,0.485572558694209,4.03029257577408,5.57074694482547e-05,0.00120376833501778
"LRRTM2",22.7031439257889,2.00731541217842,0.521783536654081,3.84702711214359,0.000119559743367741,0.00215793093350021
"LOC105379195",5.37590864037187,2.52986940335883,0.788930267026733,3.20670851289966,0.0013426296356192,0.0125814887121432
"PCDHB19P",7.0649888085267,1.477678402596,0.459945092976083,3.21272783460881,0.00131480818933568,0.0123895151974174
"SLC25A2",2.89254458699188,3.90370556709633,1.17046755326452,3.33516769107236,0.000852479750075941,0.00901351698189319
"PCDHGA1",5.983905330358,-2.01962996100455,0.55582008790748,-3.63360375946098,0.000279489976711205,0.00400352108689712
"DIAPH1-AS1",16.0248912359195,1.47100728769462,0.556870993455232,2.64155846683166,0.00825255620331546,0.045815136040811
"PCDH1",643.87577466611,-1.28166363481557,0.145449915402269,-8.81171798052193,1.23242356034683e-18,1.92153793420538e-15
"ARHGAP26-AS1",5.9848583293814,2.19984688103983,0.813456929900054,2.70431881539213,0.00684445846928089,0.0403755322217271
"LOC100431175",12.8158063530378,2.52897740461013,0.801343319022122,3.15592249236724,0.00159991369240071,0.0143671661864481
"CTB-99A3.1",2.5500251669083,3.07491320651497,1.14985769409053,2.67416848390709,0.00749148038508144,0.042984944346564
"KRT8P48",2.89884975923314,2.54872974953723,0.939617212642385,2.71251922085347,0.00667739087466448,0.0396001036044564
"LOC107986461",4.59337673820167,3.34638063456193,0.991892871541005,3.37373191256329,0.00074156550847858,0.00812036266415577
"IRGM",14.8784719988523,3.92688271153373,0.607253076702082,6.46663287876639,1.00210709862461e-10,2.47703765634417e-08
"PPP1R2B",3.8139758541884,2.55154234781123,0.74595822186736,3.42048961056283,0.000625085232996221,0.00716461606146607
"ATP10B",10.7487324309136,-1.64566793525431,0.599153916881781,-2.74665305339064,0.00602067868650717,0.0369237931306547
"TENM2",4.04819480979889,3.11432979199725,0.797597188685317,3.90463988110417,9.43657982102357e-05,0.00181623205467291
"INSYN2B",12.2605957500871,1.55421878513605,0.377412861166238,4.11808643810755,3.82031410964253e-05,0.000902493551146206
"FGF18",20.0428735721577,1.00987137939607,0.317923078484417,3.17646452157632,0.0014908202347001,0.0136483447773877
"LOC107986476",6.87279907717966,2.42306742368521,0.683070313984698,3.54731771250637,0.000389174962353222,0.00511691563276945
"KLF3P1",6.6838619938216,3.2314491390048,0.869478910771614,3.71653538570254,0.000201973364930561,0.00315392768395804
"DUSP1",2236.73699274335,1.15742787994462,0.173381950647838,6.67559613685228,2.46229187772284e-11,7.79815532336942e-09
"LOC105377735",3.98252976602975,2.44645191364298,0.904457788375493,2.70488235613193,0.00683285834055263,0.0403305782482997
"LOC643201",41.8269398022817,4.98876973373022,0.859275613797754,5.8057853075584,6.40650104743341e-09,8.26813449723683e-07
"CDHR2",193.037474949295,-1.23987454485081,0.227050444950728,-5.46078887940464,4.74023482467305e-08,4.68682047128283e-06
"LOC107986489",11.823527105104,2.55307499994653,0.621968685197103,4.10482884542243,4.04614332584815e-05,0.000938344154137484
"ZFP2",8.55028818892857,2.00988231752168,0.547364485892719,3.67192678612256,0.000240728653796379,0.00358690515067349
"BTNL3",57.7478059244417,-1.7533287684379,0.357482592002681,-4.904654961282,9.35917100596662e-07,4.97902984566765e-05
"LOC107986514",8.42692133250478,3.0504302784685,1.04980188582653,2.9057199454989,0.00366409232102433,0.0258771732595269
"LOC107986513",85.1598093900785,1.32397649735893,0.38710018884254,3.42024244761473,0.000625653482105429,0.00716461606146607
"LOC107986512",15.1367006501871,3.29367815617678,0.628782752785822,5.23818145708376,1.62166579084207e-07,1.22647551920067e-05
"LOC107986556",9.97030171283849,2.01666684707221,0.572520281311293,3.5224373928785,0.000427598024516071,0.00549935555768797
"LOC100507336",15.0784982180569,1.21329208481871,0.428942213655232,2.8285676862616,0.00467568125630557,0.0309003532390145
"LOC105374897",19.1530108238363,1.81175095526214,0.480025565115518,3.77428013615512,0.000160470360533796,0.00268364169773888
"LOC101927972",2.90088873738422,3.33796354022672,1.03349865615757,3.22977056655001,0.00123889594251856,0.0119179790502651
"LOC101927950",6.34263378187692,2.79653910677392,0.985752180768088,2.8369595942409,0.00455453754669861,0.0302508287590749
"LOC107986515",30.3491568991676,2.18504485163755,0.510458572598189,4.28055275968011,1.86429682102132e-05,0.00053828251090144
"HULC",15.5491583554778,1.26915305727238,0.432897510503281,2.93176335386379,0.00337043465323859,0.0244507301311714
"LINC02522",10.5140764229886,3.74942963681959,0.672911345621349,5.57195187927388,2.51901007146298e-08,2.80537445815841e-06
"MAK",47.6101603295431,1.73345499040502,0.29079623451082,5.96106408778315,2.50600651030978e-09,3.90724968903607e-07
"LOC107986570",5.22018416819038,5.1370919116562,0.941916386073867,5.45387253859,4.92845348438592e-08,4.82583689251296e-06
"GFOD1",21.6800927599228,1.2176491956096,0.334609494511927,3.63901567522973,0.000273682142055859,0.0039314410611837
"LOC105374952",44.4419420206499,1.02231821190222,0.266848034953056,3.83108765287353,0.000127578042432516,0.00225840990573334
"RN7SL128P",2.69791062670193,3.46261075116542,1.12564268729873,3.076118905436,0.0020971419552011,0.0174423349569024
"H1-3",331.386395571975,1.01845443540317,0.270846733165446,3.76026110228567,0.000169736102715872,0.0027970577771935
"LOC112267954",4.03181929778999,3.87027107043933,0.946324987983249,4.0897906317442,4.31762750519722e-05,0.000986628995522462
"TRQ-CTG6-1",7.83601857639243,2.80650221788959,0.764124564532465,3.67283339412962,0.000239875886451338,0.00358029774851412
"ZBTB12",1.78826110416269,-3.22058013579076,1.04094176500963,-3.09390999962517,0.00197537400674677,0.0167316572263896
"BRD2",888.893029675632,1.003632268487,0.184466678965804,5.4407238972034,5.30645017098458e-08,5.0974615410278e-06
"RPS10P13",8.97190944644303,1.21960372107562,0.445425910622893,2.73806191330472,0.0061802439709432,0.0375726949751193
"SCUBE3",28.968070671578,2.28481260082465,0.491960218837219,4.64430357036786,3.4122552262516e-06,0.000139723234708876
"RPS15AP19",33.4598628402831,1.34940895568778,0.413156116949455,3.26609942423499,0.00109039957676562,0.0108712784168531
"LOC107986592",11.2302053854992,1.83489649480171,0.570996695641019,3.21349757154338,0.00131128906894537,0.012375076947041
"LOC102723648",2.6864693316757,2.58697720244062,0.904730071845392,2.85939119627573,0.00424454995907736,0.0288991545584612
"PRPH2",4.05814449659344,2.84635438446918,0.868114694800241,3.27877687305379,0.00104258034225789,0.0104821730938617
"LOC401261",21.6284448593217,2.01597295743206,0.460547772855341,4.37733732796767,1.20137964083191e-05,0.000378117452484813
"CLIC5",92.4812885450498,-2.3624352792012,0.287773326851771,-8.20936153133493,2.22367741057302e-16,1.95963988847411e-13
"MEP1A",245.753880678617,-2.03468209023936,0.21540183469102,-9.44598310018105,3.52083490523914e-21,7.92931141047691e-18
"RN7SK",6209.39554752762,1.05904321722695,0.321510314495477,3.29396342661303,0.000987853510148215,0.0100617099483388
"RPS16P5",7.75782911840854,2.38879816441529,0.710927938854875,3.36011293671064,0.000779106168051747,0.00840431235776523
"KRASP1",2.61274650406866,3.1965135065399,0.997975233681986,3.20299883068892,0.00136004533267319,0.0127150748547899
"ZNF451-AS1",6.83054784331766,1.54532382979748,0.581436444301972,2.65776912496891,0.0078659758803942,0.0444183816303776
"FILIP1",2.43309203126828,2.33970273032024,0.855865538437683,2.73372699944337,0.00626219415124665,0.0378664717337764
"PHIP",4083.78061458019,1.05694994641305,0.193889982866433,5.45128701744825,5.00065863387416e-08,4.87299758894209e-06
"LOC643562",8.51709779216586,1.39270183155181,0.521988689131722,2.66806898415448,0.00762885925059792,0.0435085391531709
"LOC105377872",18.7698131017866,1.71791566828324,0.631811178944063,2.71903335289883,0.00654730058359537,0.0390545131044422
"SNORD50B",13.1464208984061,1.59222463615042,0.569408316028591,2.79627921006772,0.0051694718917202,0.0330536091303949
"HSPD1P10",3.05074557586004,4.49399869399011,1.30921363102864,3.43259387733322,0.000597836872568556,0.00695611685998396
"SCML4",28.4441284809655,-2.01405161916345,0.518639611498064,-3.88333550795698,0.000103033243038925,0.0019247749337843
"LAMA4",29.6675248531133,-1.48027037717376,0.317447060562653,-4.66304641331402,3.11562449264341e-06,0.00012940695254383
"HDAC2-AS2",14.5571697393681,1.36820844530098,0.432786802242097,3.16139133220522,0.00157017393251876,0.0141574090027681
"ROS1",48.8789249464439,-1.94343905494743,0.359850159103127,-5.40068971982995,6.63851616690746e-08,6.0339051204954e-06
"LOC107986526",6.88212632339224,2.46103496224606,0.926052755180687,2.65755373922069,0.00787100405548613,0.0444183816303776
"LOC100126584",3.4883599588457,3.55197280103793,1.05406830398532,3.36977479315931,0.000752296400562926,0.00819360330091883
"LOC101928096",42.0305553863776,1.66011134557189,0.446675799124652,3.71659120289301,0.000201928769809372,0.00315392768395804
"LOC105377994",3.87520806377464,2.18998985264505,0.828642139382211,2.64286565763815,0.00822076459156988,0.0456644861450138
"LOC112267974",14.3117858085814,2.6835881048172,0.525743116792746,5.10437135380529,3.31895962546782e-07,2.19127011884714e-05
"IL20RA",29.7974902111572,-1.35468516997067,0.364335714152474,-3.71823325945953,0.000200620980739462,0.00314979601751212
"PHACTR2-AS1",20.9841796088273,1.96279020001795,0.489126053158343,4.01285146710952,5.99896632731814e-05,0.00127322563862211
"RPS18P9",35.8261390763625,1.12017902384936,0.353273628519163,3.17085378986505,0.00151991623588752,0.013853808543509
"LOC107986660",7.7927572596788,1.94985665123386,0.601640330807415,3.24090083624731,0.00119152624931013,0.0115665926950513
"IYD",53.5498457368421,-1.30485376749176,0.249283794571756,-5.23441072346225,1.65512045301587e-07,1.24712403205125e-05
"IPCEF1",24.8679502332133,1.29650601367021,0.392030669223289,3.30715455563443,0.000942488759355641,0.00975155929728407
"LOC105378067",7.21137155645736,1.48126987863454,0.534511748290037,2.77125785050241,0.0055840188292426,0.0350086779223389
"LOC112267967",16.5961035607585,1.64728983978121,0.489959989768713,3.36209052612401,0.000773547592860859,0.00836235073033853
"SRP72P2",16.8992277515001,1.88522396917671,0.675165027759051,2.7922417359708,0.0052344234690248,0.0333113121801142
"AIRN",3.56177479747655,2.69934383799002,0.794881328943456,3.39590796726594,0.000684013544549241,0.00766829122481669
"SLC22A1",11.1458336806406,1.41069113514327,0.540885099157453,2.6081160995944,0.00910420697515045,0.0489739036639609
"LOC105378120",17.3730241581117,1.96700279474046,0.525138001890488,3.74568739580697,0.000179900496839312,0.0029124625961949
"CCR6",20.7179679186079,-1.45489181125798,0.433383276507041,-3.35705572901668,0.000787772326008783,0.00846105545224758
"LOC107986673",18.8720787044965,1.94967441841801,0.491872886922969,3.96377696403368,7.37731821044384e-05,0.0015013138836093
"LOC105375119",10.3839228969246,1.25492907889365,0.471093862887211,2.66386208303058,0.00772492267252723,0.0439204649788091
"CYP2W1",256.016813965247,-1.64552141820566,0.285753101040844,-5.75854264472343,8.48432342748381e-09,1.05502301565441e-06
"LOC107986755",19.2004725197445,2.43127306648307,0.549099544525418,4.42774555310258,9.52231386563886e-06,0.00031279839669572
"LOC105375120",24.658019463589,1.25303906883061,0.361477235932635,3.46643977620799,0.000527399869513148,0.00637594226421026
"LOC105375127",18.6093847460102,1.69986329595957,0.462713649160424,3.67368306304322,0.000239079250297121,0.00357894927937396
"LOC105375126",29.5238920080129,1.55006005134316,0.48421050961176,3.20121108603362,0.00136851238074961,0.0127767745027241
"AMZ1",9.97342629873269,1.94319475426325,0.576112673043632,3.37294221284399,0.000743695589929408,0.00813039001174359
"RADIL",4.23814744414348,2.3098001784157,0.793700024627862,2.9101677041004,0.0036123486713839,0.0256009423847134
"ANKRD61",16.5231768666325,1.47265961529754,0.414508467225558,3.55278536323886,0.000381175338994444,0.00503653386315409
"LOC100421597",9.19424710699105,1.95655817526115,0.651968660250048,3.00100034641352,0.0026909425888663,0.0208232933175152
"HSPA8P8",53.2672902468429,1.23137119219141,0.442615583227371,2.78203307532183,0.00540195344561819,0.0341521100087504
"LOC105375161",22.5461921628803,1.3429251423786,0.330354163035261,4.0651073685282,4.80103548524696e-05,0.00106936470604913
"LOC105375166",19.1978564617647,-1.18552205224993,0.428109061834738,-2.76920569531783,0.00561931461630401,0.0351753823217622
"LOC105375170",17.4398054087048,1.43794953324534,0.350864460504843,4.09830488723863,4.1618684857073e-05,0.000958760971895437
"HDAC9",258.220201652887,1.1701497432137,0.400650172937852,2.92062707631782,0.00349327700161367,0.0250372105890054
"LOC105375181",6.31743514528277,2.85630725824609,0.765658480849418,3.73052389503648,0.000191082018684127,0.0030376795582028
"LOC105375184",13.4600504627887,1.85273012643892,0.658391678691659,2.81402421446247,0.00489255428488934,0.0317972160997761
"LOC107986699",45.5065663588681,1.13839539991526,0.393623315305433,2.89209341939494,0.00382684139164243,0.026802435441327
"CREB5",172.351376362985,1.16468875577589,0.236602209427593,4.92256077656077,8.54190237532657e-07,4.66673367238529e-05
"RP9",698.085706846977,1.11620370428498,0.264416132728954,4.22139032427788,2.42800084163122e-05,0.000651829788861233
"AOAH",25.3021025777901,-2.32058021434664,0.456634134345006,-5.08192454266538,3.73629843181883e-07,2.40640786522283e-05
"LOC107986785",4.63586361146402,2.64412976431931,0.69653621942159,3.79611237806846,0.000146982890490892,0.0025224451023371
"LOC112267984",3.57744065681623,3.47584079437016,1.09213275027537,3.18261749177814,0.00145950287037724,0.0134222611976752
"LOC105375252",11.6537925906417,1.18126712104117,0.370367253980411,3.18944806363375,0.00142544750197605,0.0131568285143682
"AEBP1",3.40158668833328,3.96930863467524,1.40671559575707,2.82168524088839,0.00477720390957169,0.0312755639674123
"LOC105375259",8.46585857677933,1.66408981049489,0.541279521551363,3.07436314184848,0.00210952483913008,0.0175022345330854
"LOC102723446",2.25271055699486,3.45660441317801,1.22476119061245,2.82226807942005,0.00476852979895892,0.0312682714139126
"DDC-AS1",2.24574171777231,3.05608970607492,1.11471898119701,2.74157860198382,0.00611447293305513,0.0372734592120585
"LOC107986798",8.7487718296126,1.59973381629612,0.456391679961166,3.50517743100015,0.000456303072025663,0.0057589084476265
"PHKG1",12.3408714206411,1.67264865678622,0.604819878365017,2.76553188249668,0.00568300494355067,0.0354645403943438
"CCT6P3",32.9947499447623,1.35353030119776,0.270500741423303,5.00379516180193,5.62124882194086e-07,3.35705670041796e-05
"SKP1P1",15.6452438165563,1.29460917729821,0.414427961143301,3.1238461172521,0.00178503784951722,0.01558055867308
"LOC100420547",10.8617534454627,1.65284530866755,0.553143598612397,2.98809443481555,0.00280722800485449,0.0214634871483952
"LOC107986707",7.27860255809291,2.45207993620139,0.84740202089434,2.89364419217869,0.0038079940273683,0.026685300864287
"GTF2IP23",10.9637941256552,1.22222483566902,0.443383254703142,2.75658772112929,0.00584079436167733,0.0361739353260312
"SPDYE21",18.8571218947233,1.65796033922693,0.35997591881963,4.60575347557533,4.10975037575127e-06,0.000160831795312999
"TRIM74",109.383221038588,1.1007023456124,0.341823283386701,3.22009178165662,0.00128149560986613,0.0121775126659056
"GTF2IRD2",13.7000431562683,1.57020130211512,0.44219965473877,3.55088767096102,0.00038393424135317,0.00505979397788518
"LOC107986811",2.08270828732242,3.68624779761254,1.24962911834684,2.94987348125271,0.00317904081856991,0.0234739447546789
"SPDYE5",18.1229721103325,1.32336521986588,0.35831467822287,3.69330451777572,0.000221358684519429,0.00338109960551945
"LOC105375361",5.79816789809352,2.27387054020672,0.820900593979216,2.76997063576774,0.00560613465630405,0.0351145684019243
"HNRNPA1P9",8.8262698922941,1.89226881748792,0.654938782617673,2.8892300589146,0.0038618642072053,0.0269899452682087
"FAM133B",1675.7108588606,1.30095874359808,0.33527600062556,3.88026205624841,0.000104343980381953,0.00194210113715501
"LOC112268009",49.3594237772567,1.6299803462428,0.409251745074928,3.98283053367158,6.80993161155045e-05,0.00140417603086995
"HEPACAM2",13.3318983539283,-1.19809876603868,0.445802849662734,-2.6875080922993,0.00719873579632248,0.0419284988090978
"PPP1R9A-AS1",6.35172304954057,2.9025546094565,0.892750842438759,3.25124824472581,0.00114899484998338,0.0113053284535501
"COL26A1",12.0241642646152,1.36105894599428,0.423162503417927,3.21639780226477,0.0012981075841691,0.0122950199175343
"LOC107986717",3.04300228266964,3.1053822316693,1.10043169309712,2.82196727988571,0.00477300467485547,0.0312682714139126
"SPDYE6",14.8616934515294,1.70601543493025,0.440198416992828,3.87556013168954,0.000106379704397081,0.00196863731669129
"SPDYE2",25.8260266774962,1.50183124561925,0.468270204931927,3.20718941713913,0.00134038708010833,0.0125726205493597
"LOC105375434",4.21802462906283,2.25894496304732,0.836628377840924,2.70005778297522,0.00693274339478505,0.0407639982635663
"DPY19L2P2",16.9797230118945,2.04455430151036,0.470716515849412,4.34349387087247,1.4023439185588e-05,0.000431321834374328
"DNAJC2",2756.73850995206,1.00359309021159,0.226713014333567,4.42671142264019,9.56805989201966e-06,0.00031279839669572
"KMT2E",2113.97938987446,1.0861462374923,0.198650410569592,5.46762644173746,4.56101838949617e-08,4.53172949689695e-06
"LINC01004",188.424843564755,1.77970002780651,0.30545197547752,5.82644792204816,5.66195243696034e-09,7.50079176109472e-07
"KMT2E-AS1",53.94523908423,1.11132368530334,0.349564807564352,3.179163523487,0.00147700740637665,0.0135463634026463
"LOC101927923",7.1620729412656,3.04573025428941,0.786319336562377,3.873401190418,0.000107326932259759,0.00198305340927352
"EFCAB10",9.12470751731771,1.20967845982043,0.44958325355215,2.69066618977192,0.00713095075979374,0.0416054234168853
"SLC26A3",68.1663245067793,-2.20358954898264,0.367257478553286,-6.00012165215286,1.97169754100026e-09,3.14679822508143e-07
"LOC105375457",2.86351891657101,2.55574945021157,0.938493951900443,2.72324552016153,0.00646439967278156,0.0387309834370705
"LSMEM1",20.5004407136106,1.13353351383018,0.339050354119855,3.34326007938477,0.000828002580178873,0.00880986052369847
"ST7-OT4",11.7102078821354,1.75407482853429,0.481413095261317,3.64359600060767,0.00026885530896096,0.00387431719085989
"TPM3P1",16.8010806550746,2.98406936861947,0.712870948357311,4.18598818691623,2.83928115231081e-05,0.000734985819619257
"LOC100196944",6.33183849900941,3.60648833645651,0.908233277599802,3.97088328010555,7.16066565267037e-05,0.00146176940511727
"LOC105375492",17.5707330535142,1.67825589647935,0.571191369584941,2.93816746163175,0.00330158634945693,0.0241038360421774
"SND1-IT1",29.5954429681657,2.1834331594458,0.43722140186232,4.99388444880691,5.91768118183104e-07,3.48678720565504e-05
"LRRC4",34.8212604939191,2.47232946329555,0.610315334603197,4.05090503731643,5.10199117741729e-05,0.00112282583251977
"FAM71F2",7.48902835256002,2.5561794270666,0.677127145116729,3.77503611471069,0.000159984483648203,0.0026799384289797
"ODCP",15.0395817107969,1.24372220686596,0.343677203703754,3.61886733674087,0.00029589526759096,0.00419112591111192
"LOC105375514",4.10817691416424,3.44334395450095,1.08938040858152,3.16082786818659,0.00157321438179324,0.0141749307564122
"AKR1B15",2.18483929109858,2.43279478047742,0.910657289723525,2.67147126359249,0.00755195383833585,0.0432524872419411
"LOC107986852",34.5565112269562,1.02904570470913,0.338827266334993,3.03708056273054,0.00238881601198438,0.0191152434847657
"TAS2R4",12.2285210384776,2.29609629615499,0.664074575195737,3.45758802086078,0.000545034162256959,0.00650832939295048
"TAS2R5",5.51309720481386,2.40351900781953,0.793522223666266,3.02892463013158,0.00245425903358261,0.0194317876373773
"ZNF767P",47.0509528456678,1.31175178819017,0.250953793369067,5.2270649930405,1.72221974841766e-07,1.2928767437288e-05
"GIMAP2",14.1345055369863,-2.49343818765326,0.455250672355427,-5.4770664582491,4.32434838983457e-08,4.31774470510132e-06
"TMEM176B",127.966226142751,-2.10522920256973,0.37650098193014,-5.59156364420945,2.25033777861003e-08,2.54816181199143e-06
"TMEM176A",100.296723779356,-1.86188691039128,0.343362065681562,-5.42251779239358,5.87653630734325e-08,5.51442196358983e-06
"AOC1",143.794533571331,-2.75340671655107,0.338762678815826,-8.12783369813888,4.37030225398746e-16,3.69090234941966e-13
"NOS3",15.1522300094161,-1.05627953131293,0.379900016786815,-2.78041454234964,0.00542895466130214,0.0342482048023446
"ETF1P2",10.9425475093915,1.56805990076846,0.513128013789609,3.05588441603072,0.00224397742111494,0.0182957274129439
"LOC731075",13.1589650580379,1.51068002214514,0.576021330526994,2.62261125080739,0.00872587741403201,0.0474295546540667
"LOC105375591",21.5203177788042,-1.45055609872693,0.389754304587868,-3.72171925146733,0.000197870951867124,0.00311627530955302
"LOC777650",39.6234800954891,1.22079818043486,0.363214961788339,3.36109001243808,0.000776355202167696,0.00838356078462283
"LOC105379752",30.9525881795708,1.36833585562125,0.421543268947437,3.24601519326327,0.00117032593429068,0.0114264626021859
"VIPR2",4.09628855091418,2.59621319039581,0.917934011342892,2.82832225226918,0.0046792677901528,0.0309039031732183
"ANGPT2",16.1739537412328,1.35681217316385,0.425803719005872,3.18647328006344,0.0014401879011769,0.0132747469617802
"LOC105379308",7.58136295475822,2.80897414533336,0.755913970991829,3.71599712814902,0.000202403880635723,0.00315578788969651
"RPL21P77",5.1264806381417,2.44070293077367,0.922050262601073,2.64703891942781,0.00812000071673912,0.0453025858870314
"BIN3-IT1",7.25242254029247,1.38521242441687,0.510831169655636,2.7116834420082,0.00669424888703343,0.0396625930111899
"LOC105369180",15.506597473793,2.5255016637169,0.533590827416478,4.73303050568689,2.21192229839563e-06,9.87520992647161e-05
"LOC286059",11.5315993929597,1.77853024925171,0.498855006748024,3.56522481521382,0.000363544429820934,0.00485740411868195
"STC1",13.0749031572771,1.58680757988943,0.400540946423039,3.96166133340457,7.44300634221565e-05,0.00151164624799969
"EXTL3-AS1",2.40456494973715,4.19387517912631,1.08505538957802,3.86512542991682,0.000111032125203397,0.00203481929995268
"LOC105379346",2.07179788157896,2.64507115096945,0.972921969367114,2.71868786423856,0.00655414249403175,0.0390757676835393
"DUSP4",345.813718832389,1.05426816706992,0.177311679834367,5.94584726767439,2.75030502997441e-09,4.13577750810722e-07
"LOC112268025",28.4729777441603,1.67790134165066,0.40627173555853,4.12999772023011,3.62766831643457e-05,0.000868452840946316
"LOC105375818",7.77314844617113,2.70104779252083,0.777724863256496,3.47301201251427,0.000514652319990427,0.00626892300113339
"LOC105375884",7.07307126027903,1.83508081210506,0.43122895995938,4.25546747203137,2.08612692743437e-05,0.00058809049641401
"LOC105375886",16.8480047504754,1.92978623117778,0.412963866716299,4.67301472771108,2.96810474030252e-06,0.000125334406210816
"SLCO5A1",107.305087903321,1.79039782301898,0.369790319160451,4.84165682618135,1.28760995779725e-06,6.42142400696421e-05
"HNF4G",256.049093791455,-1.03806985745436,0.156805004328086,-6.62013219477608,3.58877786339974e-11,1.10213543201893e-08
"LOC105375919",3.86819885470833,3.34067679753529,1.08641316789042,3.07495978166591,0.00210530941238387,0.0174776253349246
"LOC105375918",4.60461475291933,2.91311613984161,0.994823723330178,2.92827369465008,0.0034084986010964,0.0246123470415472
"CA3",6.90477336784686,1.44768790603405,0.55218184998743,2.62175931002985,0.00874771861234344,0.0475242533062927
"NTAN1P2",8.83571264569202,2.51399620578662,0.737947819482903,3.40673979841588,0.000657437701581541,0.00743240594684126
"SLC2A3P4",10.3098964698589,1.823247567765,0.559292404380317,3.25991834232957,0.00111444294283303,0.0110511956987685
"LOC107986871",5.94423673078603,1.84514052809038,0.683907603630813,2.69793831548979,0.00697703675301722,0.0409668476091848
"LOC100421893",5.30159720976457,3.11920784172063,0.945702715554978,3.29829637836046,0.000972734022528504,0.00994770227176097
"LOC100132813",5.1047056574657,1.61648184288453,0.506466677340073,3.19168449812766,0.00141445743242509,0.0130971391949859
"SNORD168",1.96006219911593,3.3380090090295,1.18576394800537,2.81507041485324,0.0048766547338192,0.0317625047557138
"LOC105375724",39.7485579654611,1.93672187879423,0.580948602352736,3.33372327767183,0.000856918641871838,0.00904629372505223
"MAL2-AS1",9.60085479131521,1.8922177851829,0.493579784166188,3.83366143809851,0.000126249877763327,0.00223685207376299
"NCAPGP1",5.45046060954569,2.06138263300736,0.78197365778082,2.63612797246572,0.00838580988043816,0.0462257221829212
"LOC107986874",41.5634539607272,1.77619478925469,0.345380573391147,5.14271770358992,2.70792364308551e-07,1.87968850416782e-05
"ANXA13",40.008212006287,-2.96198542903511,0.453945355587662,-6.52498234110276,6.80095463136607e-11,1.83670287347931e-08
"RNF139-AS1",12.4302701725479,1.74600682701923,0.454357591935921,3.84280324134096,0.000121636982712044,0.00217989390149463
"RN7SL329P",4.84063674892507,3.76926626481254,1.09172278516698,3.45258550616037,0.000555241468737831,0.00660844940096717
"LOC105375752",85.3238270024718,1.03890927094246,0.292393711983797,3.55311769153242,0.000380694104330387,0.00503345649098018
"TMEM75",24.8698668666529,2.8610249506115,0.434352225428102,6.58687761480132,4.49172226529328e-11,1.31114913503505e-08
"RNVU1-32",9.94045100875329,1.82794886788241,0.517352662728428,3.53327430121289,0.000410446376894887,0.0053305972270692
"ASAP1-IT2",17.2799950434516,2.25392428409617,0.6708797137121,3.35965485023358,0.000780399028065636,0.00840930776175565
"ASAP1-IT1",12.054037701775,2.75163670875469,0.849141577247088,3.24049226004865,0.00119323511546731,0.0115729497807748
"LOC107986982",20.1717256561231,1.88205076762749,0.555143176715893,3.39020787170851,0.000698396445616844,0.00777791074516913
"ARC",8.35398587894217,2.57038281936962,0.712211254818271,3.60901741159017,0.000307358982196454,0.00430831108125521
"SLC39A4",81.4788028376476,-2.13806990540062,0.241685250799166,-8.84650552042705,9.03024659660272e-19,1.52528390222117e-15
"LOC105375947",9.49934654787696,1.22228148059827,0.398578221503101,3.06660377977718,0.00216505636264326,0.0177954287974113
"LOC105375964",3.25135915887475,4.35199547098642,1.1257725828386,3.865785627869,0.000110732170740076,0.00203115870473357
"AK3",40.8333008908913,-1.93169406625704,0.298408328018886,-6.47332492052562,9.58694861478587e-11,2.39898594411228e-08
"RPL7AP48",3.45687948676587,3.1485273146118,0.971033296635969,3.24245041392453,0.00118506568365928,0.0115149071630345
"HACD4",3.49406638092496,3.60942167754566,1.36726778805778,2.63987911444392,0.00829356042372646,0.0459421088353407
"TCEA1P4",3.66124808227823,2.12723798152834,0.80080808072907,2.65636428092941,0.00789882381880883,0.0445096636039578
"ANKRD18B",211.9465620208,1.00825116921931,0.213136817892805,4.73053496428946,2.23928953432169e-06,9.97541968597062e-05
"LOC114224",6.65419855187151,1.7696708188535,0.61776026404045,2.86465627827694,0.00417462105874512,0.0285477038595495
"LOC730098",13.9475706128165,1.32770176855156,0.50387760186243,2.63496881711772,0.00841450130206885,0.0463208926919157
"LOC105376026",5.02056025552195,2.45873356319652,0.770820432234496,3.1897617919507,0.00142390107627913,0.0131545355128084
"RMRP",1627.98375232265,1.0724376503557,0.353133090747769,3.03692199472099,0.00239007298172436,0.0191177542488442
"TPM2",40.9519612982184,1.29694834616404,0.346074237605698,3.7476015410362,0.000178533570463873,0.00289727537208346
"HMGB3P24",3.53292386161362,2.00999304414653,0.757581712527561,2.6531699629344,0.00797397079411804,0.0447837112845604
"LOC105376033",35.6570381562041,1.54895522850897,0.399502736466608,3.87720805671737,0.000105661997756366,0.00196302752751951
"ANKRD18A",9.86147324291992,1.40725584914094,0.537579563808343,2.61776292084395,0.00885082743147776,0.0479672249220916
"MAMDC2",17.3994385979081,1.42719182755023,0.468039170759171,3.04929996614448,0.00229375328480447,0.018551480624947
"LOC107987081",20.7922407809044,2.00737543066509,0.481756973710684,4.16678022365402,3.08932074784406e-05,0.00077611068591194
"FRMD3",31.9684685106903,-1.51730180771191,0.33872872721552,-4.47940102448562,7.4852788232671e-06,0.000259840713811468
"OMD",4.88778883088266,2.28439214390757,0.870560552125548,2.62404738915637,0.00868916944466132,0.047330703776989
"LOC107987100",26.9093324395192,2.55700609880577,0.536538637331132,4.76574457251561,1.88157504280441e-06,8.62842636710467e-05
"LOC112268051",2.26345561121036,3.57241735827527,1.17021919435876,3.05277624525106,0.0022673493287807,0.0184269861848661
"COL15A1",1.7776724646644,3.56269732581667,1.25469252436067,2.83949832859014,0.00451845318160852,0.0301264893217181
"NR4A3",21.8005178398319,1.09644762969192,0.338360548693773,3.24047124856817,0.00119332305697466,0.0115729497807748
"UPF3AP3",10.315772405291,1.79864952418665,0.633655783582576,2.83852774769514,0.0045322178653416,0.0301686449630899
"NANOGP5",7.55941410605029,2.34011257027103,0.764056974264967,3.06274616827134,0.00219316005568833,0.0179753987742607
"RALGAPA1P1",18.4503878437409,1.369387950009,0.328126170432441,4.17335791352536,3.00142870810922e-05,0.000761247723394904
"ZNF483",6.85302648130315,1.36558450886653,0.49745862834156,2.74512176704854,0.00604884491978918,0.037040494767132
"LOC105376240",5.26621231752996,2.27905892652319,0.680055181605932,3.35128529002787,0.000804373881633724,0.00861725909452111
"TRAF1",54.5316268409293,2.46427006285881,0.468930957180217,5.25508078561713,1.47959509946393e-07,1.14030087722564e-05
"GSN-AS1",12.0076364945352,1.45200233309511,0.475358121111921,3.05454407657682,0.00225402890637318,0.0183431646690517
"LOC105379839",12.3495330610261,1.92891144469298,0.627991397833466,3.07155711264137,0.00212945422092476,0.0175955595613224
"GPR21",21.6850818960758,2.08942384615612,0.571553842268993,3.65569031582638,0.000256490840100933,0.00375659338040848
"LOC107987128",12.5201595039078,2.330209253179,0.804117237382529,2.89784765809029,0.00375733048664203,0.0264068417592744
"ANGPTL2",12.483122946985,2.08996213597191,0.689797999067273,3.02981762602661,0.0024470145073068,0.0193895766413611
"TMSB4XP4",39.5035683383862,2.25563739340868,0.447130653052727,5.04469415820322,4.54247365335459e-07,2.82427602698909e-05
"GFI1B",13.3446082846613,-1.12011516279093,0.409081819542428,-2.73812012482935,0.00617915010212476,0.0375726949751193
"CEL",40.7271238552063,-1.69256202999287,0.360987229798481,-4.68870333983207,2.74941629330994e-06,0.000117818010251795
"CELP",34.6138578136008,-1.66345337155527,0.50854402469721,-3.2710115364067,0.00107163538754551,0.0107105412574753
"SARDH",1.89141817531359,-3.94768504485433,1.23163733102066,-3.20523334704614,0.00134953024961284,0.0126367307528472
"COL5A1",52.6506342942771,-1.93105287034308,0.359473744969021,-5.3718884824523,7.79162920644519e-08,6.68593973039378e-06
"SOHLH1",49.0281373560498,-1.04796412464189,0.277482682530043,-3.77668298103044,0.000158930810765631,0.00266890522237661
"C9orf163",3.38346951372196,2.28343005554244,0.786762329902521,2.90231238679838,0.00370418960847156,0.0260785756075408
"PITRM1-AS1",9.76820721257136,1.44272284197244,0.393377612850596,3.66752655678039,0.000244908120791135,0.00363932749289994
"KLF6",6714.94204279454,1.05959876940637,0.146572288907972,7.22918893674133,4.85887064032575e-13,2.40205973192104e-10
"AKR1C4",6.63111119647538,-2.96024686994442,0.784399282469516,-3.77390308240046,0.000160713216377077,0.00268548737242124
"TUBAL3",33.5847894849747,-1.33508039833159,0.308420839338097,-4.32876196432386,1.49949896146752e-05,0.000457042773683988
"TRV-TAC3-1",1.90646470517576,2.79037135943619,1.04106542719239,2.6803035491837,0.00735554251103494,0.0425483707637464
"LOC105376392",5.91761925423523,2.56054864985653,0.648231537637447,3.95005256792772,7.81340308752746e-05,0.00156801848694153
"LOC107984210",9.55028471687601,2.41408068823244,0.640966113540822,3.76631562454462,0.000165674328607372,0.00274575058588947
"MRC1",3.17020057828124,4.43222773946418,1.19572249006189,3.70673611670111,0.000209947497392806,0.00325587285742524
"CACNB2",39.5616397707812,1.72269820081166,0.377282341468082,4.56607164307848,4.96948987045976e-06,0.000187224145324069
"MALRD1",116.031493967955,-3.09005368258838,0.492022825914454,-6.28030554648624,3.37908275224589e-10,6.8490628305272e-08
"PLXDC2",18.4235869274732,-1.78425279961823,0.398743949867183,-4.47468306468988,7.65247378930441e-06,0.000263789100740495
"LOC107984214",4.30157733436628,1.79324347567036,0.667546300602609,2.68632074517012,0.00722437009534185,0.0419911347892063
"MIR938",2.3185517754118,3.34871553996329,1.22472045239087,2.73426930482462,0.0062518887818962,0.0378154382931226
"ZNF438",22.7700457734916,2.03315198800238,0.376149111660666,5.40517556728019,6.47449427881463e-08,5.91132993411233e-06
"ZEB1",18.9086367113988,1.06451334020684,0.331266658920344,3.21346356942855,0.0013114443377692,0.012375076947041
"AK3P5",7.4847811594032,2.83492210817775,0.68043537020606,4.16633560262929,3.095349251535e-05,0.000776480618556471
"RPS12P16",12.1441589817735,2.33448607149251,0.591086554203024,3.9494826178886,7.83202978162322e-05,0.00157020189558577
"HNRNPA1P33",14.4783397791011,1.06983007855823,0.407405941668453,2.62595600392314,0.00864059849575935,0.0472830159045751
"LOC107987152",28.7324487691109,1.01350489259687,0.284458944953014,3.56292150617474,0.000366750367347046,0.0048937874889778
"LOC107987147",43.969480694931,1.37392546233163,0.323260842923562,4.25020689145612,2.13573150719165e-05,0.00059381538983906
"LOC107984289",11.6858078882472,1.73674899836514,0.44901479220315,3.86791043084249,0.000109771968365915,0.00201637096832902
"FAM133CP",175.453468203175,3.11677220376453,0.627787479916748,4.96469315408751,6.88097740291319e-07,3.93866952798356e-05
"EGR2",8.26183309871653,1.77446737916729,0.630520727154137,2.81428873429168,0.0048885298417391,0.0317972160997761
"LOC105378330",5.16282690904664,2.28583611514434,0.860065414482505,2.6577468139673,0.00786649659656556,0.0444183816303776
"RPL7AP50",47.4032376434756,1.4207746237816,0.495697561888469,2.86621265266838,0.004154150937465,0.0284846026222862
"OIT3",21.1571909086653,-1.2776879856169,0.398420665863875,-3.20688180882021,0.00134182112242948,0.0125797281824807
"AGAP5",14.0906585691442,1.33863725766705,0.490970196864956,2.72651428989945,0.00640071810088683,0.0384795315240399
"RAB5CP1",7.80931814565586,2.15970579186299,0.762443769516629,2.8326099290341,0.00461696880153096,0.0305521843415707
"C10orf99",23.3854529536241,-2.91403368109438,0.602090595065645,-4.83985915903016,1.29931176219151e-06,6.43905870607815e-05
"SNCG",26.445788476746,1.06838843045254,0.349608521342094,3.05595649199614,0.00224343807384144,0.0182957274129439
"AGAP11",23.3602788148061,1.37791984466063,0.38429027795587,3.58562244142658,0.000336275180589071,0.00458061937860207
"IFIT1",94.6396209957434,1.34745616291967,0.391233040695997,3.44412670392707,0.000572907153889568,0.00675523857020806
"HTR7",2.14612618167248,4.04918233679032,1.50724237894714,2.68648386838672,0.00722084348973953,0.0419911347892063
"CYP26A1",20.7588912058586,1.15655194159357,0.268704758015533,4.3041736593541,1.67610155279827e-05,0.000494510951581778
"CYP2C19",19.5104529335292,-1.8486244440653,0.500474833559713,-3.69374106369474,0.000220978824698698,0.00337784298477972
"LOC102723665",23.4606521816355,1.00129585255127,0.351876434311827,2.84558940273884,0.00443293136551524,0.0297618701052098
"CYP17A1",9.74938380190475,-1.60388903498206,0.480338534602531,-3.33908050144102,0.000840562014730337,0.0089176036292092
"NEURL1",14.0858008386014,-1.48825572074443,0.402991509168026,-3.69302004356599,0.000221606549149708,0.003382336705358
"COL17A1",26.2984630169732,-1.23976981375782,0.466419639685877,-2.65805662598765,0.00785926865981075,0.0444143808208184
"RPL13AP6",2.65006698936531,4.0232547281389,1.02755591532826,3.91536330833504,9.02681755867504e-05,0.00175421443045814
"LOC105378487",3.31535955576425,2.45012185267495,0.921145770089223,2.65986332699289,0.00781723657684492,0.0442714635864961
"LOC112268058",16.9964084384946,1.4942442822454,0.549759956950693,2.71799403240171,0.00656790227123828,0.0391428436153275
"VWA2",3.37979292657012,-2.66564861150894,0.948385761109774,-2.8107218821903,0.00494304931674963,0.0319995741300538
"ENO4",5.12471676247135,3.16873742220408,0.912916009640274,3.47100652058089,0.000518511408389034,0.00630034282898587
"LOC105378552",6.96738895165423,1.97470735442735,0.58178836127983,3.39420223203391,0.000688288449534811,0.00770768982520502
"INSYN2A",25.7922161436576,1.51299699924832,0.445177714112662,3.39863598577494,0.00067722786611456,0.0076006265881927
"LOC105378551",1.86493291269137,2.55687087018179,0.975381567491896,2.62140577123735,0.00875679661672711,0.0475259631215041
"CLRN3",127.920674952767,-1.79876690071992,0.37934321435055,-4.74179274248907,2.11835278973465e-06,9.52037532042832e-05
"LOC105378558",5.5474559656082,2.03721097217063,0.673329158874922,3.02557960741615,0.00248157068824344,0.0196008686418008
"LINC02646",1.7703147708121,3.6559308483695,1.32955539515794,2.7497393953527,0.00596426781812321,0.0367557751309028
"DPYSL4",4.05458227061853,4.34160547569621,0.881821153433859,4.92345353566284,8.50300733115273e-07,4.65803934040904e-05
"PANO1",21.1097109461887,1.14365359339134,0.325417399253279,3.51442054424758,0.000440714493321637,0.00562875996542928
"KCNQ1OT1",967.242348578612,1.49564626940251,0.363502426481858,4.11454273875982,3.87947677879853e-05,0.000911160079136355
"OSBPL5",16.7704788740302,-1.32646621955671,0.458812670029231,-2.89108454540325,0.00383914823731351,0.0268607855098749
"OR51J1",2.63856271249659,3.28008188071213,1.04410955072741,3.14151123167771,0.00168078361905096,0.0148798683388043
"LOC644169",19.0315865466018,1.11012279890596,0.355696039045714,3.12098723922895,0.00180245844575356,0.0157000559677606
"LOC107984312",31.2329625267084,1.57868741798623,0.560682303338104,2.81565408536578,0.00486780477258439,0.0317343886701489
"SPON1",802.772957450486,-1.1440787033478,0.134884973847357,-8.48188401357816,2.21576393360382e-17,2.49507328723421e-14
"MORF4L1P3",7.83182939000841,2.90027103600578,0.785726097046779,3.69119855749568,0.000223199810085635,0.0033964241371064
"LOC107984315",13.1157641090767,2.28962616963206,0.688997074527582,3.32312901502806,0.000890137354385315,0.00931034163865086
"LOC112268084",2.50214990690252,3.87634362421897,1.27930629977124,3.03003559422175,0.00244524919046076,0.0193886933487906
"NELL1",6.36003873506869,-2.56449180004764,0.655423839362959,-3.91272280016577,9.12612724815179e-05,0.00176673804386618
"HSP90AA2P",44.1035597691817,1.14214366143983,0.269483967547482,4.23826200806767,2.2525679744338e-05,0.00061615789843183
"EHF",263.581568995393,-1.72721589540244,0.255301468561242,-6.76539741481397,1.32943765811373e-11,4.99006886894579e-09
"PHBP2",3.83856274242182,2.53254258715381,0.906302753530193,2.79436708902092,0.0052001411971346,0.0331764752674602
"CD82",22.0865004206537,-3.50410472464896,0.592127453545124,-5.91782175217437,3.26233237227749e-09,4.86207462159504e-07
"LRP4-AS1",10.3486006026503,1.59936150324355,0.608580020296187,2.62802170611051,0.00858830353759258,0.0470222378183317
"MADD-AS1",3.84061755424199,2.7212402518531,0.957710316026169,2.84140225527104,0.00449156183651399,0.0300064162374101
"OR4C6",4.14398887741009,-2.24377635628823,0.807151818840315,-2.77986904559294,0.0054380823398255,0.0342951123042698
"BTBD18",9.86611898779738,1.76822242553194,0.655934250422739,2.6957312023154,0.00702343175543221,0.0411833364209908
"NAALADL1",12.1531272053819,-1.47810759871068,0.467072999988938,-3.16461794782762,0.00155286708126943,0.0140573325716322
"NEAT1",886.65849766432,1.11137012723968,0.247134606153915,4.4970234826098,6.89113797598657e-06,0.000244189642719007
"MALAT1",731.33128519421,1.4748242031364,0.395101426333167,3.73277367491142,0.000189382750458146,0.00301539589083751
"NPAS4",9.77448107209585,1.72772358993718,0.433996033376925,3.98096631550697,6.86356761142675e-05,0.00140950001941245
"TBX10",5.1825904758575,2.83716576724805,0.94014439860829,3.01779787386698,0.00254618669435879,0.0200033558557978
"RPL37P2",83.3863151977411,2.09217841728319,0.660281911308239,3.1686138624302,0.00153167740113882,0.0139342770393549
"SHANK2-AS3",10.2585273610462,3.01712351406831,0.519765541674867,5.80477787031838,6.44513913149844e-09,8.26813449723683e-07
"LOC105369380",19.0069460945913,1.37085867090385,0.457320222470204,2.99759031756609,0.00272123212488804,0.0209800889841597
"LOC105369383",37.4988983564409,1.47810988280327,0.306769214161743,4.81831231612421,1.4477762368031e-06,7.0540808999428e-05
"SNORD15B",31.0378807546227,1.40764265608342,0.519906963384309,2.70748952258774,0.00677942106585245,0.0400735157724594
"LINC02734",2.41084376519095,2.46118775668469,0.933895414096156,2.63539976697143,0.00840382419096068,0.0462895140131344
"LOC112268086",13.0796320786119,1.31204556664071,0.437555759429789,2.99857912589364,0.00271241713664581,0.0209519752068117
"SCARNA9",35.3133803459912,1.21390480263039,0.378397608368315,3.20801394032286,0.00133655019869037,0.0125593583575592
"SNORA25",16.5089911462241,1.23903542760525,0.422324579509183,2.93384635354455,0.00334789892087344,0.0243395133526484
"LOC107984376",4.58790766496478,2.65474938272258,0.802061504417136,3.30990749225873,0.000933268100409126,0.00967096683394304
"MMP1",395.274050714474,-1.23038005290115,0.222185345611163,-5.53762917854351,3.06593546719036e-08,3.25358355939693e-06
"MMP3",23.0465230486358,-3.69026996241805,0.446159683049152,-8.27118653392871,1.32632348024724e-16,1.28015479148244e-13
"CASP5",2.80408940242932,-2.78787757942915,0.871389894549539,-3.19934577720841,0.00137739859286991,0.0128472636076898
"CASP1",35.9564863984389,-1.88922348254433,0.487884175813664,-3.87227865997826,0.000107822577711102,0.00198858583041521
"TMPRSS5",24.7008061962548,1.32911669848198,0.273134887270714,4.86615500408279,1.13790285869958e-06,5.85384594999538e-05
"LOC105369509",5.47063389109784,2.31538565583461,0.814144981715835,2.84394758652798,0.0044558377095355,0.0298359887602303
"LOC105369507",5.36171275153531,3.3501492778901,0.95663712633309,3.5020063362287,0.000461768636958201,0.00580259671575064
"RPS27P19",7.07634595454177,2.33783625623453,0.758085539012663,3.08386868753537,0.00204327759725685,0.0171647819126466
"SCN2B",21.114717265353,-1.27333280354375,0.372097532181974,-3.42204044213072,0.000621530680798173,0.00714224794299882
"TREH",29.9071106728902,-1.27164196578449,0.45182459584998,-2.81445936645448,0.00488593540833113,0.0317972160997761
"CCDC84",6.82207452056526,1.47597353399816,0.511038518903681,2.88818450938791,0.00387472511084977,0.0270257409744714
"THY1",4.41684953507611,3.3377742746066,0.889750499930273,3.75135981926188,0.000175878078698027,0.0028656533578218
"TRIM29",121.789552274861,-1.24913354312944,0.291072017770567,-4.29149305624442,1.77475753695929e-05,0.000518336606867836
"DDX18P5",6.57527007442757,2.42472302473948,0.721913981316232,3.35874229824251,0.000782980465874503,0.00842632384308416
"JAM3",4.25549852009027,2.8931232908115,0.955075801135812,3.02920803497575,0.0024519577577675,0.0194211534944078
"IQSEC3",4.91286712754643,-2.26017103115764,0.867140759170967,-2.60646383791079,0.00914824833380939,0.0491194292656908
"LINC00942",3.49191395230558,2.22494176169097,0.771958695967824,2.88220311956135,0.00394905076162467,0.0273635941889673
"PIANP",10.0989693367006,1.61727841962071,0.606398141986985,2.66702403526728,0.00765261988005169,0.0436061136059682
"LOC100419928",13.6346083818935,1.43171698948664,0.480570805405491,2.97920092811006,0.00289001199208144,0.0218514990524888
"FAM90A1",3.54034413919258,3.72961755181459,1.1357586865877,3.28381160175842,0.00102413359695515,0.0103377310142849
"TAS2R30",4.33704753184619,2.45314566002525,0.815658448193878,3.00756482748052,0.00263349949047201,0.0205138543384266
"LOC105369663",14.2709830473532,1.51647923876437,0.433087396167371,3.50155477204954,0.000462551883885361,0.00580883775370036
"LOC107984129",10.0728653075564,2.56178246565421,0.770959544001345,3.32284940965688,0.000891030022202816,0.00931422770501747
"LOC105369667",32.0418368132078,2.04402163115233,0.468596932848872,4.36200386273452,1.28876594044284e-05,0.000403117235290677
"GUCY2C",683.627371112815,-1.49385995320969,0.17090738003852,-8.74075743758405,2.31552692606563e-18,3.35238680460173e-15
"ERP27",112.025446336924,-1.79831240254745,0.2729636556732,-6.58810198783547,4.45484610494439e-11,1.31114913503505e-08
"SRSF11P1",9.22539957382193,3.45902881592083,0.954086689918866,3.62548692112556,0.000288417494260599,0.00410817581951377
"PDE3A",61.3300934730339,-1.67327165949778,0.249753681908102,-6.69968765510921,2.08865492995693e-11,6.94015520906509e-09
"LOC105369689",13.3728623988164,1.08622929873713,0.352056485376813,3.08538357864512,0.00203289792698318,0.0171116312632982
"BHLHE41",15.213062266053,1.34720540320721,0.414843000718051,3.24750664920302,0.00116420943846826,0.0113941869185482
"ARNTL2-AS1",3.56795422542339,2.20251175180897,0.807703188982351,2.72688257500132,0.00639357873554633,0.0384772706029657
"SMCO2",1.99116420413722,3.84832058903904,1.25346255946421,3.07015200412846,0.00213949852076627,0.0176641529602491
"LOC100506578",7.92744481125348,2.6379505144573,0.766654644258966,3.44085897634794,0.000579870673865978,0.00681356445715334
"FAR2",136.733599036231,-1.06433434521543,0.128884175668099,-8.25806845330876,1.48048645808591e-16,1.36399909177015e-13
"LOC100506606",4.37953275230315,2.55777375714242,0.635936148787071,4.02206064558666,5.76911983150133e-05,0.00123609185903489
"H3-5",3.85785172931394,1.82076163257215,0.614292670837746,2.96399699851387,0.00303671248791158,0.0226804380091342
"LOC100420981",13.940245400944,1.31792498375622,0.447523970662375,2.94492601548376,0.00323031896201399,0.0237544935330572
"RPL35AP27",3.39240924176312,3.21365413066396,0.988989767699878,3.24943112216221,0.00115636078101075,0.0113657016820722
"ZNF75BP",17.113890977851,2.33514420063008,0.563488362863889,4.14408593775012,3.41171794017681e-05,0.000827178360400044
"SLC38A4",33.8789914928691,-2.25665559784347,0.383076861130839,-5.89086897909168,3.84170061279933e-09,5.48362181132603e-07
"FAM186A",2.50243154718909,3.48816047077444,1.12549870575119,3.09921322250329,0.00194035321933337,0.0165247980683479
"PHBP19",12.6005660660555,2.09473106598441,0.703704066326153,2.97672155984608,0.0029134848119827,0.0219529455963113
"KRT6A",34.7927872614962,1.74324168855656,0.542572234178026,3.21292093244967,0.00131392455733334,0.012389181927852
"HOXC9",17.9672212003421,1.08984294150279,0.4121787275697,2.64410283356629,0.00819077677650165,0.0455560048090343
"MYO1A",573.85879875517,-1.03383908300521,0.208627342117347,-4.95543428063091,7.21689132625941e-07,4.07462869894017e-05
"RPL32P26",2.54122921878168,2.87498380408015,1.04870307869414,2.74146597114992,0.0061165696063447,0.0372750298710164
"LOC105369795",5.52560164144835,2.04311974310592,0.76878948126526,2.65758025167486,0.00787038496753399,0.0444183816303776
"LOC105369801",17.8065152243247,2.08683246042595,0.502223410554168,4.15518754516696,3.25020831032679e-05,0.000804376950451939
"LLPH-DT",36.0635040588005,-1.2120144006741,0.373316141567778,-3.24661664932065,0.00116785578463438,0.0114188465502915
"KRT8P39",9.93189632498466,1.67206107804874,0.498091949990385,3.35693254645254,0.000788123375294461,0.00846105545224758
"TSPAN8",2957.07119337414,-1.11557253189515,0.186290434237125,-5.98835112743988,2.11979042526413e-09,3.35672126013114e-07
"LOC105369833",3.06291911782439,3.0006341367018,0.947647724996315,3.16640251177036,0.00154337069141152,0.0140092165446574
"MRS2P2",9.4428273051169,2.93564269848746,0.793407904346475,3.7000421629345,0.000215563649783202,0.00331758513094588
"KCNC2",4.04463059468282,-2.66747520458127,0.866673249547723,-3.07783262720212,0.00208511990469058,0.0173615587472687
"GALNT4",15.5199892314176,-1.41154629350361,0.391245959140571,-3.60782331555394,0.000308776638935047,0.00432045102657243
"HNRNPA1P50",8.17054614041606,2.89682905951844,0.697441925357011,4.15350576757426,3.27419956277693e-05,0.000808334048434034
"LOC105369908",7.19720283659815,1.88687420514689,0.694577035175669,2.71658017698451,0.00659602168347344,0.0392790217795997
"LOC112267866",18.3426519434307,2.14101568474976,0.39664854131309,5.39776517937519,6.74760998804059e-08,6.07854697100421e-06
"PGAM1P5",12.3624184864995,2.00198893161964,0.468573619504349,4.27251737675142,1.9327848646589e-05,0.000554110557592237
"LOC105369919",34.2510030242132,1.29880416758439,0.333995667107697,3.88868567916359,0.00010078854695062,0.00189506777193146
"CCDC38",3.64622118756924,3.37568251463383,1.12676302640362,2.99591168287469,0.00273625670244446,0.0210558796893876
"HAL",14.4609948493344,-2.52142942691527,0.646029789140293,-3.90296154960698,9.50228028019969e-05,0.00182387991476674
"PIGAP1",12.4056851232271,1.67526356363223,0.400775631173587,4.18005345965414,2.91440573154739e-05,0.000748535544247703
"SELPLG",4.00216832299921,2.12560112790304,0.770571417970135,2.75847387838802,0.00580719461887195,0.0360366680961837
"DAO",14.0798878044086,-2.11605530229625,0.51558941093006,-4.1041481020317,4.05807446534208e-05,0.000940035558148783
"TRPV4",2.61909219696457,4.52139245960015,1.28253141028218,3.52536586889936,0.000422898276881346,0.00545969756312612
"RPL7AP60",4.51893989810015,3.18979169551555,0.948360215869977,3.3634811352661,0.000769660963210724,0.00833792520754578
"LOC107984438",3.14324047967219,2.4225418429762,0.889688105766812,2.72291135204988,0.00647094188120093,0.0387452286063452
"LOC107984440",4.91154218662575,4.488173845674,1.00628244708662,4.46015316938911,8.19010987869801e-06,0.00027538870342874
"HNF1A-AS1",133.138504678069,1.24226983423446,0.455854749260663,2.72514399871727,0.00642734482630656,0.0385758990306459
"CFAP251",9.98697030536312,1.28623892379775,0.412995843126509,3.11441130753403,0.00184312359854661,0.0159378294449408
"CCDC62",6.94752298407827,1.54288705065347,0.550596991847276,2.80220755561526,0.0050754208760121,0.0326583192812347
"ANKRD20A19P",4.04822112722294,3.42178003483567,1.13585794692905,3.01250701646886,0.00259099446345215,0.0202689566884259
"LOC105370115",11.2546803529388,1.59728175717722,0.428640011642588,3.7263944424047,0.000194238361656089,0.00307099637473265
"MICOS10P1",7.49725058477994,2.46674792456799,0.713123556045667,3.4590750840518,0.000542033780493495,0.00648170070609006
"N4BP2L2-IT2",29.2757176881126,1.20363993908256,0.410947078759367,2.92894146544684,0.00340118465752023,0.0245770452132897
"LOC107984551",32.7285438614877,1.0948872854929,0.317169145609759,3.45206114985736,0.000556321631799454,0.00661353850729803
"RLIMP1",3.5025457513837,2.46115838763778,0.93266168088108,2.63885440786282,0.00831866981791799,0.04598067044979
"RGS17P1",4.15959943103984,2.02980388035412,0.738795146899532,2.74745156200945,0.00600603797083584,0.0368525288917467
"MAPK6P3",12.4080212916092,1.80732405867159,0.578874479887129,3.12213462756899,0.00179544813923083,0.0156457172545442
"LPAR6",9.15246647069003,1.47082631402742,0.527014471872249,2.79086513279649,0.00525673710947997,0.0334008791448431
"DLEU1-AS1",3.82528269396146,3.05930702618916,1.1745957482047,2.60456163821905,0.0091991872622685,0.0492624376800318
"SERPINE3",6.08809102606214,3.32999226107482,0.953907236528783,3.49089736774876,0.000481401142181442,0.00599356250053787
"RPL13AP25",116.852524405304,1.53242542200903,0.531459305229814,2.88342946850159,0.00393370727736466,0.0273149410088743
"DIAPH3-AS1",4.09007279081752,2.27898871848456,0.854533742469825,2.66693824388688,0.00765457359564038,0.0436061136059682
"MIR17HG",59.362053928252,1.33998803059018,0.296930359665633,4.51280236921248,6.3976631376577e-06,0.000228702352975633
"LINC00456",3.17291942048514,3.22665985683727,1.08172503263235,2.98288359749359,0.00285546571596979,0.0217006732914999
"LOC105370328",3.16493768063087,4.16835054891898,1.10874208795358,3.75953126900101,0.000170232000926602,0.00280067567108872
"GPR183",9.71151242872845,2.32101395294266,0.692766038941224,3.35035758463266,0.000807072988915655,0.00863248676112476
"LOC105370363",86.6436957132247,2.3408765888403,0.431549881841545,5.42434765327967,5.81665753536262e-08,5.48362007368674e-06
"TEX29",5.37843387511851,3.9306079839909,0.924712135878911,4.25062874324124,2.13171261142037e-05,0.00059381538983906
"LOC107984590",12.5543625846465,-1.07793524330548,0.331024361686544,-3.25636227440627,0.00112849663679601,0.0111578040640089
"SLC39A2",24.5437234491716,-1.1098521031022,0.251976975901714,-4.40457743859545,1.05990274989015e-05,0.000339923557555751
"LOC102724814",5.50519003380914,1.93287132754614,0.670081890175782,2.88453001921764,0.00391998383599418,0.0272476517049952
"DHRS2",349.424286785918,1.87068793374073,0.21630573505456,8.64835106322481,5.22488853956766e-18,7.06021772056646e-15
"LINC00645",8.95920223644265,2.3617657697654,0.745862325353407,3.16649023483836,0.00154290526336623,0.0140092165446574
"LOC101927178",3.37110677554632,2.40856903794299,0.896734526741528,2.68593320109467,0.00723275471650361,0.0419911347892063
"STK16P1",8.96239747705459,2.39112421426776,0.55215772784731,4.33050937019392,1.48764815178798e-05,0.000454113560069136
"LOC105370504",91.6500960734239,1.42359685248355,0.299426877410269,4.75440569930189,1.99031012736001e-06,9.08594503861713e-05
"LOC112268133",153.858846154577,2.64138379627836,0.489969339965186,5.39091649380765,7.0099245812905e-08,6.2045485300514e-06
"LOC729451",33.1472387306465,2.41009088622315,0.516468197236917,4.6664845950187,3.06396605296475e-06,0.000127522644615077
"RPSAP13",4.9087056168456,1.84125279293939,0.691400899100393,2.6630754969152,0.00774300396819238,0.0439392412115985
"CCDC198",55.1621400967738,-1.28625602143006,0.311520125149654,-4.12896605255323,3.64398194873742e-05,0.000869963134498926
"ARID4A",1155.59186249115,1.00927898832215,0.312963781239702,3.22490667873526,0.00126013738261044,0.0120634726726728
"LOC105370522",3.38889969818445,2.47268642941092,0.948853651943489,2.60597240085048,0.00916138432835934,0.0491490479772286
"LOC105370532",19.5808644393787,1.11808725425025,0.410979137582867,2.72054503989223,0.00651743925932547,0.0389336800316145
"LOC105370538",5.02068177462685,2.62892259674541,0.922964049027046,2.84834777640226,0.00439468714858241,0.0296709510470993
"SF3B4P1",15.1144593531637,2.20927761120876,0.511535064259493,4.31891724647839,1.56796556973654e-05,0.000473637766512516
"LOC100420174",2.04566794929421,3.4188719152475,1.2444090565199,2.74738591569614,0.00600724038967542,0.0368525288917467
"ADAM20",19.8057615109826,1.5441650744963,0.567199581095859,2.72243690926726,0.00648024056183522,0.0387800401381275
"LOC145474",20.6803516740712,2.27440020852636,0.636963999855386,3.57068878153668,0.000356043735296475,0.00477291697799223
"RBM25",10681.9497339523,1.40633056373506,0.338057937793213,4.16002822745519,3.18208264467665e-05,0.000790412170648911
"FOS",176.536883444342,1.52854065935474,0.251875181341755,6.0686434098513,1.28995199550096e-09,2.17883641640074e-07
"BATF",18.7163955723559,1.49071067149522,0.404054536913045,3.68937986164979,0.000224801354009287,0.00340800197787153
"RN7SL587P",9.95841043420129,2.96528365365938,0.833377662126984,3.55815111013565,0.000373474446091563,0.00495531358436864
"UNGP3",1.79589539937877,3.57025390270234,1.21302488603351,2.94326517436652,0.00324770103770819,0.0238419602800824
"LOC107984698",4.96835041434031,-2.59895409122478,0.738280199498993,-3.52028145003545,0.00043108909419907,0.00553722740831493
"LOC112268130",10.0596405391659,2.7764844108458,0.6717826292955,4.1330101282278,3.58042942102817e-05,0.000859854548990757
"PWARSN",44.6113711549219,1.48845335046653,0.391286087582332,3.80400274301431,0.000142376601932441,0.00246231343393229
"OCA2",33.816037672155,-1.02239604910609,0.253424567117094,-4.03432098449121,5.4760419365523e-05,0.00118837145623103
"RPL32P2",1.94209756192759,3.62477057326299,1.2395450917879,2.92427487896764,0.00345259713788331,0.0248057273492894
"GOLGA8A",158.672108031687,1.04288515168821,0.187287797647348,5.56835610642346,2.57153861786738e-08,2.84822493145104e-06
"GOLGA8B",91.9918278742708,1.00521535187848,0.190705469313113,5.27103577836064,1.35656020113197e-07,1.0782791653625e-05
"LARP4P",5.46653635652368,2.86361304232524,0.721200434283069,3.97062024119814,7.16857658831991e-05,0.00146176940511727
"CSNK1A1P1",3.67318352068642,3.32775758682863,1.02444753570951,3.2483435908935,0.00116079007457898,0.0113882158865641
"LOC105370780",13.4719771335194,2.44268198633074,0.76453665913981,3.19498346760642,0.00139838850755629,0.0129712390834567
"C15orf54",8.95544728690501,2.18363413570909,0.809002578489041,2.69916832624615,0.00695130071611197,0.0408275613488477
"LOC107984763",24.2460909235839,1.5073104126445,0.488776465997625,3.08384408313926,0.00204344658124309,0.0171647819126466
"EHD4-AS1",9.95268647750831,1.49408644523083,0.539833420288344,2.76768052713888,0.00564567680210854,0.0352859152334067
"SERINC4",15.5891860113633,1.77073058746082,0.451359960778242,3.92310072078103,8.74165840336235e-05,0.00170533853876565
"ACTBP7",12.8109131022133,1.86075123721023,0.492395200063016,3.77897923654027,0.000157472552644149,0.0026538857653928
"GATM",64.9079560000694,-1.03213842835393,0.248745752380956,-4.14937106854873,3.33390002398135e-05,0.000815952746358089
"FBN1",5.48568826834564,2.39331447615868,0.628088082789277,3.81047585798827,0.000138699557144348,0.00240899856363221
"RPS20P34",3.56708622910878,2.60032584749769,0.968019042331656,2.68623418939602,0.00722624199603315,0.0419911347892063
"LOC107984741",4.92105302876277,1.59485762370173,0.607752312375192,2.62419013671668,0.00868552834125579,0.047330703776989
"DCAF13P3",5.3830410273902,1.97519137239866,0.736724570813941,2.68104451873574,0.0073392751341404,0.0424906505838023
"LOC100422032",6.70581806222808,2.16048177163216,0.673360347411279,3.20850756944345,0.00133425796976688,0.0125436339467555
"CD24P2",27.5775961602625,2.29243694295301,0.556646302423817,4.11830085454804,3.81676200772664e-05,0.000902493551146206
"LOC390586",15.2086715074016,1.11323222965116,0.412802408648315,2.69676776668126,0.00700160808204244,0.041099216395864
"LIPC-AS1",9.36219027655367,2.02643628222416,0.56769323135419,3.56959739926835,0.000357530271466103,0.00478861567531128
"HSP90AB4P",15.8886770135392,2.98154268839284,0.71333503611343,4.17972276342633,2.91864693392706e-05,0.000748535544247703
"LDHAL6B",6.82857890237646,2.18336532017132,0.716048535540637,3.04918620987447,0.00229462205652903,0.018551480624947
"RPL36AP44",7.06828063788287,1.61097691305477,0.599778308192958,2.68595394506414,0.00723230569397391,0.0419911347892063
"TPM1-AS",358.502434466406,1.04191026823948,0.207907855295741,5.01140405088305,5.40343239121516e-07,3.24991605749377e-05
"LOC107984754",72.6293844795437,1.77944828856678,0.381887099536486,4.65961874786182,3.16795596951537e-06,0.000131057592980072
"CILP",11.0319266472269,6.00209331635469,0.9226390432977,6.50535370246417,7.75107855565604e-11,1.98353061798585e-08
"LOC646358",6.21719139525746,2.37146920357066,0.658681301903731,3.60032871240857,0.000317815138735616,0.00440314083870964
"MEGF11",15.7478827541439,2.21788491090983,0.463316514892398,4.78697572743531,1.69313301899074e-06,8.01825073876711e-05
"RPL35AP32",3.72222258747085,2.80447813724738,1.03339644273172,2.71384535622547,0.00665072047552067,0.0394739248369922
"ANP32A-IT1",31.496472584864,1.61138877206103,0.4983424285316,3.23349704902531,0.00122284599452645,0.011802793077646
"LOC107984791",5.9220492020928,2.49455098844645,0.798571944926571,3.12376487089817,0.00178553078065873,0.01558055867308
"LOC441728",2.15520405625567,3.7873683614187,1.27396604738479,2.97289583909512,0.00295004544990889,0.0221705489199651
"TMEM266",7.24675724233261,2.08671124255839,0.696449556710399,2.99621303862226,0.00273355385643541,0.0210430699263537
"LINC00597",5.96849574988288,2.49117279419893,0.906165710209436,2.74913602019123,0.00597525845870038,0.0367788248200314
"GOLGA6L5P",3.15550268038877,3.172777984334,1.13692727984377,2.79066044115856,0.00526006232614395,0.0334115334655631
"UBE2Q2P1",8.17321992858371,1.77491933461037,0.593827051300603,2.98894994884948,0.00279937984617435,0.0214327715373797
"EGLN1P1",5.6096308574776,1.39385389533855,0.533792927899929,2.61122585648018,0.00902182888443951,0.0486468341736378
"TTLL13P",7.7893426681453,2.28228731857455,0.738608160138932,3.08998389368627,0.00200167349663563,0.0169191755418011
"PRC1-AS1",6.78328786598016,2.47258851321586,0.588393405353952,4.20227094783371,2.64250576687577e-05,0.000695324341726853
"SLCO3A1",21.739793971911,-1.50659579532977,0.497163034571247,-3.03038579010415,0.00244241540643056,0.0193886933487906
"LOC105370975",2.42137747437085,2.92863823113499,1.04215527018116,2.81017456316841,0.00495146360279284,0.0320335830721379
"RGMA",13.1383330439951,3.38114377518397,0.707025946455783,4.78220607338832,1.73381798709623e-06,8.13173232062592e-05
"PRKXP1",5.74613899907939,2.55359041842325,0.639504776221477,3.99307481878584,6.52219773662982e-05,0.00135449206889088
"WASH4P",21.5420318459339,1.48981787277037,0.359552207861403,4.1435369890557,3.41989880033274e-05,0.000827182921049455
"HBA1",25.367175088894,1.60337376624493,0.406984768223805,3.93964072228673,8.16037246306845e-05,0.00161683860658782
"MSLN",110.286555681155,-1.22889207436738,0.292417561650964,-4.20252486693741,2.63954241647901e-05,0.000695324341726853
"SSTR5-AS1",11.3246612100201,-1.23709927599481,0.467445059446573,-2.64651267778819,0.00813264566958148,0.0453484887447491
"SSTR5",63.7707617372987,-1.39752957958066,0.261304001924544,-5.34828999666153,8.87891194466354e-08,7.450811880589e-06
"SNHG9",14.8708175800755,1.19173100228444,0.433641063143,2.74819684659673,0.00599240207095649,0.0368311931592647
"SNHG19",132.902058803638,1.06056389862719,0.327034294081088,3.24297456817854,0.00118288769324066,0.01150477478613
"SNORD60",5.55690883804485,2.92417404816263,0.778805806345368,3.75468958286873,0.000173556438122363,0.00283694793895336
"ZNF75A",6.23903188048786,1.5456663278727,0.572495858185832,2.69987338034326,0.00693658704760384,0.0407647674305255
"LOC105371064",26.3137414662395,2.52393551852246,0.514150611184465,4.90894197851479,9.1569062393493e-07,4.92311226963849e-05
"LOC112268177",16.44370630074,1.05751737897701,0.387868279651529,2.72648585733051,0.00640126957664565,0.0384795315240399
"LOC105371090",3.40569759764968,3.04218721630804,1.00991143854147,3.01233068584867,0.00259250013008722,0.0202729109323834
"LOC100505915",8.28344630429697,1.81958683398806,0.618164222625157,2.9435330732355,0.00324489150261049,0.023832512615607
"RBBP6",2026.61839090856,1.02650727672211,0.219747686799613,4.67129957849423,2.99300045306626e-06,0.000125451452658005
"TNRC6A",126.872392526531,1.3391055305145,0.22287591464845,6.00830077411783,1.87477803080395e-09,3.01586316717185e-07
"LCMT1-AS2",3.3981882630247,3.30954307693268,0.916047609567426,3.61285051384557,0.00030284931337591,0.00426874320779995
"NPIPB6",3.7188641868815,3.3967356582247,1.08981905043324,3.11678866035088,0.00182832589573015,0.015843667199895
"SMG1P2",81.8395291278345,1.03391977188592,0.161392408367944,6.40624786717833,1.4914442604203e-10,3.35889819049545e-08
"LOC107984837",18.8709767782358,1.77609359249082,0.437708577707881,4.05770798870693,4.95566769907819e-05,0.00109538090068283
"LOC107983990",14.9664051452388,1.24250527048353,0.345192595818203,3.59945516078768,0.000318884610955616,0.00441192640236135
"ZNF423",13.1027838190689,-1.87073765417304,0.581840994394133,-3.21520427779591,0.00130351724817392,0.0123142554587169
"LOC105371271",12.3032567805605,2.21413418060733,0.576260147807373,3.84224761860065,0.000121912748745886,0.00218290592255333
"MT2A",34.39068031328,1.5998780716856,0.451646949882975,3.5423201066677,0.000396623847504081,0.0051899088218594
"MT1X",32.8667411741758,1.0653059669108,0.360408099759619,2.95583247885196,0.00311826407154509,0.0231262694716969
"CDH16",49.5844617409507,-1.81950164732031,0.387409351483283,-4.69658680244539,2.64544841567604e-06,0.00011405502317748
"RRAD",17.3394360064671,2.0888611692315,0.567717408436326,3.67940305897063,0.000233780533678138,0.00351417587896626
"LOC100418868",3.68751109450833,3.73299405782993,1.13362764459728,3.29296314854432,0.000991374676038465,0.0100851947666581
"LOC100421641",9.28024883261058,3.256410040795,0.94703241436335,3.4385412699777,0.00058485738172919,0.00684833868877467
"DUXB",1.97067031323495,4.15163811379701,1.22811364849955,3.38049993896678,0.000723540911562595,0.00799207124602847
"CPHXL",4.20344693621556,4.5004756157787,1.00855801026155,4.46228731514568,8.1089398381672e-06,0.000274849668193664
"WWOX-AS1",10.6633136696473,2.00009955167763,0.496345859948301,4.02964890628072,5.58602217227063e-05,0.00120578363588662
"LOC107984858",18.8250077894759,1.08630866815753,0.329338202381744,3.29845933542312,0.00097216960039189,0.00994694882904756
"PKD1L2",2.24616281425532,3.67608113231451,1.05392718960885,3.48798395995348,0.000486677274244131,0.00604810648170097
"LOC100129617",8.0036917218368,1.38427473598083,0.508395355215869,2.72283120169943,0.00647251191776036,0.0387452286063452
"ATP2C2",123.884875790965,-1.11215800632021,0.223943949563474,-4.96623377630026,6.82656569798816e-07,3.92052747926221e-05
"LOC105371380",19.6865326572567,1.24184572184269,0.37501424497614,3.31146280035762,0.000928095784593454,0.00963707656655979
"LOC105371414",52.4022222496408,1.46260662231342,0.336261810571367,4.3496066943439,1.36381916196136e-05,0.000421391015149313
"DPEP1",93.9077542751812,-1.37779160183869,0.261562704506335,-5.2675384452806,1.38265211118084e-07,1.09472561099705e-05
"LOC101927727",22.1070544580886,1.93333203366028,0.583875972640403,3.31120327647218,0.000928957004130525,0.00964108014169053
"HNRNPA1P16",12.0061671882923,1.29909311583883,0.468803518266175,2.77108226628375,0.00558703092383874,0.0350165521939664
"LOC105371490",9.96113927135413,1.5364898485993,0.498506187019568,3.0821881224495,0.00205484930292207,0.0172190777724799
"ATP6V0CP1",3.2328114351841,3.90325261095679,1.1826865604992,3.30032718838816,0.000965721683995415,0.0098909615022249
"NLRP1",17.2225421408795,1.44614897952414,0.418898381480253,3.45226681090033,0.000555897741258825,0.00661237753378822
"TP53",82.2493917317973,1.15396946949382,0.182219072720424,6.33286874016935,2.40644279426058e-10,5.18895627626251e-08
"SCARNA21",8.38286715904908,2.03280641495979,0.710803391238883,2.85987157632541,0.00423812596249648,0.0288651126121778
"LOC105371525",2.95231622620879,4.70056631667199,1.31963846195596,3.5620106962515,0.000368025386141867,0.00490434355799442
"MYH3",26.309794932785,1.52272454562194,0.331057725038952,4.59957412394706,4.23355536292643e-06,0.000164386846075011
"CCDC144A",194.557908794172,1.31197754357833,0.304704189248402,4.30574173205337,1.66427138558152e-05,0.000492454258603677
"RAI1-AS1",9.13417071632718,1.60375800221009,0.517187008380832,3.10092476458566,0.0019291730025075,0.0164535480349795
"CCDC144B",129.11426616461,1.35914400027446,0.270882287659091,5.01747091705367,5.2356124080045e-07,3.18100714275591e-05
"FBXW10",10.2128457150984,5.1125947050942,0.80363142021943,6.36186512431061,1.99318433676057e-10,4.34407024965591e-08
"LOC100419620",4.37948004114795,2.43411045279634,0.802267026787729,3.03404025283514,0.00241302231477166,0.0192557280701207
"SNORD3A",84.4303411588929,2.01886849945721,0.517592601367891,3.90049721368071,9.59953310197194e-05,0.00183194065345801
"UPF3AP2",14.0313935938962,1.59366503619249,0.463266935194939,3.44005780494973,0.000581589956056713,0.00682585224048264
"LOC101930665",5.23904122456574,3.85440628576088,1.00274879408901,3.84384036009994,0.000121123813809902,0.0021791828614913
"LOC105371703",20.6846155836505,1.00035066595973,0.301711047312714,3.31559177189458,0.000914493091010277,0.00951044661964459
"LOC105371711",22.4843437282694,1.98881945049761,0.530870025930386,3.74633969399962,0.000179433577171115,0.00290722556009699
"SNORD4A",15.5176848417126,1.63243567802182,0.397180036550009,4.11006477616928,3.95548142505022e-05,0.000921536241429229
"SLC6A4",177.264545488837,-1.01945614571597,0.189454446001862,-5.38100935201043,7.40693460164162e-08,6.49918430479108e-06
"ADAP2",24.9874590388354,1.33877575791375,0.325366073401244,4.11467533759356,3.87724744374469e-05,0.000911160079136355
"LOC105371722",16.5904307044765,1.20687279534263,0.436020186690378,2.76792871564831,0.0056413793340338,0.0352808138603922
"EVI2A",7.31292006520124,2.18800064091034,0.700036886195995,3.1255505017742,0.0017747259421168,0.0155458796116333
"LOC105371734",16.945045275717,1.20390472882231,0.397198115070495,3.03099305647169,0.00243750853230892,0.0193824481919849
"CCL2",8.8286257359652,1.44149309385697,0.479724222797371,3.00483699874759,0.00265723210897527,0.0206437093203602
"SLFN5",12.8112088264021,1.20311790512733,0.359504874266747,3.34659692050414,0.000818100747044057,0.00871823556353102
"CCL15-CCL14",7.60282105239414,-1.89754612456072,0.516478342598722,-3.67400908818943,0.000238774233757915,0.0035779679992235
"CWC25",3.53599479268595,2.01356015939087,0.7127009220943,2.82525263679181,0.00472433501879523,0.0310699372147827
"CSF3",3.16894493342388,4.92548104730786,1.10394511898822,4.46170825214767,8.1308875602462e-06,0.000275133489079516
"LOC100419622",10.3172010920699,2.68379098356377,0.646347651644965,4.15224063510323,3.29235797831876e-05,0.000809864124545423
"RNU6-826P",8.38553944362622,3.20030724752895,0.981866191592871,3.25941281503656,0.00111643088682849,0.0110654951809911
"NGFR",5.34455320118595,1.49447424116566,0.488827497861253,3.05726303799269,0.00223368170873631,0.0182514945411954
"LUC7L3",8454.2597713205,1.12566719223402,0.314321858177489,3.58125648264138,0.000341945763734467,0.00463295366653336
"LOC107985002",18.104348517875,1.6073246699359,0.602295959672289,2.66866254724745,0.00761539195332487,0.043468425655292
"LOC105371836",18.9850834064524,-1.02046532964825,0.307986299823135,-3.31334650351091,0.000921866928437355,0.00958221578076757
"LOC107984993",29.8094917113099,2.26726195572055,0.46716904847035,4.85319385593768,1.21488827471006e-06,6.14897448272234e-05
"LOC101929185",93.0266677227329,1.2881598369666,0.230603929822632,5.58602725442441,2.32322791619468e-08,2.60163020073757e-06
"SEPTIN4",8.66810449652869,1.58435071842894,0.530070395555149,2.98894398124164,0.00279943452125797,0.0214327715373797
"TEX14",8.0937468668893,1.91941344602029,0.672357520066296,2.85475121306151,0.00430705537240082,0.0292265501651129
"RNFT1-DT",5.22688563582384,1.83337287260381,0.651445012263655,2.81431715354328,0.00488809764530862,0.0317972160997761
"LOC107984992",7.62725309522809,1.32503673073331,0.499623556501984,2.65207017061063,0.00799999140594801,0.0448552768484537
"SNORD104",34.2818278518513,1.40963999944764,0.401223347790507,3.51335486135184,0.000442486082314038,0.00564501951161077
"LOC107985000",23.2368264606377,1.8098568495904,0.394328162026947,4.58972253030895,4.43835602739918e-06,0.000170380754392716
"SLC16A6P1",16.9843964193684,1.20793360741082,0.453377067890789,2.66430239409857,0.00771481774620608,0.0438753201172422
"PRKCA-AS1",7.33569502727491,2.17843978773864,0.786356270699768,2.7702961989482,0.00560053365353591,0.0350903297136072
"SLC16A6",15.1585281682459,1.73404610108199,0.545037239245692,3.18151857565153,0.00146505127402033,0.0134549724844214
"MAP2K6",142.600343322435,-1.13311219951375,0.218393414770701,-5.18839911314837,2.12109622003001e-07,1.51916958599959e-05
"LOC100134391",3.06858121659047,3.18483999866742,0.981542866264182,3.2447283843946,0.00117562701638554,0.0114591483753148
"MGC16275",8.66242501512047,1.9770576383412,0.547019071522914,3.61423895667298,0.000301231144851645,0.00425184824164206
"CD300LB",8.88624994654073,4.44765005360185,0.747152590216546,5.95280015332984,2.63593097825979e-09,4.03863732507968e-07
"EVPL",110.779974109177,-1.25284089750794,0.212794255874466,-5.88756915622305,3.91917194366848e-09,5.55508364518995e-07
"RPL7P49",2.9823075961979,3.4343011839513,1.27762939791089,2.68802611271068,0.00718757756607969,0.0418861859372798
"ST6GALNAC1",34.9675899583423,-1.3710724121426,0.328397998715777,-4.17503278797152,2.97943138379561e-05,0.000760580538012005
"CEP295NL",10.739878417331,2.20773201396628,0.63306671344045,3.48736075850235,0.000487812860915459,0.00605268922665401
"LOC105371922",10.6834170758189,2.14044366513948,0.575722286253246,3.71784055654562,0.000200933016614672,0.00315225333882568
"LOC101928855",8.67663654108994,3.02376316092391,0.722120368116129,4.18733952735929,2.82243444435421e-05,0.000732495822696742
"CD7",15.1819884459307,-1.50633627747392,0.487314962073348,-3.09109384014193,0.001994205991959,0.0168700172166181
"ANKRD12",1648.97716057602,1.55966659040483,0.393814614335048,3.96040810480918,7.48217826162044e-05,0.00151561352062276
"KRT18P8",4.77854878476806,3.399556831377,1.05687889188091,3.21660017764842,0.00129719237249731,0.0122944772706913
"LOC105371998",3.39430990507249,2.71022740042078,0.768239035545395,3.52784390667771,0.000418959135153898,0.00541574152451171
"LINC01882",8.3292819112163,3.80850174347045,0.90844872408471,4.19231338269272,2.76124200905934e-05,0.000720303916108415
"LDLRAD4",5.04578595537256,2.63193315751358,0.702377020310689,3.74718004918409,0.00017883372443612,0.00289982460847658
"CYP4F35P",9.66377910723914,1.61727899342064,0.62251008630202,2.59799644858444,0.00937694637684368,0.0499793801973651
"MIR133A1HG",7.58984595715554,1.80680449055575,0.672560217988741,2.68645757246676,0.00722141188397419,0.0419911347892063
"CABYR",17.305316513886,1.24126212207422,0.353318590311864,3.51315259403302,0.000442823080737141,0.00564501951161077
"MRPS17P7",6.11352474341826,2.64593797088144,0.931811612806135,2.83956320625072,0.00451753444471066,0.0301264893217181
"LOC105372160",17.3725555902824,2.36039850956758,0.56992605642703,4.14158728654265,3.44910564075244e-05,0.000832260978957277
"CDH7",24.8974035542873,-1.43952636574799,0.395550901426518,-3.63929486838855,0.000273385613866467,0.00392996667195704
"RNU6-2",20.8255060411311,1.86291317783197,0.374279092567034,4.97733700553504,6.44650265846381e-07,3.77269413157738e-05
"LOC102725180",20.0148499526718,1.3164248875677,0.407181935202617,3.23301397669481,0.00122491569630504,0.0118115205748843
"HMGB2P1",1.93488481245556,3.73431909851122,1.39300910251882,2.6807571406094,0.00734558044896913,0.042515011456355
"TMPRSS9",12.6051655962132,1.19836680605141,0.4238547003345,2.8273056901473,0.00469414937846979,0.0309719120287123
"ANGPTL4",6.08642192543863,1.61404848175382,0.584592744946971,2.76097932399115,0.0057628324610671,0.0358413167086128
"LOC100505555",15.0846842174185,1.20291109665186,0.372011396866913,3.23353291534292,0.00122269245577557,0.011802793077646
"ZGLP1",16.373351811533,1.23172228646207,0.403964656344725,3.04908428773773,0.00229540070540209,0.018551480624947
"ZNF844",194.454890787731,1.09301399641191,0.170361920424109,6.41583514491322,1.40052939342883e-10,3.22583298584193e-08
"EPHX3",5.72466455974936,1.5732177536841,0.511110208910646,3.0780401687479,0.00208366826466728,0.0173615587472687
"B3GNT3",410.344438639605,-1.02055536979036,0.163138206761104,-6.25577165553154,3.95555150433435e-10,7.67978096145679e-08
"SNORA68",9.09707027827838,1.99414502481231,0.532583441702728,3.7442865636919,0.000180907086133834,0.00292408750306754
"PBX4",26.9298131383204,1.01721779210074,0.212757057986387,4.78112360514887,1.74318135267e-06,8.13173232062592e-05
"ZNF493",23.2165670854587,-1.01522396494456,0.307034394479497,-3.30654800634185,0.000944531642469648,0.00975869774152711
"SBSN",18.7611837713885,1.20150475850167,0.329721647173578,3.64399719824628,0.000268436342299467,0.00387255247122271
"ZBTB32",9.98453106948278,1.52206008443345,0.562865266756768,2.70412863313376,0.00684837724209979,0.0403868950596801
"PRODH2",7.8814180577225,-1.92478569658782,0.735307816070748,-2.6176597807341,0.00885350280938899,0.047968898274126
"LOC107985304",14.9911505594456,2.72306117451651,0.60990121229658,4.4647577666928,8.01593902589074e-06,0.000272609174690905
"SPRED3",38.8279421339527,1.40930728479685,0.274675260778613,5.13081258502105,2.88494043139829e-07,1.96570474684568e-05
"CYP2B6",38.6110893599457,-1.08773860863217,0.32728344373326,-3.32353692024424,0.000888836563381066,0.00930569643758823
"PCAT19",6.55448339653602,1.80989129677224,0.677876728757686,2.6699416280142,0.00758644342998878,0.0433642475697808
"CEACAM7",23.2249700047781,-3.03840713297609,0.577313584403535,-5.26300993958992,1.41715913827145e-07,1.10924795978253e-05
"GRIK5",6.09669185703641,2.07365791453292,0.75263235882992,2.75520696154592,0.00586550201737053,0.0362905556746286
"POU2F2",19.1442660440514,1.39830403788031,0.398599747964547,3.50804044664042,0.000451420412049169,0.0057115108188668
"LOC284344",11.0042902348292,2.81280530630263,0.653026405189964,4.30733777983203,1.65231190790516e-05,0.000489630264054527
"CEACAM19",23.7414043558846,1.0693028852338,0.396786734271227,2.69490583448506,0.00704085259227191,0.0412459656626472
"FOSB",42.3498384806399,2.67934109172037,0.392467202134612,6.82691719753281,8.6758736281836e-12,3.44806436411085e-09
"PLA2G4C",38.3466683704576,1.61429924167746,0.512070028308881,3.1524970266444,0.00161880470222178,0.0144927352073027
"ZNF114",35.5440101991975,1.0875406081661,0.308696867109926,3.52300500600425,0.000426683301024109,0.00549456405874057
"KCNJ14",63.1462358748848,1.06302726703855,0.276028680856565,3.8511478725319,0.000117565481190616,0.00212952166063682
"KLK6",295.155267329084,-1.0510136692624,0.170112722576939,-6.17833665431491,6.47804646655133e-10,1.20461948468375e-07
"KLK7",74.2301908269166,-1.55158432200146,0.422425492231444,-3.67303666690495,0.000239685074789763,0.00358029774851412
"CACNG8",39.3333281065063,1.57253665510763,0.381696337281379,4.11986309931077,3.79097576022792e-05,0.000897764167917707
"IL11",72.7616790431488,2.00119489720691,0.252000719786889,7.9412269095869,2.00191061652435e-15,1.50284171430859e-12
"RFPL4A",2.15185555735471,4.20521159057955,1.33375620349847,3.15290873965511,0.00161652335191732,0.0144787060627539
"RFPL4AL1",2.52152150219353,4.59133219950365,1.0129653904415,4.53256571530301,5.82715391392542e-06,0.000213195997619773
"EDDM13",9.16320234663718,2.02757713553153,0.553710284812156,3.66180147117797,0.000250447914345527,0.0037080560817162
"VN1R1",3.01751736176598,2.59956113339534,0.915954324955595,2.83809035294567,0.00453843336225259,0.030180284061515
"ZNF154",28.4267994809487,1.50109354410954,0.474739547996209,3.1619306848258,0.0015672686572009,0.014143797156191
"ZNF671",11.5033812479217,1.50380238565073,0.504150931448961,2.98284162905087,0.00285585727928003,0.0217006732914999
"UBE2CP5",75.8201174596427,1.43358509919502,0.419286518784763,3.41910611233112,0.000628272205203772,0.00717838180793419
"ZNF814",69.7315754189423,1.06668808579169,0.271922631534084,3.92276317632644,8.75391885274378e-05,0.00170608828102177
"SNORD57",5.07802196521408,1.55085266081039,0.591216698148707,2.62315436229493,0.0087119791182393,0.0473968875601433
"GNRH2",131.009828835212,1.26439870145885,0.263612459751979,4.79642996635464,1.61518391446612e-06,7.73951838352573e-05
"LOC105372521",24.4911796937633,2.2723920646128,0.497227989704917,4.57012097400504,4.87442756713833e-06,0.000184327933504341
"LOC100421490",3.65419617809043,2.11594825751144,0.699326888875385,3.02569269274657,0.00248064283874195,0.0196008686418008
"LOC105372539",5.54759722694075,1.99272315703013,0.764349683756435,2.60708311834028,0.00913171906026343,0.0490826872533756
"ESF1",2138.413633713,1.08307698839663,0.254689540200147,4.25253815898958,2.11361186656245e-05,0.00059172374203528
"LOC107985399",12.2864909591267,-1.4825051484179,0.413670201005378,-3.58378521057316,0.000338650600674546,0.0046006092661343
"LOC105372571",3.61035658656581,2.62637968772567,0.82441951358825,3.18573207503843,0.00144388245943071,0.0132967076647892
"LOC105372575",9.40093291891035,4.18989759594437,0.943394249110265,4.4413007604148,8.9416714743124e-06,0.000296626414259964
"BCL2L1-AS1",70.3268878009227,1.48418481382883,0.38199513423678,3.88535004979633,0.000102182547777095,0.0019124081818042
"LOC107985403",17.7975417652777,1.82184878644903,0.522585235711785,3.48622322627924,0.000489892026242844,0.00605834135443332
"FDX1P1",10.9060875290654,1.71946442102701,0.479837075377174,3.58343385549237,0.000339106664461284,0.00460063787280171
"MYH7B",33.6751472405735,1.0315713187768,0.360057599398596,2.86501748747931,0.00416986213850495,0.0285350702766907
"MMP24-AS1-EDEM2",11.2428007297911,1.05910189194335,0.392004638108161,2.70175857371138,0.00689738253781794,0.0406050091951879
"FAM83C-AS1",16.4078679438246,1.3414087983492,0.446803277459582,3.00223580716806,0.00268004487666541,0.0207890660563074
"SLA2",11.6585959411417,1.26558939883162,0.452614106043721,2.79617754270647,0.00517109845342554,0.0330536091303949
"TLDC2",15.8975200254798,-1.11160026176718,0.381123101314778,-2.91664361969254,0.00353819788031322,0.025225372084442
"SNORA71A",28.4144687105779,1.15236362293943,0.300945923415915,3.82913850388608,0.000128592623569386,0.00227240094780113
"PLCG1-AS1",9.27003728468677,2.00250935278976,0.697971684805153,2.86904096023435,0.00411718477068781,0.0283077402025344
"TNNC2",2.99382559060798,2.98408828106964,1.137091286179,2.62431725345214,0.00868228708572445,0.047330703776989
"LOC100131496",24.7517789955541,1.81394534655187,0.43717789929484,4.14921556985778,3.33616530458609e-05,0.000815952746358089
"SULF2",80.4052426007155,-1.68790163184961,0.246849014224424,-6.83778963895335,8.04243734749413e-12,3.26024325192717e-09
"LOC105372646",8.2027714108395,4.1917882409332,0.760263429765047,5.51359972980502,3.51567668633069e-08,3.6543205515506e-06
"ARPC3P1",13.1692640888181,1.95373194391097,0.485659450575003,4.02284345871952,5.74997154991592e-05,0.00123329283963223
"SNORD12C",9.72270578006255,1.64827350232964,0.581352694989815,2.83523843018997,0.0045791496131271,0.0303717225510698
"SNORD12B",25.2479700661367,1.88425817089435,0.441003333444593,4.27266196873564,1.93153156040526e-05,0.000554110557592237
"SNORD12",15.9171286989625,1.53799263374398,0.461090215390036,3.33555686590094,0.000851287411438247,0.00900560779876922
"PTGIS",18.9186460008881,-1.20157587822069,0.411097388633294,-2.92284969801283,0.0034684389871976,0.0248944014984094
"KRT18P4",10.7789331562525,1.66688123092462,0.556791329582436,2.99372698956122,0.00275592424206144,0.021175067650623
"RIPOR3",11.6348978564558,1.30221451305441,0.450352246078831,2.89154661577166,0.00383350717155683,0.0268305790263416
"TMSB4XP6",14.4721449203872,1.38154185615827,0.42672909442508,3.23751502816929,0.00120575588837609,0.0116600506209422
"PSMD10P1",18.65506465728,1.76617588065416,0.466814129301243,3.78346705850116,0.00015465880201377,0.00261667717697589
"TSHZ2",22.3519379562173,1.37488675082826,0.45733682214563,3.00628920360681,0.00264457343273683,0.0205769132085001
"LOC101927770",22.7941291687946,1.00110881137223,0.343410441009116,2.91519619622064,0.00355465001416725,0.0253248510148175
"CASS4",18.987963551958,2.44502899092684,0.473621274618535,5.16241377226166,2.43785681433339e-07,1.70978961140912e-05
"GCNT7",19.6453452493022,1.21236299339274,0.461283293939947,2.62823954242437,0.0085828053566663,0.0470048316061252
"DPH3P1",45.232181325707,1.38245072749049,0.396035882932756,3.49072088431243,0.00048171922659229,0.00599384100908479
"RNA45SN1",7.12043711807421,2.06421262196085,0.69436470401745,2.97280753186005,0.00295089428285253,0.0221705489199651
"TRG-GCC1-5",5.2976158062119,2.90729591997487,0.770210527387131,3.7746769442864,0.000160215154101702,0.00268158625804079
"MIR155HG",10.020536807688,1.55579638027084,0.399183965523856,3.89744206841862,9.72140672672692e-05,0.00184843520585392
"SNORA80A",2.29408287706474,3.53936108719259,1.35588907986196,2.61036182071244,0.00904465033163411,0.0487569195669925
"LOC102724584",6.94663150053399,1.85369555465796,0.686479628739265,2.70029215296937,0.00692786099298408,0.0407489304894934
"LOC112267915",11.3399867218406,2.40890816048902,0.591123200317679,4.07513722891342,4.59872202544439e-05,0.0010333868817487
"SRSF9P1",17.025609181262,1.19131539451817,0.439423966985711,2.71108424670179,0.00670635844633639,0.0396995266789697
"LOC107985492",35.3856356380898,1.02033285375464,0.358553066953348,2.84569551286923,0.00443145461264252,0.0297618701052098
"METTL21AP1",1.90850463749345,3.35846698911106,1.27757051312494,2.62879187849775,0.00856887851557354,0.0469412428735568
"TMPRSS3",22.1823467574013,-1.47194982961454,0.330804013502595,-4.44961297182991,8.6025170501168e-06,0.000286783582382923
"ITGB2",69.8105340646009,-1.21896280821015,0.206584161333639,-5.90056275534838,3.62263792716554e-09,5.28253583782146e-07
"LOC107985497",19.0970917477507,1.24460308351184,0.435867998749414,2.8554587331092,0.00429747072530033,0.0291908291324103
"LOC105372835",14.4732354768236,1.65737200205471,0.595450944878508,2.78338965839221,0.0053794156826201,0.0340561659144445
"LOC105372859",7.69030737048179,2.19052081896729,0.769478793905652,2.84675917818194,0.00441667601549242,0.029711784320616
"KRT18P5",10.6661381844385,1.47003517314975,0.479031678913293,3.06876400426084,0.00214946315401761,0.0177031567122238
"SLC7A4",9.75211798444687,-2.6544899959567,0.517167967072359,-5.13274248400095,2.85550480986552e-07,1.95534550645825e-05
"SUSD2",743.577611507719,-1.09288004578945,0.117718318724667,-9.28385707194474,1.63451935833031e-20,3.3130072873997e-17
"KIAA1671-AS1",16.7906376666511,1.26592038060596,0.410795582264541,3.08163095042911,0.00205869901972479,0.0172286417963674
"YES1P1",5.75930886572141,1.86590359401537,0.607712248736142,3.07037351624208,0.00213791218115132,0.0176582485736577
"ZNRF3-AS1",6.301662501678,2.55531476114692,0.773263754989515,3.30458364905719,0.000951175866510386,0.00980128982204779
"NEFH",4.12079093000005,3.65690344136479,0.953399801386747,3.83564527289152,0.000125235054237705,0.00222470579697112
"RPEP4",4.89422077675615,3.86833668668746,0.877576229921041,4.40797796794873,1.04340155992239e-05,0.000335693749493127
"LOC91370",42.8469786730539,1.67572148761089,0.346870246140876,4.83097500075092,1.35866064888322e-06,6.71675431517415e-05
"KIAA1656",11.0126361462924,1.06963072206852,0.393440598434991,2.71865874117528,0.00655471952854278,0.0390757676835393
"LOC105372989",6.28739634547502,2.32730331962496,0.758372255547989,3.06881390056033,0.00214910420586676,0.0177031567122238
"RPS17P16",20.0507694683026,1.65954851311461,0.392007078247691,4.23346568264266,2.30117310936242e-05,0.000624397292552435
"LOC107985561",2.16477275219061,3.91832879497524,1.4582780517443,2.68695588628547,0.00721064750732881,0.041973754832294
"LOC105373017",7.58557743224193,1.37923869878923,0.481407952431132,2.86501020978988,0.00416995797323785,0.0285350702766907
"APOL4",9.08452406643942,-1.83702428161259,0.644054778107926,-2.85227956387392,0.00434069067955571,0.0293859249779274
"MRTFA-AS1",14.1392540597652,2.24627341957565,0.606818855294574,3.70171987896655,0.000214142965544938,0.00330828031145605
"LOC105373037",3.71694118894122,3.07432808785548,1.05497513824208,2.91412373279077,0.00356688502037668,0.0253674314268853
"SREBF2-AS1",6.7863064216661,1.71858895129672,0.650963560405667,2.64006936152575,0.00828890608275769,0.0459288784558271
"TBC1D22A-AS1",13.8205014700495,1.31944675703346,0.499705592176111,2.64044825131445,0.00827964361260329,0.0459026521837681
"LOC105369161",47.2450192177398,1.50377754061931,0.459555722027392,3.27224201231831,0.00106698200363469,0.01066929365154
"LPEQ6126",10.4058057418353,1.82438332804807,0.671580274902637,2.71655287718592,0.00659656569824645,0.0392790217795997
"LOC284930",24.9361014901293,1.30975309197461,0.308042996442654,4.25185155027032,2.12010381825221e-05,0.000592722541960746
"C22orf34",2.63413983940115,3.31246375386782,1.12748654261273,2.93791866126564,0.00330423701560202,0.0241038360421774
"ACE2",278.997276274492,-3.0588008661695,0.262933096321159,-11.6333809207242,2.78830755302236e-31,2.82581028961051e-27
"PPEF1",12.3995465040369,-1.93190903166669,0.663302944471135,-2.91255910707142,0.00358480349377277,0.0254413102294399
"RPL9P7",6.26149794281061,1.87200681848767,0.548546788823986,3.41266571353195,0.000643308012996184,0.00729670403772785
"TAB3-AS1",3.15224260145035,2.20935989742145,0.850355948880539,2.59815892430691,0.00937251046404459,0.0499793801973651
"XK",31.7116529129015,-2.2796535169511,0.491498385037124,-4.63817092049838,3.51506050951758e-06,0.000142557896634261
"LOC107985678",14.0817136798401,1.62681281291678,0.497524819530226,3.26981237730583,0.00107618839450711,0.0107507454747485
"MAOB",443.663712202659,-1.46486964100424,0.141547548479888,-10.3489580479197,4.23064866887368e-25,2.14377544673501e-21
"NDP",34.4938465650866,-1.35361680258054,0.320062060348227,-4.22923229672335,2.34490124476364e-05,0.000633717377734856
"LINC02595",19.1500965264248,1.04739179549578,0.340795196781297,3.07337604927552,0.00211651592347597,0.0175243714268523
"ZC4H2",35.9556725465575,-1.49536020353109,0.278244341463123,-5.37426995161113,7.68935848472371e-08,6.6321534947602e-06
"PGK1P1",2.30360077225518,2.49448626048107,0.868301577758332,2.87283396043229,0.00406807860347553,0.0280081131840508
"GDPD2",13.8710719580881,-2.53030657602652,0.447896054764543,-5.64931650794891,1.61087026363473e-08,1.87647869963289e-06
"IL2RG",529.233573974915,-1.17847620090254,0.124403846033508,-9.4729884844969,2.71949652602996e-21,6.89018438576265e-18
"INGX",15.245387387247,1.07029019462666,0.39644054892346,2.69974955269598,0.00693916916131509,0.0407681216610712
"GCNA",10.3451115038164,1.03530184836764,0.372647526712559,2.77823351600083,0.0054655323990769,0.0344253810431603
"UHRF2P1",5.38474034717146,3.59238563492758,1.13906110404428,3.15381292730713,0.00161152352348919,0.0144466918609475
"RAB11FIP1P1",38.1353734871107,1.08317111730678,0.301442628853246,3.59329110626259,0.000326527439207766,0.00448096456689385
"TTC3P1",13.4611164814449,1.10369208633379,0.385157129259151,2.86556317536363,0.00416268205102369,0.0285334469030095
"RPA4",3.82741129524574,2.79982698160238,0.981510599422128,2.85256927765304,0.00433673584170706,0.0293743360353106
"RPL36A",12.4094880092142,1.72560596917126,0.490956343273068,3.5147849555566,0.000440110217384076,0.00562458637840973
"TCEAL7",2.14817174375499,3.69378120772927,1.16725792419218,3.16449443706763,0.00155352631903182,0.0140573325716322
"NUP62CL",31.8063263376431,-1.21319126995084,0.276177688361438,-4.39279247048774,1.11903937550948e-05,0.000355953652057709
"RNU1-67P",2.70913163524494,3.25622154746482,1.2477447477473,2.60968563750211,0.00906254603923671,0.0488274177749306
"UPF3B",1432.81920520809,1.22249451117496,0.408144197183016,2.99525148124739,0.00274218655630749,0.021093502584363
"XPNPEP2",171.239070654,-1.87506235528246,0.280217201721756,-6.69146056616583,2.20954047416524e-11,7.10875807473892e-09
"OR13H1",2.86836092446872,3.23357134546184,1.07199040555328,3.0164181775423,0.00255780239364685,0.0200754122367915
"XRCC6P2",26.7974735691701,1.54379018888179,0.385586893863514,4.00374134455993,6.2348532001392e-05,0.00130417171840683
"ZFP92",11.7573963200827,-1.02962169930977,0.355735853665348,-2.89434334127695,0.00379952451565236,0.0266479454698124
"TKTL1",6.97127024276395,3.50581169318357,1.00674614440817,3.48231946320938,0.000497090280812517,0.00611008059538442
"TRNW",64.6981060322367,1.30893428270197,0.382517041020158,3.42189796096691,0.00062185646562872,0.00714224794299882
"TRNS1",408.736736722525,1.35945507719983,0.399962867123249,3.39895322527757,0.000676442838729431,0.0076006265881927
"TRNK",19.9731945608653,1.08937698689882,0.346329275562821,3.14549494878384,0.00165806058127484,0.0147433329610671
"TRNG",169.236899534989,1.26337393631266,0.323946926295686,3.89994111306831,9.62160871443436e-05,0.00183289837436908
"TRNR",11.628336306515,1.3417998084048,0.439138459634263,3.05552788412638,0.00224664711117364,0.0183027694117277
"TRNH",48.3073507794561,1.43204026522917,0.416369505598865,3.43934953442246,0.000583113827848356,0.00683867255061374
"TRNT",31.3267474143287,1.29919951118491,0.255987730930684,5.07524132684588,3.87004509086087e-07,2.47450927276527e-05
"LOC389831",22.6710554757445,-1.02244631232412,0.385706183880024,-2.65084241595193,0.00802912934544859,0.0449564703599164
"LOC105379426",3.2407601278218,3.36318828568492,1.04948791863311,3.20459933456428,0.00135250610960014,0.0126564849194299
"RNA45SN4",626.185384329974,1.51111068432236,0.397365156416766,3.8028263422711,0.00014305463662099,0.00246710330123792
"LOC112268326",2.85270137048261,2.65119473422734,0.939051152010541,2.8232697745496,0.00475365533812198,0.0312121282955602
"LOC112268401",4.90694053938089,1.60397079382098,0.573731210336711,2.79568335297576,0.00517901151450812,0.0330937529595098
