"","baseMean","log2FoldChange","lfcSE","stat","pvalue","padj"
"MXRA8",321.565532109834,-1.04106610886253,0.172564707413361,-6.03290281348644,1.61040275931479e-09,5.48158841671644e-08
"LOC105378604",20.3973247710928,-2.41721176590246,0.645641219059267,-3.74389319415582,0.000181190698660814,0.00140221840594855
"LINC01134",34.3607714372313,-1.50894189370442,0.547050393942445,-2.75832338375607,0.00580986909779195,0.0245082815568569
"ESPN",681.446719502948,-1.50700197580354,0.168425349507201,-8.94759595401111,3.63308109303508e-19,7.39169343996627e-17
"SLC2A7",15.7468487595972,-2.96704949398642,0.78033815278274,-3.80226121637871,0.000143381434879255,0.00115276470951651
"SLC2A5",46.5158130240236,-1.34117519971465,0.483657242245255,-2.77298690595139,0.00555443556526531,0.0236211610999234
"RBP7",29.88541728315,1.77506740586461,0.564551968085528,3.14420550491411,0.00166538441617497,0.00877602039574648
"EXOSC10-AS1",5.11448584304906,-3.73352871752284,1.49613933548182,-2.49544185423111,0.0125800371094038,0.0458993205819576
"NPPB",751.038943617611,2.65459252297839,0.582925599268231,4.5539131002495,5.26571150600051e-06,6.75746134796863e-05
"KAZN-AS1",4.57164307656029,4.74806574480749,1.84184319858247,2.57788814404056,0.00994061703281616,0.037904260803409
"TMEM82",149.211202381102,-1.10557926155891,0.249721681411547,-4.4272457854266,9.54439555019176e-06,0.000112326066253733
"EPHA2",1737.25227682631,1.09337843492102,0.140622632940605,7.77526641378445,7.52887848785222e-15,7.88038300225382e-13
"RNF186",14.3305433556553,-3.16582154054179,0.83527691388528,-3.7901461035431,0.000150558700634716,0.00120411010483743
"PLA2G2A",4499.55860640148,-1.39976896794517,0.115172779005793,-12.1536441165039,5.48644803136303e-34,3.99484979048855e-31
"CDA",36.4460970124522,-1.32415894452785,0.438319459675494,-3.02099054764345,0.00251949225142743,0.0124010470170972
"SH2D5",99.9025158486559,1.18496884279216,0.344434274320358,3.44033370410176,0.000580997352312305,0.00368465755538747
"EPHB2",285.521584538122,-1.15937139776403,0.19480664946228,-5.95139540135931,2.65865912482586e-09,8.64554647834147e-08
"LOC105376863",15.49329235503,-1.92132907928741,0.70279695829281,-2.73383237735488,0.00626019047021666,0.0260859442161529
"MYOM3",59.1169249919761,-2.20090623101547,0.418541827142755,-5.2585096357999,1.45227577293478e-07,2.99892261027604e-06
"MAN1C1",52.5192810680481,-1.22374910034782,0.368912901899448,-3.31717620621836,0.000909322479092445,0.00533208107750742
"CNKSR1",16.4788369741186,-1.84044406260129,0.738273334448303,-2.4929033417909,0.012670333285226,0.0461684228737336
"LAPTM5",29.9961909170719,-1.97869190635321,0.601995714901603,-3.28688702821852,0.00101301464202836,0.00582587781938496
"LOC105378641",13.7067685869108,-3.08629245822163,0.89755887385871,-3.43854041011628,0.000584859239167595,0.00370167712711251
"ZC3H12A",243.370515787,1.03966769759312,0.179745858580932,5.78409820288017,7.29023472181549e-09,2.1159369304375e-07
"CLDN19",86.4951618151621,-1.41083147544764,0.33057329012397,-4.26783263378163,1.97381322881805e-05,0.000209742703953146
"TSPAN1",112.505211741067,-2.90968797219597,0.315735958391393,-9.21557363000467,3.09618334114658e-20,7.62526211973263e-18
"PDZK1IP1",81.3800173373855,-1.05361614362036,0.336355347363171,-3.13244951174432,0.00173354239819342,0.00906388839917113
"SLC5A9",330.798589753185,-1.74316304822213,0.245336965367024,-7.10517897543226,1.2016671285033e-12,8.31583446324163e-11
"SPATA6",19.6968533846641,1.71048288828672,0.645308140215013,2.65064514406527,0.00803381999127595,0.0319424201027087
"BSND",4.92053939127731,-5.6364359777356,1.69956246521329,-3.31640412935824,0.000911838665668737,0.00534122495066608
"DAB1",32.9775653205797,-3.0461982152926,0.639254967520417,-4.76523198108009,1.88636491635165e-06,2.7662831220789e-05
"JUN",948.67272774822,1.56881489772985,0.127193626314985,12.3340684842557,5.9371564279062e-35,4.51952539537023e-32
"TTLL7",10.4476021921151,2.90623090473824,1.04218290614129,2.7885996667309,0.00529364563070417,0.0226501490489021
"CCN1",3360.70956263146,1.07802360678683,0.119224150423577,9.04199025916188,1.53844800507136e-19,3.34602451180911e-17
"GBP5",20.6466118614732,7.9329317214567,1.31986955222776,6.01039072995283,1.85076718528212e-09,6.1865864375089e-08
"LOC107985088",43.1672434360736,-2.29135897048176,0.456440214398222,-5.02006374154111,5.1654336173399e-07,9.15402294069749e-06
"EPHX4",22.2060348345831,-3.36669079567119,0.702242003449416,-4.79420310823618,1.63322740672412e-06,2.45747164244464e-05
"LOC102606465",54.6270426631218,1.24086000866321,0.37108172504625,3.34389953724765,0.000826096466241677,0.00491636017062877
"VAV3",890.103142805988,-1.4475613878529,0.123963145797259,-11.6773528014558,1.66397168248597e-31,1.07178976025356e-28
"MYBPHL",27.5408406826713,-3.56608753497894,0.664139143974457,-5.36948855873506,7.89602458766195e-08,1.7445214217622e-06
"RBM15-AS1",34.0621842397836,-1.6366833760198,0.499713154802182,-3.27524572905771,0.00105570101881534,0.00602995394341763
"CYMP",133.479615972858,1.19041527464178,0.287210032560346,4.1447551954567,3.40176928467713e-05,0.000332183266533457
"OVGP1",22.7843958083211,1.87170832040301,0.653070814535085,2.86601127893835,0.00415679435418967,0.0186682314426426
"MAB21L3",11.1066746420407,-2.39029873134681,0.895300817375008,-2.66982748698374,0.00758902268775122,0.0305954171766417
"HAO2",70.4211819266232,-1.05566486370741,0.395448805858265,-2.66953610193926,0.00759561071400004,0.0306146071305316
"HMGCS2",6453.35778919806,-1.67626032435705,0.203466114597445,-8.23852329255664,1.74349123849571e-16,2.63047277217006e-14
"LOC100996740",49.8667385013322,-1.03115823025815,0.416657159884545,-2.47483621916849,0.0133297288133977,0.0480794676799421
"ANKRD35",19.1319098354639,2.07277287549111,0.768610257045688,2.69678013855584,0.00700134797460461,0.0285979450074887
"FMO5",193.226511128417,-1.70212357437584,0.267853103712951,-6.35469050304506,2.08846679617062e-10,8.635939119869e-09
"PDZK1P1",7.97076802275483,-2.6951684319041,1.09013408645522,-2.47232745530228,0.013423649612481,0.0483349516362544
"LINC02806",37.3562197304216,-1.81855797354066,0.502723915723263,-3.61740891304986,0.000297566998297914,0.00211953767580749
"LOC730257",86.1574504844251,-1.26618267254334,0.293215061796369,-4.31827295905649,1.57254874589265e-05,0.000172127280048785
"PLEKHO1",79.7017555792172,1.16968783650776,0.309050891873317,3.78477418206977,0.000153848210136931,0.00122340739561405
"CTSS",234.726568522414,-1.71734276566364,0.215926866314828,-7.95335381359957,1.81528952593361e-15,2.1714752636293e-13
"MINDY1",538.421146350379,-1.02811032506877,0.152948936345615,-6.7219187634334,1.79346942101061e-11,9.50482037774197e-10
"SEMA6C",30.7943499489166,-2.15513225860613,0.672836685501894,-3.20305403234447,0.00135978465942206,0.00741769175613719
"CELF3",245.268176887905,-2.0892491426756,0.282796303616411,-7.3878233766078,1.49251815482201e-13,1.26238391610122e-11
"RIIAD1",57.7812497912264,-1.17822612717928,0.408221541138176,-2.88624192612235,0.00389872342693844,0.0177204431421697
"CRCT1",5.89197488430554,-3.93873526017453,1.48285775582403,-2.65617874992045,0.0079031710603108,0.0315279670669426
"S100A9",54.6215005678716,-6.23392681893044,0.802354208349979,-7.76954461515239,7.87687955465187e-15,8.14284579640462e-13
"S100A6",1779.16957458231,-1.2424417337522,0.121973764143434,-10.1861391462114,2.28665866360892e-24,8.9057378231299e-22
"S100A4",221.030038564737,-1.06201565103595,0.221221430131273,-4.8006906492095,1.58119362792004e-06,2.39857334119356e-05
"NPR 1.00",30.3647253565156,1.80170806086279,0.583682508941095,3.08679467563867,0.00202327297400563,0.0103052775230147
"PBXIP1",1794.84443946888,-1.17195382156257,0.122386966362352,-9.57580579367217,1.01066091540203e-21,3.07737060913414e-19
"EFNA1",527.697273743699,-1.00595885453435,0.15495629810192,-6.49188749896887,8.47675513610424e-11,3.88951955313548e-09
"MUC1",44.9723028616672,-1.20887354110294,0.401547794311241,-3.01053463181506,0.00260788206458816,0.0127478695083648
"LOC105371729",4.08617245740887,4.57804646974305,1.70239486068123,2.68918015172525,0.00716277520517703,0.0291577531261788
"LOC105371453",97.3058085808443,-2.36878364843106,0.302168143212677,-7.83928981806604,4.53101682710817e-15,4.95953848389415e-13
"SLAMF9",17.6506912984183,-2.07379267761048,0.701332438227443,-2.95693249673694,0.00310716133017323,0.0147201218660286
"HSPA6",60.5823780805845,5.26987148989998,0.609971341425623,8.63953948653269,5.64400558704402e-18,9.84585016314855e-16
"GPA33",107.575577285069,-6.62840173732576,0.640147713514721,-10.3544878742636,3.99317814448731e-25,1.67184385964322e-22
"FMO3",11.5910480715491,-2.44581924058961,0.930163858089811,-2.62944987522129,0.00855231387374502,0.0336526316831785
"FMO1",6.55730230605073,-3.01346558341975,1.21506308461221,-2.48008981721431,0.0131349291787749,0.0475098615457761
"LINC02818",16.2672890287615,3.61658503095382,0.837088162808636,4.32043504093917,1.55721893043448e-05,0.000170896103722059
"RGS16",6.72652707997761,4.38616757096274,1.45750989883616,3.00935696866632,0.00261801316178874,0.0127787427631816
"NMNAT2",111.324782913372,-1.01370880428625,0.263394420214736,-3.84863431601858,0.0001187781645223,0.000977002908278464
"PTGS2",852.327108405874,1.29254930575255,0.117055917168825,11.0421526481943,2.3923207822477e-28,1.29239342388072e-25
"ADORA1",33.1464177015004,1.15682704203707,0.470523339444251,2.45859651383805,0.01394812799408,0.0498270690095686
"REN",12.262330265881,-3.37808389757216,0.93555964792613,-3.61076271840113,0.000305297876312184,0.00216004374085346
"NUAK2",599.426072307605,1.35976041290789,0.13508915904897,10.0656516220889,7.83666424535696e-24,2.91645813593318e-21
"BLACAT1",6.31467129655661,-5.996209236948,1.64937582207159,-3.63544145409919,0.000277505013805092,0.00200317951129046
"CDK18",787.736993993426,-1.21673731242488,0.469100237657919,-2.59376827114753,0.00949304460440291,0.036553184215176
"C4BPA",197.859322977963,-1.11918477848615,0.196728609348829,-5.68897824363545,1.27801748558022e-08,3.51510723247289e-07
"LAMB3",4822.2967844297,-1.17412345964342,0.101151329284006,-11.6075929792953,3.77081328377039e-31,2.3388818541964e-28
"G0S2",961.915390818558,-1.51142771359944,0.333854540861535,-4.52720430190673,5.97691497863431e-06,7.54867233387548e-05
"ATF3",539.900086472826,2.10069064598175,0.167425840159515,12.5469918142881,4.12899881242202e-36,3.63938647955955e-33
"SUSD4",50.9675932295611,-1.12155117842502,0.426194175961964,-2.63154975286455,0.00849964211335208,0.0335241418917351
"CAPN8",70.9084471351373,-1.56977861405009,0.447027451551983,-3.51159332296072,0.000445429042030593,0.00295663898806434
"AGT",2934.40684161142,-1.1244842933822,0.303717594767431,-3.70240089068025,0.000213568799786636,0.00160892338732649
"GNG4",24.1814116504166,-2.99771395908405,0.759296379103755,-3.94801561232577,7.88016667633725e-05,0.000688774276245407
"ACTN2",3.9359195242532,5.54109980077955,1.76391986829385,3.14135573864768,0.00168167632984722,0.00883962131071922
"ALLC",6.38556453155428,4.3176757730915,1.4957329093227,2.88666228186866,0.00389351901250593,0.0177042527565671
"RSAD2",7.72286062228275,4.59299874166219,1.45198926328776,3.16324566427042,0.00156020612519649,0.00831067811026258
"LOC105373424",8.28151674056861,-2.74310366457123,1.07953018786396,-2.54101617111694,0.0110530807170457,0.0413090700219513
"LRATD1",10.4498478529366,-4.81031156990644,1.37356608587219,-3.502060526525,0.000461674726034963,0.00304396324287698
"MATN3",102.729480835537,1.03284228934022,0.306274647880479,3.37227484053229,0.000745500142687044,0.00450718082656315
"HS1BP3-IT1",41.2785927166937,1.24180512336878,0.488363971217714,2.54278611149875,0.010997252479169,0.041146333169938
"DPYSL5",70.6384292401814,1.05421882441437,0.320242362675851,3.29194056528194,0.000994986369538205,0.0057419147934722
"UCN",6.04642205510731,-3.37842222004914,1.35590358982992,-2.49163896709863,0.0127155214045462,0.0463028564822648
"LOC105374378",78.496814393487,-1.03415267409,0.311635993121521,-3.31846351806589,0.000905141453792214,0.00531500838943135
"XDH",85.8032684764649,-2.65368449280837,0.367319570194807,-7.22445714341057,5.03107489338168e-13,3.84727905203028e-11
"LINC01317",3.93437356095115,5.54057257521256,1.803518898301,3.07209011251951,0.00212565544158275,0.0107385676259989
"OXER1",114.037619044544,-1.54867773250476,0.322126148701399,-4.80767469125997,1.52695971812173e-06,2.33534195428171e-05
"EPCAM-DT",47.5098705685273,-1.42684654951331,0.417231258745462,-3.41979782100597,0.000626676927450242,0.00392481619446866
"SLC1A4",288.792603723125,1.08781618550034,0.22810582807733,4.76891009172972,1.852252974353e-06,2.73301150321495e-05
"ATP6V1B1",14.4709007132431,-2.24981703616952,0.786762887410036,-2.85958714140133,0.00424192857053842,0.0190199672746471
"CYP26B1",41.0752767612747,1.44319807648937,0.42969949052964,3.35862180034357,0.00078332192353658,0.0047086476143098
"NAT8",92.3590806685491,-1.45601196910151,0.302269545794371,-4.81693240142695,1.45782048402834e-06,2.26056663389099e-05
"NAT8B",54.9333058399467,-1.82188120739315,0.493087030783775,-3.69484714391539,0.000220019108302635,0.00164935541931255
"WBP1",182.653197680203,-1.11718289700454,0.251864067296545,-4.43565812700535,9.17914235311929e-06,0.000108715061518875
"LBX2",144.382741446678,-1.19457951314812,0.293805329892097,-4.06588782302501,4.78499492844763e-05,0.000449435277996144
"HK2",1312.22276302906,1.29164222148466,0.119256794435144,10.8307642143366,2.46092801187802e-27,1.21215180632121e-24
"EVA1A",19.3818429691235,-1.652833280387,0.641369831723916,-2.57703621005124,0.00996515108965784,0.0379862037122618
"FABP1",7459.4929690145,-1.51269045787334,0.266619945203471,-5.67358325994302,1.39841085587641e-08,3.80181600703932e-07
"NPAS2",165.735800118585,-1.94790466653998,0.229632241093828,-8.48271417489698,2.20000632922452e-17,3.57703941704107e-15
"FHL2",675.359960033172,1.6557810601856,0.332269123706695,4.98325285754573,6.2524158092175e-07,1.08783799615309e-05
"SULT1C4",84.5460628424852,-2.77895443085945,0.327221781015362,-8.49257168100612,2.02114070783578e-17,3.35129142912137e-15
"ACOXL",101.962255047067,-1.16751590421521,0.279660309463058,-4.17476440062882,2.98294596717575e-05,0.000296295350606715
"RGPD8",179.708541844419,1.08841342806763,0.209786649430454,5.18819205617964,2.123455455222e-07,4.15924076124009e-06
"LOC105373583",161.409456791152,-1.17719909178102,0.236141429790647,-4.98514425369863,6.19156010892356e-07,1.08123104425592e-05
"LOC105373989",71.7072900087294,1.42486050620177,0.344861330934611,4.13169114188663,3.60104068890121e-05,0.000349603642997267
"INHBB",607.663475073668,1.1487608528168,0.180172979708402,6.37587752989374,1.81918260015694e-10,7.59746907851081e-09
"MYO7B",265.972964421626,-2.67609130750735,0.517112825495901,-5.17506272435041,2.27834427128551e-07,4.44184301643986e-06
"LIMS2",91.9459239140695,1.28900042867691,0.3195943973985,4.03323850220587,5.50133935025164e-05,0.000505103783435659
"LCT",158.742388519257,-1.7064412288218,0.290055809327766,-5.88314791135074,4.02535883284839e-09,1.25535725090711e-07
"CXCR4",17.2007334690475,3.70256288704051,0.824476392561102,4.49080521946675,7.0954416865424e-06,8.67353006748362e-05
"NEB",705.289323155815,-1.01774918154828,0.383642188766866,-2.65286042919215,0.00798128655440331,0.0317865888053727
"NR4A2",20.3872534844838,1.65593059200968,0.660285781781353,2.50789981807912,0.0121451095318995,0.0445258645645186
"GALNT5",56.4188558489315,-1.79895379471669,0.423122540305968,-4.25161418584752,2.12235253403913e-05,0.000222700738643818
"ACVR1C",73.6348051726309,-1.13624844848793,0.343840609924803,-3.30457896970467,0.000951191745468787,0.00554266115565963
"PLA2R1",37.4975324893116,-2.48009477016391,0.522729420722904,-4.74450962934913,2.09012037097838e-06,3.02012475002372e-05
"SLC38A11",17.8139418194762,-1.65082997379288,0.650053573545082,-2.53952911110086,0.0111001807127757,0.0414388600973819
"SCN9A",20.1868583426832,2.48713514225458,0.704496431300558,3.53037294690497,0.000414974269060824,0.00278763501161717
"STK39",205.345762091114,-4.45655574784422,0.310251473840511,-14.364333850466,8.66357167612896e-47,1.20907362383443e-43
"LINC01124",94.8818522052805,-1.36924039562048,0.29514084026116,-4.63927796101986,3.49628547019194e-06,4.77371999011102e-05
"DLX2",41.5035346649992,1.81686517714074,0.501029433372934,3.62626435918064,0.000287550977785575,0.00206324602612469
"LOC107985961",33.6628150812303,-1.34820028579907,0.47564647805813,-2.83445867465102,0.0045903394520446,0.0202674439239101
"LOC102724194",23.2655552329778,-1.92315302168592,0.651067406712595,-2.95384625594516,0.00313840315045723,0.0148471292544371
"CHRNA1",6.18943592507913,-4.0396524063944,1.46685651027073,-2.75395199060665,0.00588804046715363,0.0247943207702846
"HOXD4",25.770705526222,-1.58104944996333,0.57926373556283,-2.72941210177283,0.00634473608428261,0.0263399343588203
"HAGLR",214.15567754882,-1.79175850984492,0.212718286902951,-8.42315221663279,3.66487829863596e-17,5.7901619686091e-15
"PDE11A",16.3413461651083,2.01951741584199,0.805966424913829,2.50570911320272,0.0122206111450235,0.0447536791702838
"NABP1",1197.11808733939,1.21440516658472,0.145487141915458,8.34716491503014,6.99210550297278e-17,1.08422954498412e-14
"CCNYL1",1783.99383916559,1.01263392565768,0.114609633630436,8.83550442995882,9.96475853911191e-19,1.87505405903941e-16
"CPS1",1136.23823866248,-1.67742468195553,0.382952824705159,-4.38023843601887,1.18549517597669e-05,0.000135426246330707
"IGFBP2",26.5348267839703,-2.09619059376745,0.608406246184663,-3.44537980487994,0.000570257514935326,0.00362782980239936
"TNS1",133.372532920517,-1.31924952096857,0.288908612436879,-4.56632119700759,4.96358035320549e-06,6.44880373740359e-05
"CYP27A1",1641.17822899134,-1.32804361768611,0.299288607191382,-4.43733435144388,9.10797630456894e-06,0.000108101544417162
"CFAP65",4.8201864362645,3.87593680208149,1.56452921081437,2.47738218966457,0.0132350094142376,0.0478099013503532
"SLC23A3",60.4567172000488,-1.98975158661372,0.413689243354943,-4.80977356451718,1.51101368559804e-06,2.32068936809999e-05
"TM4SF20",419.751465380578,-3.93980760043781,0.229090725525583,-17.1975866390883,2.76823401971715e-66,9.27192302564063e-63
"CCL20",29.3092936951362,2.48099457041051,0.580203455385703,4.27607686128173,1.90215574933141e-05,0.000203418916564834
"DAW1",206.248965153165,1.12953755975169,0.235236651274144,4.80170735994423,1.57318486056505e-06,2.38858811059682e-05
"GPR55",89.7641109397556,-5.59655797764327,1.76361932878771,-3.17333672085022,0.00150697638441504,0.0080759467231356
"LOC112268432",95.6703108570745,-1.59365833398159,0.292692486499854,-5.44482146788001,5.18573709469862e-08,1.20618804340164e-06
"ALPG",72.5597960825357,-1.24917066825694,0.34073938536232,-3.66605893512619,0.000246317182024342,0.00181401664351876
"KCNJ13",51.5551329672958,-1.03622774343845,0.408606421058305,-2.5360045511634,0.0112125276891459,0.0417930561340144
"UGT1A8",7.35714004701718,-6.21713994315555,1.50565513955238,-4.12919252213614,3.64039485750942e-05,0.000352402847853816
"RAMP1",55.5089424338373,-2.08999990619683,0.392677128948692,-5.32243859425261,1.02385350719956e-07,2.20391705463639e-06
"PER2",260.452094283006,1.88187127886744,0.192505664441271,9.77566703987329,1.43210826476e-22,4.52519190753505e-20
"KIF1A",52.246668768466,1.9510772539644,0.492963067209207,3.95785685327292,7.56252545295314e-05,0.00066482736882208
"CIDEC",244.781735563139,-1.58201164635435,0.22191033983625,-7.12905783264421,1.01058269787156e-12,7.14102465875738e-11
"LOC101927467",9.01305649392429,6.73531510025094,1.46892082014251,4.58521317683924,4.5352346927752e-06,5.94300276994572e-05
"GRIP2",10.2259198343687,2.50326145319712,0.942378475185346,2.65632282475974,0.00789979500685117,0.031522007857931
"ZCWPW2",5.57195777193247,-3.85306691521795,1.48191533150846,-2.60005874377173,0.00932078033961265,0.0360441636071826
"VILL",806.765655972006,-1.17034200220873,0.175630459797043,-6.66366189305186,2.67087528720583e-11,1.36369354984256e-09
"SCN11A",4.25619631991954,5.65521948510636,1.74368326634089,3.2432607425165,0.00118170012963872,0.00663423803924228
"GASK1A",49.7300208622496,1.08517893836217,0.387197481672788,2.80264978396536,0.00506846746830889,0.0218879898637878
"LOC105377061",4.70983095527248,5.7983974586988,1.73344971458396,3.34500470934656,0.000822811732780015,0.00490020301952204
"SLC6A20",134.362304966031,-1.65867439226816,0.259735566979487,-6.38601178713103,1.70267882793942e-10,7.16451314861845e-09
"WNT5A",29.4511898432055,1.51161252558049,0.526013534301341,2.87371412902566,0.00405675974206046,0.0182679632697732
"ADGRG7",857.809742392586,-1.37757899103837,0.168402259845499,-8.18028803355864,2.83166187271344e-16,3.91916044482083e-14
"HHLA2",121.873498858307,-1.35013532892165,0.295825352930406,-4.56396084901917,5.01974438744481e-06,6.50159777699445e-05
"C3orf85",94.302783652305,-2.2033191251683,0.318621844451013,-6.91515400949558,4.67355356661062e-12,2.83579715869667e-10
"ZBTB20",104.119016651623,1.26333329518986,0.309440517811718,4.08263696080856,4.45275539082666e-05,0.000421777683994197
"ARHGAP31",6.4964696866438,3.72124667831956,1.35986726773846,2.73647786559951,0.00621007725817059,0.0258964551400854
"NR1I2",15.9459074787192,-2.4471944694026,0.862663407669187,-2.83678946811321,0.00455696494540457,0.0201572878871343
"GPR156",7.54188427487339,2.59388293371389,1.03387986256616,2.50888234468142,0.012111381699924,0.0444411282490419
"MUC13",2829.79881733631,-1.46539281231149,0.258283131223412,-5.6735908588778,1.39834879582997e-08,3.80181600703932e-07
"LOC112267908",18.5388866214562,-1.80920509042969,0.643769345868128,-2.81033121884666,0.00494905391241957,0.0214523472698228
"ALDH1L1",62.0904166393662,-2.17039220983709,0.400631444297697,-5.41742851373478,6.04623112402228e-08,1.38517418103969e-06
"ABTB1",151.145451903335,-1.83355831831945,0.245373072200958,-7.47253275134357,7.86657810823927e-14,6.90841081120776e-12
"MGLL",193.217722584417,-3.82523843711124,0.254284579961607,-15.043139610309,3.82948554483765e-51,6.41323944193962e-48
"EPHB1",13.6211628136103,-3.54477119729859,0.894508734383163,-3.96281339806368,7.40716764840515e-05,0.000653915849276969
"RBP2",1536.89980044406,-1.75462034859722,0.317793991002685,-5.52125086777489,3.36594804005611e-08,8.24115962380405e-07
"CLSTN2",79.5705872543481,-1.25127279331292,0.331162149152081,-3.77842937822673,0.000157820594102404,0.00124965555055932
"TM4SF4",162.63182627879,-1.18210445080943,0.219183436363859,-5.39321980903276,6.92062064111896e-08,1.55153459005113e-06
"AADACP1",28.6359729604553,-2.42905207311955,0.59210441031831,-4.10240496572844,4.08877815784937e-05,0.00039150810640082
"AADAC",42.9432814367428,-2.33621777917544,0.557037612734641,-4.19400364673104,2.74073571894325e-05,0.000275670276787643
"LINC02006",47.3966917803131,-6.4433658684193,0.931858631285962,-6.91453150949246,4.69412068651029e-12,2.83799419267104e-10
"MME",5.53869840301516,-5.80710088124913,1.649969413603,-3.51952032163329,0.00043232791488961,0.00289145191320139
"SI",546.994631879232,-1.64658732491525,0.653749162892793,-2.51868364561909,0.0117794438111773,0.043518717296666
"LRRC31",11.8553055960275,-2.8791379014784,1.01727338298634,-2.83024991082173,0.00465116577671179,0.020450890549667
"TNFSF10",202.618339959557,-1.03714580863202,0.230292733947892,-4.50359762052542,6.6812655608318e-06,8.26374847468613e-05
"LINC02015",29.6038456702186,-1.55781705227385,0.523406003116523,-2.97630719364724,0.00291742465117054,0.0139594601809009
"KLHL24",817.621598242258,-1.71309684310101,0.15743226555564,-10.8814850440907,1.41242895601736e-27,7.16786294740082e-25
"AHSG",1677.85777722719,-1.89932501444368,0.498504047287521,-3.81004933616559,0.000138939062800237,0.00112128418783098
"KNG1",300.405196451769,-2.89750417294213,0.546613762762746,-5.30082550116794,1.15280234088594e-07,2.44379503833125e-06
"ST6GAL1",1799.93007850533,-1.9310085084788,0.399087362139507,-4.83856090587951,1.30782620215317e-06,2.04502011274128e-05
"LOC107986166",30.9779345545315,-1.93851811613318,0.595935214517227,-3.25290076657678,0.00114233382591723,0.00645434027754248
"TP63",14.3667497403572,7.40851314937899,1.3694450511778,5.40986521730627,6.30722000349899e-08,1.4351496385679e-06
"P3H2",56.4414305146614,1.08482100103216,0.369479957953998,2.93607536127095,0.00332393559900163,0.0155839724178276
"CLDN16",22.0396071460266,-1.75794910595037,0.660089409124201,-2.66319847228393,0.00774017462829425,0.0310064010170117
"TMEM207",25.9264705946634,-2.32895537442132,0.618927109118779,-3.76289120335553,0.000167960282491068,0.00131302743775215
"APOD",6101.97689626605,-1.15933445271987,0.0973528773691086,-11.9085792228237,1.06781200359457e-32,7.45110317674929e-30
"PIGZ",730.802136272559,-1.24365006516058,0.180908850378532,-6.87445673640833,6.22265392003696e-12,3.69842262000841e-10
"LOC105374339",54.0223174923674,-1.16923323585425,0.376242094480522,-3.10766193630889,0.00188573642575389,0.00973802896148638
"MXD4",2000.68234685759,-1.23610409633428,0.107939100219946,-11.4518658559825,2.30137784199956e-30,1.37647052571309e-27
"S100P",50.607137667259,-2.21567484836879,0.417712596374465,-5.30430460464858,1.13103317533064e-07,2.40373256183531e-06
"SLC2A9",50.2493245479047,-2.35192950753126,0.419707528528318,-5.60373438088704,2.09782112342134e-08,5.40495543906725e-07
"GBA3",9.02339056743993,-2.89983112750874,1.06746391976139,-2.71656125684973,0.00659639870880715,0.0272160357665418
"SOD3",15.468885923999,-2.13762901125686,0.752084835037187,-2.84227112643638,0.0044793380246788,0.0198874533137052
"SMIM14",2057.2279045838,-1.11675153219435,0.0864223405504174,-12.9220236929692,3.38129656884393e-38,3.15618708073787e-35
"LIMCH1",91.0891240165419,1.36930393755763,0.308338680639884,4.44090872645613,8.95797867614496e-06,0.000106548666276145
"UGT2B7",338.787543071908,-1.90004195679745,0.204154341043844,-9.30688981229844,1.31630331403524e-20,3.39140486156126e-18
"SULT1B1",187.038718336846,-1.34284173047645,0.275179430896056,-4.87987683564796,1.06152111721531e-06,1.70771317483236e-05
"SULT1E1",102.347553271182,-2.00993222349781,0.370197439068458,-5.42935204672262,5.65590186332735e-08,1.30288017201022e-06
"ODAM",61.7352132277785,-1.05551098851603,0.342094471759331,-3.08543713988631,0.00203253182531409,0.0103398573750106
"ALB",347.798713231086,-2.11873728935917,0.214825820643061,-9.86258208169263,6.04738676888648e-23,1.94760742727965e-20
"AFP",1762.53801683625,-2.63545353394826,0.346481876299195,-7.60632435409835,2.82001036679391e-14,2.6681759103219e-12
"PPBP",25.9090278450686,-1.79732225952347,0.653949440717684,-2.74841164716186,0.00598847721152546,0.0251350947021095
"ANTXR2",47.2551683938328,-2.96689251524618,0.467590464009592,-6.34506634246783,2.22329615862786e-10,9.1482901151206e-09
"SCD5",131.532606931233,-1.1664325135441,0.259496140636673,-4.49498983176498,6.9573271694644e-06,8.53585041077072e-05
"ADH4",63.8565278241683,-2.75739557993332,0.467161674198312,-5.90244391230346,3.58155898386572e-09,1.12533524020261e-07
"MTTP",226.376768692306,-2.26490601193403,0.525885199239107,-4.30684494488736,1.65599604130842e-05,0.00017961765352197
"SLC39A8",59.4830096945589,-1.01458373800364,0.355307698729804,-2.85550732964891,0.00429681310705763,0.0192300184671016
"BDH2",493.080618350739,-1.22180768895918,0.172813035791604,-7.07011298865535,1.54807596372601e-12,1.04118988612528e-10
"ALPK1",150.838095121942,-1.14632991448311,0.260363426428419,-4.40280699254918,1.06859225047977e-05,0.000124103428701697
"FABP2",6.73077783040122,-6.08901460990208,1.56547033290983,-3.88957521704298,0.000100419841288504,0.000847646714747267
"NDNF",248.015572059122,-3.68336956740335,0.221946081409725,-16.5957855349725,7.47592932816075e-62,1.56499235573385e-58
"BBS12",206.925849735481,-1.06501293391372,0.217539134798475,-4.89573030112643,9.79413141133146e-07,1.58322701491861e-05
"SLC7A11",442.684362492473,1.14035051851396,0.221858380752955,5.13999297499504,2.74748740627687e-07,5.21679950033092e-06
"NOCT",232.061087587078,1.28857692435981,0.227519838821863,5.66358050810992,1.48246566950777e-08,3.97884884973033e-07
"LINC02266",14.2602739510916,-2.48545665424427,0.82818021626114,-3.00110604605479,0.00269000865532037,0.0130578478117827
"CPE",6.82578332090778,-4.16635352029113,1.46217987420323,-2.84941243809791,0.00438000602700908,0.0195188826328688
"SLC9A3-AS1",133.381068520887,-1.02290714314548,0.268024639834854,-3.81646681355771,0.000135376273673813,0.00109629905958189
"ANKRD33B",442.582781221712,1.2700990698065,0.205204548427612,6.18942942317158,6.0382380452329e-10,2.25216865353041e-08
"RETREG1",107.290548789757,-1.69188805873513,0.301243065017872,-5.61635521347106,1.95027524906531e-08,5.05592253809547e-07
"AGXT2",168.348089726439,-2.23052173695929,0.279830368889244,-7.97097808151811,1.57423432176702e-15,1.89666922205988e-13
"PRLR",144.740297787302,-2.10649179495148,0.290938255648606,-7.24033967363747,4.47562385077797e-13,3.43822351509077e-11
"LIFR",432.569443493675,1.19379153177761,0.205793665507157,5.80091485729475,6.59540847299984e-09,1.93100184785539e-07
"FYB1",13.0304808426258,-3.0130128062387,0.893120808585306,-3.37357810642805,0.000741979929667973,0.00449238535146404
"CARD6",118.259839661105,-1.19590383130732,0.269585832571821,-4.43607818667074,9.16125851023872e-06,0.000108580039823756
"C7",7.37018500532367,-6.219474492549,1.52360641069384,-4.08207424758517,4.46355311650393e-05,0.000422561469994863
"PLK2",661.869629563365,2.62052207344932,0.15314820862752,17.1110200826627,1.22829383884872e-65,3.4283728198666e-62
"ZSWIM6",674.591796726483,1.08138829439986,0.121264029052473,8.91763454380961,4.76353358824914e-19,9.16952839108142e-17
"FOXD1",275.534352940714,-1.04161488228124,0.170688917787658,-6.10241658205979,1.04476640396508e-09,3.74661733773087e-08
"ANKRD31",56.9462338646363,1.10663538733303,0.357827881462673,3.09264717665236,0.00198379837048965,0.0101412305587882
"LOC105379042",23.2621326693539,-1.85948452668945,0.568711815693277,-3.26964285843557,0.00107683347095908,0.00613600889355283
"SSBP2",5.66987551898834,4.12624699387311,1.47604421306221,2.7954765564324,0.00518232602664855,0.0222762869528448
"POLR3G",202.285802801406,1.01075126584421,0.199592408837824,5.06407669374579,4.10384423049979e-07,7.48660994860349e-06
"ARRDC3",628.645566925207,2.12122513437249,0.141953516428683,14.9430967808268,1.7275666625195e-50,2.63014171792856e-47
"NR2F1",70.0972311373148,-1.95874649786797,0.335791879979943,-5.83321579421445,5.43691777889484e-09,1.63175738428588e-07
"NREP",21.0125065828322,-3.76998214737016,0.761829549972129,-4.94859007176617,7.4752995987644e-07,1.2619842981906e-05
"TRIM36",45.9884757488376,2.00302345366107,0.427072871689698,4.69012102252289,2.73043505011373e-06,3.83612380740392e-05
"LOX",163.806727714107,-1.37178666830023,0.231774881238022,-5.91861663771694,3.24660725887659e-09,1.03959716566742e-07
"SLC22A4",48.9977781823499,-1.09910605081848,0.407260462681808,-2.69877916353792,0.00695943409608871,0.0284684032259887
"SOWAHA",381.420422058502,-1.0536237729144,0.187841717421688,-5.60910423614317,2.03376509293681e-08,5.24799137309904e-07
"LEAP2",220.553662383,-2.00259377173126,0.253318444212001,-7.90544003994946,2.66988761021354e-15,3.04167400056096e-13
"FSTL4",28.0588767687608,3.19655060843338,0.571596456186026,5.59232055034481,2.24054675629568e-08,5.70249795253551e-07
"CTB-3M24.3",13.9709660668508,7.36858435525457,1.36925917630641,5.38143872450166,7.38928570845821e-08,1.64558999680252e-06
"LOC107986452",40.8986294920448,1.09589409171326,0.422674302279356,2.5927625261423,0.00952084860785368,0.0366373280412972
"SLC23A1",1062.50523702426,-1.19405378294939,0.446019543047062,-2.67713332647265,0.00742550800093891,0.030024816168369
"HBEGF",390.934680310913,1.32862256360471,0.19995487289861,6.64461207843833,3.04016697526137e-11,1.51890114797492e-09
"PCDH1",571.7563752321,-1.75740063575163,0.167310931541239,-10.5038004364853,8.29709235689603e-26,3.65661593949837e-23
"IRGM",22.5106108786238,3.77341055597175,0.7255858061459,5.20050216529869,1.98750803550681e-07,3.92509399417837e-06
"CCDC69",595.064881500776,-1.77775481904539,0.193138494099035,-9.20455980222055,3.43074501818018e-20,8.32676620571934e-18
"FAXDC2",56.288606371498,-1.31921257817272,0.388340403841465,-3.39705208400429,0.000681160007911494,0.00419697816500875
"ADAM19",85.8007468239754,1.37335076849236,0.293983742881409,4.67151943516264,2.98979803424848e-06,4.16185246181988e-05
"FABP6",79.2252580073683,-1.11297991390075,0.308125361998056,-3.6121009535975,0.000303726272553696,0.00215256194941039
"ATP10B",17.1368551168835,-3.90033639405208,0.867380099388849,-4.496686512407,6.90206354791901e-06,8.48670031108661e-05
"TENM2",6.26654741087228,6.21195469590625,1.58188341111553,3.92693586155356,8.60349116974577e-05,0.000741929282284925
"DUSP1",1763.36972089723,1.96964992417057,0.0984072284427535,20.0152972026479,4.05213229864423e-89,3.39305298026974e-85
"LOC105377730",112.782996336018,-1.08954431571168,0.279878977849918,-3.89291230117302,9.90479656228178e-05,0.000837755697113803
"STC2",3468.20897514149,1.10296692510698,0.125764803566856,8.7700763156732,1.78545230569756e-18,3.28582085313374e-16
"LOC643201",52.7942402363092,6.41077878979686,0.819682587359742,7.82105035370637,5.23843837248558e-15,5.69663165091013e-13
"CDHR2",83.16336836392,-2.39987296318734,0.383530674272421,-6.25731688277615,3.91657101452313e-10,1.54331328894633e-08
"LOC107986489",20.4569858838735,3.33788078073443,0.689565079693864,4.84055947586021,1.29474098107338e-06,2.02645114112484e-05
"N4BP3",102.764593963542,1.58223963816496,0.292668613217776,5.40624982217555,6.4358014925968e-08,1.45452587849553e-06
"RUFY1",31.2087600823628,1.54848309444843,0.491631339889067,3.14968344938677,0.00163447455633986,0.0086457818682955
"BTNL3",51.0699554245046,-3.97396671483601,0.518365164688401,-7.6663460154095,1.76965389569135e-14,1.72304615064785e-12
"TUBB2B",3429.01245259519,1.20904644205575,0.320019414574281,3.77804091562423,0.000158066913855434,0.00125101446424242
"LOC105374890",9.86621946169074,-2.56331058782748,0.983607960702837,-2.60602871289886,0.00915987826724015,0.035534047102495
"PPP1R3G",273.377905376467,-1.02429215413677,0.252228857779105,-4.06096337729054,4.88706379098702e-05,0.000456716837654351
"LY86-AS1",14.5432291394736,7.4261367545052,1.35713415014697,5.4719253462902,4.45172370860329e-08,1.05300871395451e-06
"LINC02522",12.1624919694694,4.2318366286117,1.0894112655407,3.88451704371841,0.000102533500296161,0.000863746745201109
"ERVFRD-1",64.6260034785278,-1.43945062069004,0.403293099839791,-3.56924187709103,0.000358015768579559,0.00246229571926155
"LOC107986570",4.69415454902839,5.79394196670364,1.69560031070747,3.41704464791364,0.000633048966569966,0.00395862258734611
"EDN1",391.832736001132,1.45015352248224,0.191059398155818,7.59006642164536,3.19741542777738e-14,3.00826495331392e-12
"SCGN",492.513075403362,-1.36177810891993,0.36923289039141,-3.68812785739743,0.000225910131336036,0.00168898078994848
"H4C2",75.518950940726,1.03396054687684,0.360613860030091,2.86722353597436,0.0041409041849851,0.0186111519428313
"H3C2",101.515969998165,1.07950331325448,0.316535021441051,3.41037559869349,0.000648734715206429,0.00404782424573847
"H2AC6",231.810768907335,-1.04553746737087,0.227710399352642,-4.59152269875785,4.40023773949317e-06,5.81157582202619e-05
"H1-4",193.267369463977,1.01418468795864,0.205572468414442,4.93346553544323,8.07833018493906e-07,1.35304397869774e-05
"H2BC8",131.730841823669,1.39422966459319,0.241490754727649,5.77342874333051,7.76744627714117e-09,2.24278315178074e-07
"H1-3",124.713494373119,1.01561728690424,0.3238682749266,3.13589618228093,0.00171329842196073,0.00897766228804015
"H3C7",62.0711415525997,1.08123749299377,0.343421823930126,3.14842394295176,0.00164153434312749,0.00867490553624366
"LOC105374986",155.466679729827,-1.23265259270328,0.250522457469375,-4.92032772293065,8.63994206181528e-07,1.42836238607325e-05
"H2BC10",60.3901421605048,1.40526240117567,0.380009841702892,3.69796317610733,0.000217336407752294,0.00163143559866771
"H2BC13",60.2624635779457,1.3306076792569,0.363517703178499,3.66036555475134,0.000251855677483465,0.00184668433923624
"H2AC14",63.2328598582143,1.09393691988193,0.376067162656431,2.90888710451259,0.00362717816447835,0.0167432063728001
"H2BC15",102.672476031522,1.09207728414354,0.273794118723519,3.98868057953551,6.64418152320139e-05,0.00059630282941615
"PGBD1",227.977955078712,1.03157066246005,0.222123018400379,4.64414120557568,3.41493949612171e-06,4.67620537543339e-05
"MDC 1.00",39.9179622917214,1.28497597892389,0.442661807370781,2.90283904671174,0.00369796636734834,0.0169810372234666
"MLN",24.0092893006524,-1.66749894363606,0.59728780496503,-2.79178468030782,0.00524182247019128,0.0225031532705187
"TSPO2",50.1457576648955,-1.14664991355716,0.40679151897014,-2.8187655348865,0.00482087182815335,0.0210028321810353
"PGC",67.5841088456744,-1.69694886338206,0.335468317076154,-5.0584474807403,4.22683625213646e-07,7.69422029505753e-06
"KLC4",877.286877530918,-1.18351823220221,0.160681013410438,-7.36563833574461,1.76301195462213e-13,1.46164164376519e-11
"LINC01512",8.89767135419256,-2.8749512720104,1.05988945577017,-2.71250105976508,0.00667775678546913,0.0274839992347632
"CLIC5",14.3783713073722,-2.80761556951528,0.802751543663926,-3.49749009101962,0.000469658159738705,0.00308808998867063
"MEP1A",191.561204484088,-2.62850750599216,0.521176644274676,-5.04341001245416,4.57307882395464e-07,8.24384833851112e-06
"GSTA2",2065.25752194949,-1.57669330542422,0.456736669673148,-3.45208390329714,0.000556274719593554,0.00355569951489819
"GSTA1",3422.3607410509,-1.55795388280223,0.431389353794231,-3.61147967398694,0.000304454949672237,0.00215681346961123
"MRAP2",27.738768763306,1.39028822237344,0.524524788810135,2.65056724111602,0.00803567300965617,0.0319424201027087
"NT5E",51.5591937814109,-1.22536857792191,0.394061311908652,-3.10958863732851,0.00187348063054315,0.00968369756781053
"HSPD1P10",4.6784781427843,5.78957643301149,1.68106570326899,3.44399176174561,0.000573193167196119,0.00364160317565759
"PNRC1",1322.42405503954,-1.32535298910169,0.281362416953402,-4.7104833810167,2.47129952107843e-06,3.51929022784868e-05
"CD24",126.52853466375,-1.43816532653849,0.262432996946439,-5.48012385360218,4.25028201764864e-08,1.00820783214677e-06
"SCML4",70.3503015622431,-3.15516449030098,0.450860392527218,-6.99809640100622,2.59463549805152e-12,1.65848704907896e-10
"SLC16A10",491.719520826465,-1.02298394204456,0.175893577881962,-5.81592548382326,6.02993252639919e-09,1.78324948897384e-07
"DSE",34.1975111091659,1.35003089981916,0.464006461880308,2.90950883388216,0.00361997156459604,0.0167191571407308
"GPRC6A",30.9859287025406,-1.55288772511127,0.485486923419735,-3.19861905686942,0.00138087502432479,0.00752293885242918
"ROS1",42.9870751548497,-2.74319370854913,0.549954470170986,-4.98803784192579,6.09956229468954e-07,1.06850805176952e-05
"GJA1",39.9534695675278,1.61781784236155,0.443112212441099,3.65103420068026,0.000261186452897801,0.00190592136238757
"MYB",59.8340641724432,-1.07075947757688,0.378500199288805,-2.82895353711521,0.00467004783867666,0.0204897278371281
"IL20RA",41.1857627329796,-2.17284611274307,0.479022680008045,-4.53599840555895,5.733161301144e-06,7.27609427598426e-05
"TNFAIP3",1535.22000336627,1.71896335561807,0.102250377520158,16.8113154915168,2.01646399067923e-63,4.82424606455788e-60
"PERP",10548.7385599317,-1.00844081418842,0.106722082420981,-9.44922354691763,3.41353356537395e-21,9.52774110321958e-19
"HIVEP2",129.117192002552,1.09482604528531,0.247344375374577,4.42632278832827,9.58530581954423e-06,0.000112728312190946
"AIG1",1569.05365490484,-1.08972744042934,0.128377364114891,-8.4884702840143,2.09374756885041e-17,3.43764613093508e-15
"PLAGL1",5.60789008173062,6.0503718440553,1.65945936298891,3.64598975967557,0.000266364582917149,0.00193779655521872
"ULBP1",30.2185171103718,2.53961151023008,0.543295259743973,4.6744591723971,2.94729258042105e-06,4.11980644377585e-05
"IYD",112.584059079577,-1.40230291715515,0.308046410056479,-4.55224560772529,5.30763207883753e-06,6.78526064307574e-05
"PLEKHG1",155.050833691146,1.06043297993266,0.227664811311349,4.65786949605678,3.19498635454066e-06,4.41510860405281e-05
"CCDC170",31.8251042816871,-1.51751919584022,0.47654768042499,-3.18440159961934,0.00145053617584606,0.00782103327008819
"IPCEF1",35.2383812786601,2.33363564476763,0.583883681029679,3.9967475039759,6.42187343248539e-05,0.000578521325303028
"SMOC2",5.20290193070957,-5.71749850378517,1.70587692327922,-3.35164772192027,0.000803321683531546,0.00480300900896208
"CYP2W1",569.062481393091,-3.14277631567172,0.439709347805911,-7.14739482195167,8.8440234352184e-13,6.32952395169241e-11
"LFNG",118.408789586241,-1.7937137270298,0.264440239717163,-6.7830589207917,1.17657622195435e-11,6.59000735420386e-10
"FSCN1",733.759619197888,1.46208448776554,0.186122078344313,7.85551343919975,3.98137796188725e-15,4.38658794261354e-13
"ZNF853",94.6458115495124,1.11545681011498,0.287300061432888,3.88254984893397,0.000103366817213011,0.000869454589586288
"LOC100131257",4.15113263817941,-5.39111365225706,1.74884060015496,-3.08267869111648,0.00205146524302375,0.0104266732700816
"LOC105375166",31.5261323404585,-2.65356631960944,0.609252011364666,-4.35544942012699,1.32794178877565e-05,0.000148955399441566
"HDAC9",190.730779905638,3.36658614118231,0.255171034909316,13.1934494147376,9.57038600580606e-40,1.14482324599453e-36
"CREB5",83.542728330884,2.17185532844183,0.348099021212596,6.23918826567285,4.39847363335396e-10,1.69726354695343e-08
"CHN2-AS1",40.8687234143226,-1.23516042485041,0.454273915284819,-2.71897721460848,0.00654841188514855,0.02705136996561
"NCAPD2P1",71.0506179701794,-1.0700427227509,0.334919545564184,-3.19492468242896,0.00139867336472611,0.00759027311700199
"TBX20",32.8685886852309,1.50198717088943,0.496619774029027,3.02442079320354,0.00249109691330584,0.0122881885146194
"AOAH",37.7447725994671,-4.66166743032875,0.652538004880651,-7.14390180412768,9.07182193553536e-13,6.46492774274088e-11
"MYL7",73.7905926019729,1.16794644780989,0.440964518557132,2.64861774283223,0.00808216903079566,0.032112001129
"LOC102723446",5.39432183873334,5.99508361666423,1.62321567424074,3.69333768260242,0.000221329804689359,0.0016584385857417
"UPP1",302.19720159068,1.31009375492441,0.246043433611398,5.32464425363846,1.01150803096148e-07,2.18014478693847e-06
"CCT6P3",44.3709019623064,1.2922516250903,0.42643859229807,3.03033460955393,0.00244282937168267,0.0121071510765225
"MLXIPL",140.074979865704,-1.10991846685739,0.256111222991954,-4.33373615529633,1.46599860930175e-05,0.000162160361360478
"CLDN3",423.467862630044,-1.66558487762332,0.167667558051716,-9.93385301830177,2.96569259675425e-23,9.93329078356867e-21
"METTL27",36.1751272045001,-2.16355592867917,0.506761205435613,-4.26937955287909,1.9601746546586e-05,0.000208558100009959
"GTF2IRD2",14.385450107486,1.98089720622099,0.726352798461156,2.72718327845326,0.00638775478424295,0.0264922559117674
"GNAI1",13.880380094592,2.22572898530725,0.835540381827862,2.66381976708074,0.00772589442758026,0.0309757131861831
"SAMD9L",23.5759237495973,-1.52029944568106,0.612769453094565,-2.48103008073159,0.0131003317218367,0.0474256928978814
"CYP3A5",581.693016512267,-1.09501492406521,0.141553550879445,-7.73569378699504,1.02840720047699e-14,1.04380214462959e-12
"AZGP1",13.5269648733463,-5.2077667039477,1.23287454679771,-4.22408485719366,2.39913647925728e-05,0.000246492874957801
"MUC12",39.5587244000514,-3.33348649614152,0.595305061071768,-5.59962734087967,2.1481308829534e-08,5.51759937067801e-07
"MUC17",31.4172014429046,-1.58749726419738,0.556648327612308,-2.85188544625079,0.0043460759675299,0.0194297208297446
"SERPINE1",71.6850518430195,1.87415348245684,0.404386387303831,4.63456125452788,3.57695309083154e-06,4.87414429716483e-05
"VGF",89.7557657960241,1.39007277023905,0.316550587782526,4.39131318623246,1.12668115211348e-05,0.000129502602981774
"LOC107986832",15.7840619628626,-1.95669682120185,0.784161547208187,-2.49527259806119,0.0125860398622767,0.045901221597027
"RASA4B",29.5790576318711,-1.55611677926783,0.525551596380833,-2.96092103988248,0.00306720563200233,0.0145637915279679
"RASA4",37.8984957909707,-2.29692823414515,0.542278357484758,-4.2356996226052,2.27841186370311e-05,0.000236117348276213
"RASA4DP",20.4020031760297,-1.91301272852892,0.648064587292036,-2.95188591699251,0.00315839597614109,0.0149248468996712
"DPY19L2P2",19.0623380876478,3.51167895397116,0.767321562530787,4.57654147289816,4.72726027283592e-06,6.17049320258637e-05
"LHFPL3-AS2",63.4631244516591,-1.66171538389369,0.346161907409814,-4.80039931697748,1.583495706036e-06,2.39989163701221e-05
"CDHR3",44.0444535389341,-1.07800943501526,0.396111466187142,-2.72148000509017,0.00649903165948817,0.0269004654477134
"SLC26A3",77.5499327756586,-3.86138904406898,0.480369727914682,-8.03836882234759,9.10422515381015e-16,1.13782431828999e-13
"IFRD1",960.140274502201,1.17368410488188,0.150438245942126,7.80176674841978,6.10464048543808e-15,6.5957686586859e-13
"TSPAN12",88.6421231241954,-1.08853670210661,0.319806563396716,-3.40373471558897,0.000664712765911128,0.00412141602766148
"MKLN1-AS",111.422024030491,-1.49437667052797,0.312325004009823,-4.78468470773146,1.71255946946471e-06,2.55635149094116e-05
"LOC105375519",29.8653642901797,-2.30594411535383,0.526811434780125,-4.37717172239485,1.2022924843179e-05,0.00013706461698347
"TAS2R5",3.93768879510876,4.5212586060126,1.74132509681509,2.59644716215372,0.00941933917128909,0.036297631457706
"TMEM139",526.481181710784,-1.45011405937046,0.156314536953886,-9.27689828232836,1.7448391005336e-20,4.42739703282368e-18
"ATP6V0E2-AS1",31.0208600600726,1.35024741567402,0.496174421237966,2.72131604911258,0.00650225624044526,0.0269071621593123
"LOC107986859",14.5399361819289,-2.01783677587902,0.739840383884466,-2.72739474599177,0.00638366199180099,0.0264818398257843
"GIMAP2",30.5876211098171,-2.01061672638513,0.521552224727795,-3.85506308104524,0.000115699792137078,0.000955907458766477
"TMEM176B",137.712015529945,-3.97971736006788,0.336885579324927,-11.8132612504302,3.33374575454492e-32,2.23320960605455e-29
"TMEM176A",84.3399720334983,-3.68872998144449,0.385074002191845,-9.57927556897687,9.77279871196452e-22,3.03083444498648e-19
"AOC1",145.616861868762,-4.27908357027524,0.728680778511358,-5.87237058594725,4.29607052083516e-09,1.32254215096372e-07
"LOC105375591",62.2151877146548,-1.10006622550129,0.372497153221535,-2.95322049037793,0.00314477254800032,0.0148730601133469
"SHH",41.8018392966615,-1.10155288068748,0.419865107966314,-2.62358757559786,0.00870090731867069,0.0341011221310035
"LOC389602",61.7866498188101,-1.59558733834728,0.355202593140002,-4.49204867634055,7.05412949179553e-06,8.62932845866324e-05
"MSR1",10.0607934388466,-3.72345807440755,1.12381650195675,-3.31322601859325,0.000922264174378911,0.00539098014950213
"LOC286059",11.1085622378761,3.02130166132856,1.03409086821676,2.92169842534115,0.00348128443508338,0.0161873390716365
"STC1",24.1273625711839,2.08247229844601,0.651450274209419,3.19667115187455,0.00139023322195852,0.00755965642260165
"DUSP4",82.8431252115281,1.87226254706192,0.334827706165119,5.59171930096674,2.24832088144562e-08,5.71360088035961e-07
"FGFR1",469.145055854962,1.18013137550278,0.394684647284175,2.99006151777948,0.00278921266970714,0.0134788709748807
"CPQ",668.287757170407,-1.06281022840719,0.174353253095046,-6.09572927112417,1.08939650275761e-09,3.88172834716631e-08
"MATN2",1066.09450089936,1.02784546210299,0.161158516436082,6.37785383505099,1.79586782968933e-10,7.51889252314028e-09
"DEPTOR",793.505296275526,-1.34662559046518,0.169797330986445,-7.9307818482299,2.17770469349345e-15,2.53264031263436e-13
"ANXA13",31.2662728933134,-4.79884043369548,1.40118799489937,-3.42483696061078,0.00061516846703987,0.00386285201256719
"RNF139-AS1",7.83842829138261,3.55744040280078,1.18748971992554,2.99576522062343,0.00273757119718579,0.0132503193177082
"CCAT1",142.00521691754,1.12344591863586,0.318474696111745,3.52758298336415,0.000419372284619665,0.00281266625972188
"POU5F1B",41.1492681171964,-1.09879154944433,0.434559705998815,-2.52851687415153,0.0114545580110688,0.0425059789522201
"TMEM75",4.13292999274353,5.61090788241735,1.73572185427389,3.232607729517,0.00122665874811913,0.00683850001822608
"NDRG1",4884.44467865097,-1.38020017360318,0.237124142663868,-5.82058055370456,5.86435707777461e-09,1.74441186468013e-07
"LOC105375771",29.1014069272897,-1.81037773314406,0.557750437391657,-3.24585623206388,0.00117097958606501,0.0065850890288216
"ARC",11.7401982846534,7.11859757185625,1.41087836270222,5.04550764973261,4.52318795811049e-07,8.16269706190478e-06
"SLC39A4",89.5373141757729,-2.74458685450186,0.358883539594794,-7.6475696199405,2.04813364804555e-14,1.97126978182867e-12
"ZNF34",60.6210367272227,1.46802715664059,0.385509551413717,3.80801759971219,0.000140085305175936,0.00112897430499586
"AK3",45.1824829938663,-3.24887019711018,0.467357823758895,-6.95156908036752,3.61245437996843e-12,2.22418284931365e-10
"LURAP1L",7.59048134507032,-3.25096238758893,1.18455521815096,-2.74445828930081,0.0060610856377626,0.0253843480173846
"CDKN2B",315.078260160014,1.20171894300498,0.200169209190174,6.00351546507468,1.9309036503387e-09,6.42879591097856e-08
"LRRC19",36.7036811093911,-1.94988077374296,0.588250793764822,-3.31470997474337,0.000917382518427183,0.00536994234047537
"TEK",10.1811628841006,6.91247668198624,1.42945285618589,4.83575002286561,1.3264453174951e-06,2.0702683813691e-05
"AQP7",80.3917588706591,-1.76168186690801,0.415346777693654,-4.24147233473271,2.22058264688187e-05,0.000231413177270259
"AQP3",2426.92434900037,-1.58288380455879,0.368433781707853,-4.29625046113152,1.7371130865433e-05,0.000187686663615101
"IL11RA",16.9401746458166,-2.10244771767667,0.737745586228898,-2.84982757866931,0.00437429351538233,0.0195043800817044
"TMEM8B",245.765432613101,-1.18700403171181,0.239197410985404,-4.96244514864018,6.96112286586091e-07,1.18835804928209e-05
"LOC102724322",6.52739440887766,-3.46831608908109,1.29446111376987,-2.67935131630202,0.00737649549302661,0.0299041805910716
"ANXA1",385.96632013454,1.17022628492549,0.235396100953816,4.9713070020437,6.65030450105867e-07,1.14228358440235e-05
"TRPM6",36.6511301639339,-1.95036665698864,0.484099757690735,-4.02885278499689,5.60497019506367e-05,0.000513211787078903
"NMRK1",34.1499264935263,-1.42204553279718,0.505347130874553,-2.81399744040535,0.00489296179626943,0.0212561429836898
"FRMD3",28.9948475964603,-2.12555550213212,0.619654940480151,-3.43022440922539,0.000603082252076927,0.00379986838461446
"S1PR3",25.8508427551695,1.98366658286292,0.558773692996874,3.55003574385171,0.00038517884957753,0.00261687228960442
"ECM2",56.8397630121854,-1.93262048145287,0.401481792956257,-4.8137188668564,1.48147182264409e-06,2.28974022737565e-05
"FBP1",419.421856140736,-1.84741652531287,0.386070163380139,-4.78518336961937,1.70831296756033e-06,2.55635149094116e-05
"NR4A3",22.7231399663617,1.63953380279254,0.639444841852152,2.56399566543321,0.0103474836805434,0.0391614258074714
"ALDOB",553.357437841683,-3.0484918614762,0.62530762836912,-4.87518738485095,1.08705217897852e-06,1.74376080855874e-05
"LOC105376196",9.55980491757254,-2.5095295198717,0.932407062360036,-2.69145271542643,0.00711415823793142,0.0290021441116449
"LOC107987111",32.3866223017284,1.43351577379214,0.569353778215342,2.51779443404335,0.0118092221157124,0.0436137638904126
"KLF4",162.03552849688,1.36509635608099,0.234065077675526,5.83212314129735,5.47265054818043e-09,1.63954344777062e-07
"AMBP",24.7533748413442,-1.97325667901619,0.607312971221422,-3.2491594491183,0.0011574657840097,0.00652442931161576
"KIF12",402.790015394142,-1.17034526046327,0.199628168987111,-5.86262583282439,4.55604101027519e-09,1.39488151369431e-07
"ORM2",29.3964643416103,-1.83935315460298,0.638932161053088,-2.87879256472449,0.00399200814502619,0.018039438857192
"TNC",14.413032267448,3.07312385432404,0.814955769578358,3.77090876467322,0.000162654136294487,0.00128126473213724
"TRAF1",33.7685426331564,2.89883306961302,0.553125335499376,5.24082496961721,1.59860292978918e-07,3.25295300913479e-06
"LHX2",93.0121232895768,1.13418573864316,0.316860213184029,3.57945141564502,0.000344316252202365,0.0023827538329062
"OLFML2A",23.6254797270859,1.41495373566972,0.568863510762153,2.48733432343725,0.0128704385489916,0.0467450085404384
"IER5L",145.009439858915,-1.20525496369303,0.268259187188242,-4.49287488091614,7.02680726692639e-06,8.60218869146317e-05
"ASS1",2864.46217009828,-1.2960480980244,0.301156028879823,-4.30357679653689,1.68062554757945e-05,0.000181935591760266
"LOC105376294",45.7739159806884,-3.08256605070742,0.506484015977788,-6.0862059876784,1.15617674451396e-09,4.0763140927106e-08
"CEL",44.4971201246221,-3.58638984707366,0.531641709602591,-6.74587750038373,1.52104912521986e-11,8.21709990324419e-10
"CELP",47.2924103997741,-4.05485539695279,0.552469808296749,-7.33950586268925,2.14383873671994e-13,1.75135938165116e-11
"SARDH",4.13909769448379,-5.38728715766329,1.7251064985086,-3.12287221822001,0.00179095485436595,0.00930596368168369
"COL5A1",42.1139480899082,-3.87349688205485,0.571153482624501,-6.78188437940673,1.18618391537577e-11,6.62167401026603e-10
"SOHLH1",32.6013652933063,-2.0380562360888,0.580018291532767,-3.5137792477251,0.000441779788310733,0.0029394064818593
"LCN15",41.5947947898631,-1.42961823122755,0.450077098144218,-3.17638519516374,0.00149122800239338,0.0080069238076569
"CCDC183",163.755430161697,-1.2564989792473,0.241833976506488,-5.19570904551365,2.03941016267036e-07,4.01811788167537e-06
"SLC34A3",25.1218911428157,-2.28730164160975,0.653205060161431,-3.50165940393125,0.000462370287577689,0.00304734954980856
"TOR4A",63.1849929312754,-1.09184922576428,0.348403662051775,-3.13386265613369,0.00172521585471363,0.00903163173456991
"NOXA1",43.1532087938585,-1.48142702067109,0.503317173627196,-2.94332698802043,0.00324705258291346,0.0152534052190888
"ENTPD8",108.485218334214,-2.36703669146884,0.376381733360542,-6.28892552870365,3.19670765263589e-10,1.2962533428255e-08
"AKR1C1",3708.51636554859,-2.20620206746258,0.119690826683844,-18.4325075579112,7.20640727640424e-76,4.02285675526472e-72
"AKR1C2",562.156738648587,-1.90878224282191,0.147032639792429,-12.9820306941139,1.54723204297893e-38,1.61946843898551e-35
"AKR1C3",3246.99077276727,-1.80009444511169,0.0996881973435028,-18.0572474282886,6.91876478430209e-73,2.89671384606768e-69
"AKR1C4",12.8624680205715,-7.02321872236676,1.38848392829163,-5.05819230547958,4.23249498290697e-07,7.69615564372888e-06
"TUBAL3",30.6758327367294,-2.12262577536124,0.539570469722607,-3.9339176149734,8.35724385483074e-05,0.000723301099932044
"PFKFB3",668.327984812623,1.04817844257737,0.123375420190235,8.49584496621094,1.96498133453924e-17,3.29075424095286e-15
"PRKCQ-AS1",28.0000533814697,1.52638806835112,0.615379664679108,2.48040056563627,0.0131234861098174,0.0474787258330334
"CUBN",92.2119440730972,-1.10313281570362,0.3507118689734,-3.1454105586238,0.00165853899611552,0.00875054127420821
"MRC1",8.54219948902521,6.65977409684414,1.48318888738231,4.49017259601912,7.11654846634025e-06,8.69298593477755e-05
"MALRD1",157.733386456347,-5.95397355468884,0.452550075947673,-13.1564966423236,1.56160411999419e-39,1.74347894650285e-36
"LOC105376441",4.89929122809271,-5.63071566298109,1.64983712967005,-3.41289183139379,0.000642774496041663,0.00401512289638558
"PLXDC2",23.0728279159346,-3.27766183473917,0.728486919762077,-4.49927341977486,6.81861120078358e-06,8.39641777790607e-05
"ZNF438",37.5032652699001,2.26807418398659,0.529836477541387,4.2807059916131,1.86301351753761e-05,0.000199743197043549
"ZEB1",20.4832829072335,1.67238893940717,0.618806074218332,2.70260588750638,0.00687982671751105,0.0281695741243386
"EPC1",1009.8652350333,1.21040843379206,0.112960358685442,10.7153380874316,8.62415829910518e-27,4.12653654386041e-24
"ANXA8",76.8477225483912,1.51316461424406,0.406703212935096,3.72056223338845,0.000198779748900081,0.00151454251812086
"LOC105378308",31.4115456024127,-1.20139534408514,0.485166613262846,-2.47625312880766,0.0132769409223368,0.0479406920281099
"CCEPR",43.5328644632071,-1.1022757042198,0.420446966523765,-2.62167595911884,0.00874985810026304,0.0342448874982718
"EGR2",8.80423452744497,6.70195727633897,1.47078741711271,4.55671377002636,5.1960154306269e-06,6.68852193825586e-05
"OIT3",33.2409886415159,-1.6976275510413,0.52860109797562,-3.21154753091261,0.00132022128962817,0.00725623430830423
"PLA2G12B",213.29326660676,-1.69063766699036,0.219023075779981,-7.7189933570684,1.17252013516269e-14,1.17582004212991e-12
"PLAU",41.222610331312,-2.57448406667561,0.518440669099044,-4.96582197370741,6.84106900727125e-07,1.17024905684138e-05
"LRMDA",93.0262979777304,-1.0473851677794,0.309722937413936,-3.38168421275044,0.00072042910803923,0.00439059732247257
"C10orf99",21.1741032788752,-7.74210903946934,1.31828426243241,-5.87286768119655,4.28320342345555e-09,1.32100935050847e-07
"AGAP11",29.2982553446026,1.23567332301257,0.481382949231472,2.56692374539922,0.0102605173466744,0.0389202455276911
"ANKRD22",7.70325685185343,-4.3702878891802,1.37497556419454,-3.17844767789768,0.00148065939119114,0.00795527841651526
"STAMBPL1",20.8950887984787,-2.26975678954493,0.627194105065804,-3.6189064457275,0.00029585055992258,0.00211193918457948
"HTR7",5.41949079801335,6.0011938503684,1.65086107809656,3.63519010169393,0.000277775726885309,0.00200340658834982
"ANKRD1",2305.53261543398,2.20636334842097,0.447754077645038,4.92762312746617,8.32359703096364e-07,1.38701770624426e-05
"CYP2C19",29.6746301120328,-3.96169366111886,0.670609089720223,-5.90760507402557,3.47116930541621e-09,1.09682400675104e-07
"SEMA4G",1400.73883311442,-1.12676268053838,0.137699136773917,-8.18278681287864,2.77353591581543e-16,3.87070049851341e-14
"KCNIP2",27.9204773794775,-1.62689846744825,0.58740122075381,-2.76965455631921,0.00561157733511375,0.0238313729321914
"CYP17A1",4.27082165967441,-5.43311708234954,1.74215926948052,-3.11861101193669,0.00181705677004596,0.00941821409098105
"NEURL1",13.9424358984812,-3.34584023907328,0.870754379519806,-3.84246156868991,0.000121806491574492,0.000997990858316054
"COL17A1",21.0198806887004,-2.47028592687645,0.741190611548291,-3.3328618689816,0.000859576068791845,0.00508815479669172
"DUSP5",197.254625121805,1.57157085764478,0.223066878728306,7.045290034111,1.85075594917386e-12,1.22314422459383e-10
"PDCD4-AS1",89.6972350139586,-1.52647146556635,0.399274531471742,-3.82311253347343,0.000131777599879247,0.00107130071125133
"PDCD4",2877.69795277645,-1.00425837122863,0.0988514866375724,-10.1592642193701,3.01341920313792e-24,1.14694844079433e-21
"TECTB",5.67620469636971,-5.84280845373871,1.60905924219172,-3.63119535970604,0.000282111527686996,0.00203030586771556
"VWA2",8.02160338597882,-4.41106274349077,1.36031645071752,-3.24267396837265,0.00118413630694241,0.00664568724274953
"PNLIPRP1",40.5017607239353,-1.12290195055734,0.438041910918132,-2.56345779380734,0.0103635300281546,0.0392132935791922
"PNLIPRP2",133.213419002089,-1.92387340406521,0.29041444029418,-6.62457900549432,3.48239225811817e-11,1.72543263747648e-09
"LOC105378539",18.3333704178405,-2.6543813751224,0.701444023740821,-3.78416706862296,0.000154224203256806,0.00122523374380538
"CLRN3",170.894575292479,-4.00740134737376,0.310127823361848,-12.9217730416211,3.39233101172041e-38,3.15618708073787e-35
"LOC100134362",4.27629046292648,-5.43480974357424,1.73420211984396,-3.13389637885073,0.00172501760345325,0.00903163173456991
"PRAP1",527.018502047099,-2.55037012803995,0.187710065213783,-13.5867521282641,4.79908367080657e-42,6.18232724884598e-39
"FRG2B",11.883048677376,7.1343371499225,1.41327598007353,5.04808491088293,4.4626081287604e-07,8.06206023002701e-06
"CDHR5",1166.47132646168,-1.32261619100478,0.329940935364601,-4.00864533387839,6.1068051381744e-05,0.000553712320785093
"IGF2-AS",42.632700979922,-1.56801642033878,0.433999471557054,-3.61294545984866,0.000302738399241208,0.00214646908217295
"CDKN1C",46.5346536767772,-1.19040048488063,0.393591005565549,-3.02446058992162,0.00249076920377903,0.0122881885146194
"OSBPL5",18.6490762715883,-4.03934402370524,0.842983067461407,-4.79172616820109,1.65352482607051e-06,2.4835497993007e-05
"DCHS1",34.1286356169397,-1.82769955231198,0.504989057867144,-3.61928545547381,0.000295417620347181,0.00210974792663294
"GALNT18",33.5280868047993,2.65299918372141,0.557376350496908,4.7597986196512,1.93786213872459e-06,2.83188283047301e-05
"SPON1",1159.52677963466,-1.11629682244208,0.111149006216819,-10.0432460931276,9.83822076050165e-24,3.50554644842811e-21
"HPS5",22.2911436965611,2.41637369540743,0.600471177273998,4.02412936184084,5.71864784985227e-05,0.000521624158722636
"NELL1",9.66107616283088,-6.61011302140748,1.43591782878788,-4.60340619002367,4.15636459837106e-06,5.53181117873358e-05
"GAS2",171.235319548235,-1.21731402174325,0.221010171658706,-5.50795473623307,3.63026715014557e-08,8.83664011097207e-07
"SLC5A12",28.8387650168122,-1.50130237364972,0.536056126316065,-2.80064399966308,0.00510007475162608,0.0219904613453867
"EHF",369.322461983853,-2.8851108807049,0.18184638652494,-15.8656486710513,1.09579451426017e-56,2.03903008114613e-53
"PRR5L",8.02897874566002,-3.37361530313894,1.21347625757838,-2.78012468894228,0.00543380299174151,0.023161083915168
"CD82",22.410397564388,-5.94035904561455,1.1534937434396,-5.14988406257064,2.60647525739901e-07,5.01155466540312e-06
"F2",539.027043690322,-1.06757587202404,0.187854753319464,-5.68298567462133,1.32363360062869e-08,3.62796921599487e-07
"SYT7",423.310978881233,-1.18544631193177,0.152141135655099,-7.79175406327423,6.60852705096337e-15,7.04923582945755e-13
"SLC22A9",51.671565850604,-1.64739676238878,0.40378480530389,-4.07988795207124,4.5057413952195e-05,0.000425113527581639
"PLAAT5",39.4415591084534,-1.34432771840689,0.484300993347387,-2.77581036767069,0.00550643148825035,0.0234408256567688
"MIR194-2HG",26.820817485246,-2.17190053408161,0.604334335285476,-3.59387247632661,0.000325799340558622,0.00228100399512343
"NAALADL1",13.9257690253151,-1.93510538809764,0.774341621110458,-2.49903315970872,0.0124532657763638,0.0455061841494142
"FOSL1",114.288462488523,1.77019470405388,0.285307205703162,6.20452154263364,5.4863558183604e-10,2.06936938941625e-08
"NPAS4",9.10264494621562,2.68268412936804,0.941610663502765,2.84903754104539,0.00438517058039816,0.0195366990449396
"FOLR1",276.174756672809,-1.0205421466237,0.238472654724908,-4.27949337755709,1.87319211191456e-05,0.000200489271554019
"PLEKHB1",693.751647776341,-1.15742608545824,0.143913348666286,-8.04252069863335,8.80090155254352e-16,1.10818570150711e-13
"C11orf54",411.068313411532,-1.13854461518837,0.171177528361156,-6.65125046545964,2.90613238544390e-11,1.46593370659726e-09
"LOC101929295",11.5944078211526,-2.82073428375173,0.938221522749768,-3.00646938420751,0.00264300667223358,0.0128688945802453
"SESN3",1575.58317418877,-1.21803525854491,0.14939280229478,-8.15323924469598,3.54303711440904e-16,4.78510020604905e-14
"BIRC3",150.497068720325,1.11969404436441,0.248167690954585,4.51184455179268,6.42662819937706e-06,8.01987648695735e-05
"LOC101928477",27.8846465303466,3.19290486882344,0.621215758891531,5.13976798418752,2.75077916815477e-07,5.21713462390577e-06
"MMP1",55.573630591939,-2.25368761598963,0.438592255233197,-5.13845739202886,2.77002983248813e-07,5.24177283668686e-06
"CASP1",32.0358658705594,-3.14988257600098,1.24028494308756,-2.53964429186705,0.011096526206079,0.0414359634487199
"APOA4",169.702940565878,-1.71670713616539,0.223447753129263,-7.68281225532075,1.55633595546902e-14,1.52420808457542e-12
"APOC3",827.427778092046,-1.26545824349943,0.355058069306059,-3.56408811091858,0.000365123300471212,0.00250603275122598
"APOA1",8078.58291887828,-1.24410306509669,0.378185751532072,-3.28966139008858,0.00100308013554596,0.00577866633298528
"FXYD6",15.1947094046665,-2.34215966626773,0.791306623534705,-2.95986359346455,0.00307775282666481,0.0146097297585475
"SCN2B",42.8502177107292,-2.69310456440295,0.471492690786787,-5.71186917003724,1.11741981535506e-08,3.15040903160795e-07
"TREH",29.0333849766017,-3.41266620204169,0.687762413422589,-4.96198416115655,6.97766867722497e-07,1.18996962665465e-05
"PDZD3",160.708952604819,-1.20831678926501,0.221063627848134,-5.46592309656249,4.60503969631394e-08,1.08467791552981e-06
"CCDC153",85.5157602716972,-1.03224431148504,0.294124211485743,-3.50955232916987,0.000448861724271162,0.00297276542865323
"TRIM29",99.5199669725686,-2.79468070173251,0.343402053127374,-8.1382178012078,4.01138747541793e-16,5.33164333736698e-14
"UBASH3B",1187.59016342607,1.39044273587624,0.31349520843869,4.43529182726939,9.19476461347916e-06,0.000108823125782287
"GRAMD1B",150.707399391093,-1.85388797693975,0.298328350517266,-6.21425343493277,5.15692392213759e-10,1.96279556645541e-08
"ETS1",267.262320403799,1.14271244402812,0.189820473662463,6.01996413758862,1.74455718490251e-09,5.87849077979123e-08
"ADAMTS15",44.1882405780486,-1.2844030994141,0.468633218711771,-2.74074275601888,0.00613004801376334,0.0256201432708996
"IQSEC3",7.68536036426836,-6.27976479951596,1.52014538264664,-4.13102909182449,3.61142869722261e-05,0.000350409017337121
"SLC6A12",214.271869777998,-3.54376189942464,0.563859377010009,-6.28483278617486,3.28206759956693e-10,1.32765183792143e-08
"FGF23",20.7554856395749,-2.25066902360662,0.787487292208952,-2.85803853074676,0.00426268627348862,0.019097701183016
"AKAP3",33.9839046538401,-1.33686514613915,0.473920027905982,-2.82086653321256,0.0047894124668031,0.0208930165620087
"LPAR5",115.977739957531,-1.06723875198338,0.265236959872494,-4.02371808399715,5.72864866776851e-05,0.000522251928356664
"LOC112268090",7.01858095864385,-3.12464132605591,1.18017686793788,-2.64760427944633,0.00810643540901384,0.0321931405726238
"CLEC4E",6.50418647166305,6.2644609205617,1.60894049774393,3.89353175542898,9.87952628138979e-05,0.000836463228687739
"PZP",47.1257449965105,-1.81432149995086,0.465168125349896,-3.9003564541017,9.60511633175682e-05,0.000815287583364583
"OLR1",747.607120156787,1.61606058593574,0.448721721799421,3.60147616535071,0.000316415435767137,0.00223022277053545
"GUCY2C",918.638883264723,-1.85820996784464,0.283036307699191,-6.56527066421292,5.19384328908151e-11,2.47809953168798e-09
"ERP27",143.897330707304,-2.57564385249768,0.359034861800944,-7.17379877702704,7.29448043596573e-13,5.38152704234000e-11
"PDE3A",106.664157761378,-1.71828302195222,0.311754626712489,-5.51165203247131,3.55481178796425e-08,8.66556521296029e-07
"BHLHE41",25.5323777235419,2.57294079764182,0.563932321993711,4.56249925265059,5.05482736219324e-06,6.53188224032795e-05
"FAR2",131.053227449235,-1.24885725067192,0.244809191663271,-5.10134951301051,3.37240113115805e-07,6.28926522756168e-06
"LOC100506606",5.64543977891794,3.50092264158646,1.32609426338124,2.64002547802287,0.00828997947281659,0.0327898644854179
"SLC38A4",55.9170762726574,-3.33868770424595,0.45125200873178,-7.39872097994456,1.37502424485814e-13,1.18089902710971e-11
"FAM186B",30.0648278606692,-1.31939343024205,0.501950145823624,-2.62853480812746,0.00857535788399088,0.0337195394419336
"GPD1",720.752719019069,-1.15813931039213,0.176979489197408,-6.54391825654048,5.99275618271441e-11,2.82706162794136e-09
"METTL7A",1727.74467197329,-1.34243226480837,0.297836770576621,-4.5072751165324,6.56654678194569e-06,8.15196137562969e-05
"KRT80",196.66084901067,2.54767805467132,0.523720673583212,4.86457415790085,1.14703495774856e-06,1.81391826604486e-05
"KRT81",10.0708659415487,2.15939232818796,0.870391492606052,2.48094374374282,0.0131035051699599,0.0474269291293101
"CALCOCO1",208.56278738656,-1.49713942213891,0.243530453376337,-6.14764766123655,7.86404795437755e-10,2.87552862646203e-08
"HOXC12",116.07995304341,-1.00266500466926,0.270094606796924,-3.71227332733503,0.000205405992346939,0.00155512393934638
"HOXC11",122.92039473813,-1.02503242974689,0.243064110639807,-4.21712784766433,2.47433704430542e-05,0.000252823200005997
"METTL7B",1854.54912092225,-1.07893561809543,0.134112950830462,-8.04497709888851,8.62615529848971e-16,1.10276505941838e-13
"ERBB3",2136.43567821837,-1.00685956213932,0.137886639118462,-7.30208212033004,2.83348231491133e-13,2.2813619388375e-11
"SLC39A5",1564.25867377569,-1.10283139014801,0.325059915596532,-3.39270189043196,0.000692069112128048,0.00425480228370353
"MYO1A",646.42392995315,-2.18857054340579,0.175594419850537,-12.4637818517734,1.17655901639891e-35,9.85191692381628e-33
"LYZ",201.163233862721,-1.73296996364913,0.210573316334051,-8.22977000989039,1.8757323214653e-16,2.77990169801587e-14
"TSPAN8",2914.99402573108,-1.98083845112175,0.0803420135603659,-24.6550760099313,3.24658413610949e-134,5.43705445274257e-130
"KCNC2",5.51588261527132,-5.8016337068358,1.60220320242503,-3.62103489623207,0.000293426929394639,0.00209911182681419
"GLIPR1",32.2267020642909,1.45829682112316,0.559687381581684,2.60555601057503,0.00917252751362246,0.0355584070070915
"SOCS2-AS1",55.6546076212535,1.27475687257571,0.402914456538356,3.16383999603241,0.00155702369586405,0.00829900567620473
"SOCS2",1544.79914272642,1.2487419465854,0.404290220247305,3.08872657325608,0.00201016350022911,0.0102447377170837
"HAL",21.4864331756504,-5.87765580048318,1.2003760820391,-4.8965119252449,9.75527307680721e-07,1.57846916151971e-05
"ELK3",31.5049819088518,1.96208997782325,0.481464943275163,4.07524993299852,4.59649527538841e-05,0.000432944355325814
"GOLGA2P5",255.24533148053,-1.07475111048651,0.208985856993673,-5.142697816719,2.70821040219018e-07,5.1597724238315e-06
"ALDH1L2",129.399559003949,1.93809684672443,0.27495809290974,7.04869904433271,1.80598276918459e-12,1.20497185002129e-10
"SELPLG",4.61160707382154,4.76022739192123,1.65340278136685,2.8790488594594,0.00398876532112545,0.0180345175034795
"DAO",22.9679005077656,-3.56423037394773,0.715254870625133,-4.98316127624911,6.25537702451441e-07,1.08783799615309e-05
"TRPV4",4.64867129359816,5.78131534762392,1.6783571998312,3.44462748943154,0.000571846887864765,0.00363442877839515
"TESC",89.5616459262934,-1.89797599046696,0.307866025187337,-6.16494135496778,7.05092671355505e-10,2.59520592685509e-08
"HSPB8",543.054178743696,1.2513438500786,0.191389424677596,6.53820790875224,6.22603356959356e-11,2.92885910646021e-09
"ACADS",910.739722320459,-1.00669879061892,0.154920030493011,-6.49818353001382,8.12955930737426e-11,3.76093176023748e-09
"TMEM132B",5.68540377617919,3.51082267143205,1.35140228004149,2.59791086879346,0.00937928362961728,0.0361923647339172
"GJB2",51.3221919332861,-1.05287323085193,0.38544810015444,-2.73155641558504,0.00630359477865943,0.0262211380422776
"CRYL1",940.011160176578,-1.32732188746161,0.398552334093809,-3.3303578323774,0.000867344424627265,0.00512541181342018
"SACS",264.201622337066,1.30055959826994,0.193957127458987,6.70539729737415,2.0085912048668e-11,1.05779487131774e-09
"URAD",56.0154835716217,-1.0536383470814,0.416608404967475,-2.52908567018386,0.0114360109251021,0.042474800390926
"N4BP2L1",62.902168446173,-1.0406734635827,0.387148395654984,-2.68804798176179,0.00718710684544348,0.0292495783142806
"CBY2",7.21807590495359,-4.27340876825415,1.41698158411996,-3.0158534282633,0.00256257099499201,0.012558320863447
"MRPS31P5",30.6549466893091,1.29941769141845,0.52350482067613,2.48215038352501,0.0130592148659621,0.0472972905190888
"THSD1",17.4715347553411,2.41272490739955,0.723287448186373,3.33577599535206,0.00085061673196706,0.00504614892322081
"LOC105370220",5.57410993767754,6.04237830361064,1.60487515548813,3.76501454517988,0.00016653938748379,0.00130513918796146
"DACH1",14.5732388500289,-3.19473686418195,0.930589292315334,-3.43302560062061,0.000596885736147247,0.00376924789715609
"LOC105370328",7.14727578117245,6.40198560459253,1.52443115418635,4.19958985160568,2.67398905086859e-05,0.000269766835149977
"GPR183",4.51381677598669,4.72504358154279,1.8464231448716,2.55902532129024,0.0104966095526909,0.0395916036438998
"CLYBL",15.6693446676275,-2.51614521633244,0.732840737384547,-3.43341341164026,0.000596032544613563,0.00376527990367534
"EFNB2",469.339741129361,1.08786008743326,0.163157781173499,6.66753420896576,2.60136839811596e-11,1.33635326881129e-09
"LOC105370363",45.0616742387813,2.2893579385587,0.463502762011056,4.93925414516535,7.84219491173192e-07,1.31728423457146e-05
"MCF2L",165.819808491133,-1.27336034615485,0.258733002938907,-4.92152269594891,8.587344128551e-07,1.42247529298559e-05
"F7",381.978964132776,-1.21630609989883,0.207167558848679,-5.87112242215133,4.32854474466027e-09,1.33009429062065e-07
"F10",969.16597611972,-1.38721905942741,0.353728832076716,-3.92170197516316,8.79257021566672e-05,0.000755899247442354
"ANG",255.579500786666,-1.32313647722511,0.211391728418216,-6.25916863978434,3.8703516561291e-10,1.52869762229231e-08
"RNASE4",639.668189674347,-1.31536558369361,0.166198784771517,-7.9144115614438,2.48425236444178e-15,2.84957358543195e-13
"SLC39A2",32.4268822906267,-1.47569552155948,0.496129631984789,-2.97441520607406,0.00293547573746139,0.0140216369735137
"TRAC",23.0451490349545,-1.54706508844414,0.606093668457749,-2.55251814852442,0.0106947337665701,0.0402121029161987
"DHRS2",293.005958437895,2.33841634123539,0.208078636623573,11.2381375578971,2.6491221933737e-29,1.52982239215274e-26
"LOC105370413",4.57990116554334,-5.53380958135192,1.71076478401899,-3.234699260264,0.00121770918784051,0.006804463052641
"TOGARAM1",306.655353287593,1.52595016218033,0.170601249590314,8.94454270320285,3.73492942429409e-19,7.39169343996627e-17
"RPL36AL",17.5274121202149,-1.97193616556448,0.718922546194877,-2.7429048873228,0.0060898321832767,0.0254711337595741
"LINC01588",91.6504438746828,-1.08121032471576,0.333452582273187,-3.24247099046292,0.00118498011323288,0.00664819496023821
"FERMT2",724.61516872792,1.04119703742763,0.135509006540147,7.68360025663055,1.54678809840767e-14,1.52376825200195e-12
"LOC105370504",34.2605481918207,1.44528661812791,0.535655041137138,2.698166743768,0.00697225079022663,0.028506905269513
"CCDC198",35.7523548905548,-2.38634603011856,0.513240253066548,-4.64956911672542,3.32629203312662e-06,4.56976314017814e-05
"FLJ22447",17.4472072120237,2.83290826960735,0.730832372062418,3.87627639100447,0.000106067194757661,0.000889042698001276
"SLC10A1",57.025918240298,-1.06873307053985,0.42976028633598,-2.48681207761558,0.012889346462785,0.0468035310520947
"FOS",187.920331598764,2.3612429494669,0.226084836260803,10.4440571447395,1.5599776511325e-25,6.69870403167078e-23
"SERPINA1",6593.98915774202,-1.4008147680373,0.347425942225525,-4.03198091387197,5.53086798480934e-05,0.000506981095465802
"SERPINA5",893.381364222692,-1.33882980620626,0.170132911723981,-7.86931695131596,3.56582730125797e-15,3.98112732094448e-13
"BCL11B",31.9784134527182,-1.62815613282265,0.555557490587894,-2.93067083138367,0.00338230966934698,0.0158001506366956
"DEGS2",94.9292915789472,-1.45012994764612,0.334252549212848,-4.33842599274446,1.43506792196653e-05,0.000159159486683268
"LOC107984698",4.92069615373323,-5.63647275411194,1.69396214709288,-3.32739002685807,0.000876635827997126,0.00517483969385543
"OCA2",55.7866256182447,-1.11210105275559,0.41335289917424,-2.69043970654917,0.00713579282801415,0.0290549775080848
"SPRED1",517.667062170907,1.2944489859009,0.162798558906895,7.95123123074572,1.84666894459129e-15,2.19334502234541e-13
"THBS1",10522.9298940734,1.125937838327,0.0909709396795722,12.3768957679552,3.48565612082878e-35,2.77972776454855e-32
"PHGR1",932.403466569133,-2.35526658335936,0.436753632844523,-5.3926662682112,6.9419813385125e-08,1.5542428004822e-06
"CHAC1",183.902962337574,1.14011039967445,0.262579322881042,4.34196564742823,1.41213616490068e-05,0.000157240986393562
"CKMT1B",21.4778848351977,-2.3270180462495,0.654308945272044,-3.55645152502384,0.000375897801631288,0.00256526507087171
"CKMT1A",15.7854790735942,-1.86452422394798,0.68883183730093,-2.70679158973517,0.00679368917159686,0.0278857628815521
"SLC28A2",11.3105745845877,-2.23800700565437,0.906719280345905,-2.46824684791151,0.0135776652297761,0.0487219112069981
"GATM",104.76969189152,-1.39319786517096,0.287626334459005,-4.84377714506363,1.27393814841931e-06,1.99575698518038e-05
"C15orf48",114.461957188864,-1.96874341173714,0.30579432252318,-6.43812937889944,1.20954881746837e-10,5.37302759844634e-09
"LOC100132644",14.328465655404,-2.01412183123337,0.765190928978601,-2.63218205412064,0.00848383886310536,0.0334696936255419
"TPM1-AS",207.074099122982,1.97438739157506,0.280227101637622,7.04566895934375,1.84572593392119e-12,1.22314422459383e-10
"SLC51B",393.677622984429,-1.13884278737705,0.209239452246889,-5.44277274265318,5.24575534554031e-08,1.21508526655275e-06
"CILP",29.5238175485815,8.44819215467676,1.26882849738197,6.65826167374733,2.77085137059718e-11,1.41043914599973e-09
"LOC102723493",16.5610526006434,-2.04110190392232,0.699824844383444,-2.916589658546,0.00353880998412584,0.0164167453751123
"CALML4",991.013416534134,-1.12281983846945,0.156942568254526,-7.15433582460865,8.40790044209401e-13,6.0692719268857e-11
"THSD4",29.8959428740018,2.69557615785623,0.608257291267034,4.43163805277401,9.35199067262791e-06,0.000110397164675185
"HEXA-AS1",4.00268873832072,-5.33845335501834,1.8046705833928,-2.95813175221263,0.0030950980374288,0.0146795827903767
"HCN4",67.3290393340655,1.31512310548493,0.345082137560975,3.81104369753867,0.000138381300548299,0.00111739230486131
"CYP1A1",342.408205832937,1.20654312039115,0.170188334499518,7.08945841640261,1.34637848546212e-12,9.24090184263695e-11
"AEN",1528.92661884912,1.00463476614471,0.110307636353918,9.10757223481227,8.42459984853958e-20,1.8811569821799e-17
"ANPEP",345.989102085463,-1.29920857104629,0.247330642396198,-5.25292199324454,1.49704952350042e-07,3.0686766670822e-06
"SLCO3A1",20.3507857523517,-4.77074312083546,0.93897790824985,-5.08078313549207,3.7588203525678e-07,6.90229873294441e-06
"ALDH1A3",23.631952115921,1.61447702850952,0.573802029160315,2.8136481686412,0.00489828065953122,0.0212737308623365
"WFIKKN1",11.2670288706494,-2.40445136710998,0.942652746827945,-2.5507286487002,0.010749798520146,0.0403919398287828
"LOC100287175",9.73567676260229,-4.09012025118901,1.18897355478638,-3.44004308146608,0.000581621596436529,0.00368675884766183
"MSLN",76.6708351129681,-2.98227769486222,0.361988368290332,-8.23860089468478,1.74236096793403e-16,2.63047277217006e-14
"SSTR5-AS1",11.2584124591753,-2.5861982113656,0.912029007074109,-2.83565346201258,0.00457320380152342,0.020213102154688
"SSTR5",43.3033813060651,-2.25921447760058,0.464238390060361,-4.86649645090064,1.13593962506111e-06,1.80270419362907e-05
"TPSG1",18.3820212977137,-1.71112130055058,0.624128296952737,-2.74161788354255,0.00611374184155021,0.0255583710984626
"CLDN6",88.298081435854,-1.3576691023563,0.309151056599655,-4.39160427685181,1.12517349234279e-05,0.000129454927892617
"SMIM22",12.7286399262443,-3.43900093836286,0.944555594090864,-3.64086662540271,0.000271721878365108,0.00197077795451731
"LOC100130283",18.7550934119425,-1.58919675024169,0.64275288414131,-2.47248482185309,0.0134177411218981,0.0483344612967148
"ACSM3",63.5233755948666,-1.60342414857043,0.354029909853939,-4.52906408170979,5.92455301295772e-06,7.49384360332349e-05
"TNRC6A",79.4901506572953,1.07830591746517,0.328433845693675,3.28317538403424,0.00102644784517501,0.00589705731154232
"NPIPB6",6.28885428543159,4.28227942244455,1.52111252200756,2.81522856494063,0.00487425533111857,0.021187765526382
"APOBR",60.4051213471421,-1.71684221847718,0.395239125529946,-4.34380633793579,1.40034974470233e-05,0.000156136199564115
"SMG1P6",12.9157105506714,2.33675822497323,0.929372574534904,2.51433955444903,0.0119255552153417,0.0439155138289132
"SMG1P2",86.2298806086564,1.23090779528369,0.30293626581571,4.06325664564873,4.83927712401137e-05,0.000454024504178255
"LOC105371168",28.4418892370464,-1.88234798185393,0.53115337720138,-3.5438878159298,0.000394272972139539,0.00266891247551369
"YPEL3",167.924263237622,-1.43015835662038,0.26172114410442,-5.46443567452001,4.64381733054489e-08,1.09227540498083e-06
"SMG1P5",47.2282053084815,1.71425438403696,0.400967070381224,4.27529967088597,1.90880370609491e-05,0.000203869487665634
"ORAI3",324.608278417941,-1.09746884436662,0.230828529236488,-4.75447661515985,1.98961168131884e-06,2.89236343984779e-05
"ANKRD26P1",5.72794325405858,4.13994149829643,1.51066101093051,2.74048344952411,0.00613488716487695,0.0256319732003174
"RAB43P1",183.897390977447,-1.3032885238366,0.212461305226413,-6.13423946750082,8.5567546140452e-10,3.11521672872641e-08
"ZNF423",13.9813210369618,-3.58399993274644,0.931064448854226,-3.84935751457048,0.00011842804896765,0.000974601737622229
"NKD1",179.261372430196,-1.15554526025824,0.224394298519184,-5.14961952190354,2.61015400483373e-07,5.01287260538422e-06
"LOC105371264",47.8815910529483,-1.28846658594911,0.414762224186819,-3.10651865288666,0.00189304365134626,0.00976372098216687
"LOC105371267",74.0764906651405,-1.95012539357927,0.324203827682484,-6.01512143616382,1.7975189905293e-09,6.04478926393458e-08
"MT2A",5.70996074449355,6.07828244288098,1.59739803383548,3.80511451381127,0.000141738600341163,0.00114065177314438
"PLLP",2383.0416353494,-1.03378955327433,0.102837289021462,-10.0526721689306,8.9409484091738e-24,3.2550883262703e-21
"CX3CL1",193.089630257634,-1.85629155062873,0.262072513477675,-7.08312186576126,1.40942625431048e-12,9.59498434184457e-11
"CDH16",91.01059310017,-3.79596662614795,0.404651413295175,-9.38083125729493,6.54546282894722e-21,1.73995025391078e-18
"SMPD3",82.0492356690805,-1.48056866294526,0.322588224797463,-4.58965501259332,4.43979184212036e-06,5.84537688521932e-05
"HAS3",85.3039043636336,1.4948260096964,0.34433117192794,4.34124509066879,1.41677579581805e-05,0.000157548102606672
"IL34",62.4709456136341,-2.70871064136447,0.443804892831557,-6.10338165512866,1.03847467691665e-09,3.73204622624961e-08
"LDHD",425.691632907668,-1.86187452466808,0.410457129321563,-4.53609985468041,5.73040565903545e-06,7.27609427598426e-05
"DUXB",4.46336393648498,5.72282663004269,1.71170288822626,3.34335279177623,0.000827725967818447,0.0049243079158279
"CPHXL",6.48475354377568,6.26049051643939,1.58355615173092,3.95343765334516,7.70363437692294e-05,0.000675106043486806
"LOC107984897",11.0903693131225,-2.57019936763255,0.922853791379126,-2.78505586870007,0.00535185009195641,0.0228466565103222
"MAF",595.75100099691,-2.64326479019416,0.412259489596666,-6.41165299258531,1.43950197499999e-10,6.24542476044687e-09
"LOC102724084",69.5277398138718,1.08547129831858,0.416644818460283,2.60526772498924,0.00918024952424257,0.0355718738506456
"BCO1",45.3228132600463,-1.5956520792884,0.443507185389248,-3.59780434647966,0.000320914875125596,0.00225151295087069
"HSD17B2",538.498231671024,-1.51287739585919,0.160839717091457,-9.40611823508083,5.1479849776103e-21,1.39053716806516e-18
"ATP2C2",147.136220712789,-2.05843121684695,0.246334202222482,-8.35625421997969,6.47411134162373e-17,1.01328918353432e-14
"CRISPLD2",125.865228391456,1.51697027972628,0.276399552742959,5.48832393059986,4.05765446425522e-08,9.67999135511141e-07
"LOC107984862",8.60671010892795,2.58757282526561,1.0111459238345,2.55904985054277,0.0104958689282795,0.0395916036438998
"LOC101930112",30.7207436488141,-1.49397014420696,0.481610533948912,-3.1020296253849,0.00192198722789983,0.0098765020268912
"DPEP1",139.024174586245,-2.42626796829472,0.30353290781016,-7.99342643207631,1.31239207592418e-15,1.59265435474654e-13
"TUBB3",536.616828754563,1.17426030448574,0.164424828264234,7.14162402893727,9.22345958673977e-13,6.5451388855564e-11
"SPNS3",18.2207614822146,-2.40499561182003,0.770052763375303,-3.1231569136619,0.00178922330140467,0.00930273909612668
"SPNS2",47.7120306734749,-1.78024523749294,0.426145429150943,-4.17755328513067,2.94661647763389e-05,0.000293208473861764
"GLTPD2",958.71326124321,-1.11083978290002,0.160453608517158,-6.92312122591644,4.41799381997523e-12,2.69047790920455e-10
"NLRP1",30.9983193330327,1.38324216920764,0.479433813410511,2.88515772253895,0.00391217610555809,0.0177457240627793
"ASGR2",254.341337734192,-1.8515936240774,0.273933877859911,-6.75927212268465,1.38686699577634e-11,7.5408641487878e-10
"ASGR1",333.79448762358,-1.9312377510084,0.21589007202985,-8.94546809332381,3.70376654662741e-19,7.39169343996627e-17
"TNFSF13",35.5300154734674,-1.52984527597097,0.518998068128737,-2.94768973126792,0.00320158219448872,0.0150990980036898
"CD68",961.357653472738,-1.18396674035162,0.383041289820724,-3.09096374676933,0.00199507991024309,0.010189570984093
"SHBG",21.6376610112313,-1.53465198347832,0.571269886964246,-2.6863869748737,0.00722293807084569,0.0293669686507533
"TP53",69.8441236389594,1.14194346714234,0.353268450285828,3.23250906277761,0.00122708243510451,0.00683858553766895
"ALOXE3",40.8320558070163,2.97747673050129,0.488188198616335,6.09903463242313,1.06710950592455e-09,3.81856472130737e-08
"LRRC75A",140.318548669288,-1.56444017638764,0.250490066323385,-6.24551783370098,4.22398333411321e-10,1.64127723657527e-08
"FBXW10",16.2357964018894,7.58591312800068,1.3445139556519,5.64212301115355,1.67966020624823e-08,4.44380244455593e-07
"ALDH3A1",53.0973133123423,-2.10836132279499,0.423764733584289,-4.97531095842272,6.51429809163955e-07,1.1239982838657e-05
"SLC6A4",338.123918189118,-1.73102334587123,0.188637906472835,-9.17643425034781,4.45602459335774e-20,1.05105695584454e-17
"ADAP2",31.7506424908491,2.0653690880914,0.513634640182624,4.02108605322463,5.7930436038817e-05,0.000526975020283579
"SLFN11",4.9131864575152,3.90757524542364,1.57259415558624,2.48479573165331,0.0129625791026454,0.0470184778496865
"NR1D1",192.947727784272,1.6209201654719,0.224759893119887,7.21178562141111,5.52228683189369e-13,4.16584403485242e-11
"WNK4",243.995955560662,-1.16108081483814,0.197412066975269,-5.88150882885792,4.06543257651868e-09,1.26306190861224e-07
"PRR15L",3710.4202692571,-1.43994630818767,0.2560014868669,-5.62475759735067,1.8576864953128e-08,4.85345955335469e-07
"HOXB3",162.49017090651,1.39672492873923,0.224791504590536,6.21342399608652,5.18423135602174e-10,1.96871479635592e-08
"FLJ45513",85.7765992421547,1.24674408184487,0.359117131470538,3.47169202633029,0.000517189293212345,0.00334157758234072
"H1-9P",24.679475146869,-1.85053207321187,0.611107934450063,-3.02815913342242,0.00246048482642319,0.0121766369350204
"ANKRD40CL",305.1389538192,-1.81616530952099,0.170865266293814,-10.6292247038551,2.17916466045069e-26,9.86337042393723e-24
"TOB1-AS1",78.0353497392962,-1.48023644628557,0.323919070957767,-4.56977244936148,4.8825405572459e-06,6.35831311914441e-05
"YPEL2",320.751587221322,-1.29799162187417,0.185882678220904,-6.98285410075501,2.89242755212039e-12,1.81421289196106e-10
"TANC2",65.1435360747768,1.12080994315398,0.361665748364861,3.09902153638081,0.0019416090580511,0.00996204868112186
"LOC107985000",8.24829542855425,2.7437853037381,0.998687327289005,2.74739172988834,0.00600713388454953,0.0252007693297974
"SLC16A6",9.55621726470042,3.86295925465938,1.13994986295085,3.38870978470912,0.0007022228987281,0.00430301020307336
"MAP2K6",302.128290257852,-1.31482979187824,0.184852389300209,-7.11286338713695,1.13659772868277e-12,7.96426868713406e-11
"LOC100134391",6.81120135101807,4.40322728851804,1.44612887373183,3.0448374059189,0.00232806132226064,0.0116139538170685
"CD300LB",13.3466515873507,5.4154742395587,1.24032595860872,4.36617020064084,1.26443967123604e-05,0.000143037571928653
"RAB37",375.066818451153,-1.07544438377948,0.195390337674808,-5.50408170934924,3.710974183135e-08,8.97427956577924e-07
"FADS6",18.9006795210121,-1.8289899450423,0.707289386002878,-2.58591459342903,0.00971209924367,0.0371938088346082
"MYO15B",364.161362410234,-1.01952366240574,0.204351760895238,-4.98906228132971,6.06730852183721e-07,1.06425862754752e-05
"EVPL",80.1655782378901,-2.20262812804127,0.329640875041728,-6.68190232101056,2.35860225329091e-11,1.2191207387612e-09
"GALR2",43.3470112545631,-1.7983335490814,0.49346653454138,-3.64428674125338,0.000268134355754332,0.00194881040780393
"ST6GALNAC1",30.8283893376252,-2.92843353520799,0.548650844224216,-5.33751759618406,9.42277606842289e-08,2.053245607531e-06
"ENPP7",90.7680431353148,-1.40678370524009,0.34651312551183,-4.05982804594243,4.91088682245795e-05,0.000458687237120487
"NPTX1",17.9594597580516,1.81031855146017,0.642353413168564,2.81825941039269,0.00482847819102123,0.021025097312801
"LOC107987250",63.8755443398825,-1.25968253775793,0.348289417597158,-3.61676948570088,0.000298302733300211,0.00212130610385504
"CD7",22.295191998195,-2.39932081603012,0.726763850307755,-3.30137611414506,0.000962118131655778,0.00558912204949429
"SECTM1",42.59915453831,-1.26391957261788,0.446059742609608,-2.83352083114137,0.00460383072523806,0.0203002509624965
"RAB40B",203.434671984671,-1.09461507252868,0.249124321168991,-4.39385069828714,1.11360310468306e-05,0.000128351763208033
"LOC107987251",4.29910625067033,-5.44180306664199,1.71197504788599,-3.17866961516859,0.00147952625870426,0.00795174141672664
"LOC105371993",7.84547538591052,3.21138306668249,1.16515072525519,2.75619539779211,0.00584780513361646,0.0246496835068399
"TUBB6",1239.05242479567,1.09644772586815,0.151802879919405,7.22283876597251,5.09133676672759e-13,3.87566440147214e-11
"PRELID3A",120.351294015549,1.14056118392483,0.255570731467871,4.46280048334962,8.08953701107457e-06,9.73243364399898e-05
"LINC01882",8.46965579553456,2.77874844301488,1.05236744564905,2.64047358601167,0.00827902460232143,0.0327697530170354
"LINC01900",35.4717126953521,-1.45274232439974,0.483997161052873,-3.00155133397785,0.00268607746267552,0.0130471574561842
"TTR",3913.05025507381,-1.06767463599948,0.31374227197241,-3.40303086762045,0.000666427510311342,0.00412878862215952
"ZBTB7C",5.25845299123544,-3.79028306039241,1.50757751006693,-2.51415468530313,0.0119318086922872,0.0439169231142272
"MRO",17.6722653076629,-3.94700710771445,0.896531494528795,-4.4025303425497,1.06995620247043e-05,0.000124175720878533
"PMAIP1",67.202232700181,1.03512333531688,0.33111329721257,3.12619077527516,0.00177086631489904,0.00922426448836145
"CDH7",18.3196393015714,-3.20719569901342,0.734962735191799,-4.36375280738071,1.2785003735546e-05,0.000144362724934985
"REEP6",4185.4568864343,-1.13352782121601,0.246411160709027,-4.60014805317414,4.22190765662129e-06,5.60700138980466e-05
"GADD45B",288.938067827987,1.11119503034744,0.190666648373029,5.82794652252681,5.61135527470513e-09,1.67510457728141e-07
"TJP3",1615.54864787054,-1.19162502187846,0.131242404807221,-9.07957320371272,1.09001425904931e-19,2.40190378898668e-17
"NMRK2",30.3209590630283,1.56227063565614,0.55140791513324,2.8332394091199,0.00460788609802666,0.0203099921058685
"CREB3L3",80.7119871871672,-2.1298911693496,0.371123723574088,-5.73903265692043,9.52188595193043e-09,2.72121201428292e-07
"SHD",16.1111388966344,-2.19672904757356,0.769348460482437,-2.8553109031973,0.00429947175078798,0.0192367762250725
"ANGPTL6",9.92060115583716,2.2953042166911,0.905343934542858,2.5352842484664,0.0112356115576343,0.0418511536378341
"RPL18AP13",8.23591871174513,-3.38155864629404,1.18589142805026,-2.8514909259895,0.00435147282285416,0.0194434672797061
"CNN1",32.042696993533,2.07860403700433,0.499960790230087,4.15753410592007,3.21701259081655e-05,0.000315984222043429
"ZNF844",204.248153204459,1.27581700646448,0.230395450751481,5.53750953980709,3.0680298807668e-08,7.56705396365267e-07
"SYDE1",81.4076176931981,1.26641082542484,0.327353263569915,3.86863662703142,0.000109445604015418,0.000913701660242377
"CYP4F3",82.2731242801968,-1.25224313562592,0.358366015611528,-3.49431330280874,0.000475282901272416,0.00312017355845125
"B3GNT3",243.919037856546,-1.66433893285391,0.189373389265406,-8.78866317654245,1.51350086454331e-18,2.81628877538965e-16
"LOC729966",3.99674964770087,-5.33645039329587,1.76065081839598,-3.03095329155476,0.00243782956718816,0.0120859478276199
"HPN",347.316588723601,-1.48977409386711,0.22908813887339,-6.50306079220658,7.87019715451668e-11,3.6510302422906e-09
"FXYD3",698.619791647567,-1.92176764542484,0.354257368248758,-5.42477819141757,5.8026551346787e-08,1.33301873169361e-06
"LGI4",10.9118458329299,-3.17859999853665,1.07085944006138,-2.96827004518395,0.00299481093440003,0.0142564237403062
"FXYD1",9.02977828417035,-2.90031470958435,1.12813035566117,-2.57090388094783,0.0101433475181004,0.0385806588429771
"ETV2",27.3391557052661,-1.63896223335104,0.515827682109817,-3.17734447024522,0.00148630385181135,0.00798304381215034
"UPK1A",26.118119123143,-1.40877894563866,0.54070064810949,-2.60546931202011,0.00917484920915358,0.0355591760485293
"PRODH2",11.3563105714322,-6.84325701600478,1.40414191421128,-4.87362206536562,1.09570513296516e-06,1.75093262039766e-05
"ZNF793",4.1541256571566,5.61761168271106,1.77136956636132,3.17133803661906,0.00151738456708892,0.00812652361529843
"CCNP",73.6854448455171,-1.25484213371507,0.344746297661997,-3.639900246138,0.000272743682388175,0.00197733266188518
"CYP2B6",34.0059285120211,-2.66701636966522,0.540833634118519,-4.931306415534,8.16814894054907e-07,1.36382841782029e-05
"ERICH4",151.654534167316,-2.17010465361977,0.301288513128783,-7.2027460691546,5.90118120379784e-13,4.41192328660725e-11
"CEACAM5",112.030318304362,-1.07401037399232,0.272710210999211,-3.93828441574351,8.20662828766021e-05,0.0007124748778302
"LOC732229",12.9111931175653,2.31959924114558,0.877903504291334,2.64220296400117,0.00823686794861365,0.0326491899492149
"LOC284344",16.9169657438904,5.75925927324023,1.20962151933245,4.76120768454794,1.92437883501998e-06,2.81463513974495e-05
"ETHE1",450.699778136278,-1.11264827852373,0.171822051982888,-6.47558486051917,9.44453884927355e-11,4.29803511165174e-09
"CEACAM22P",15.5270275988791,-2.16233973971957,0.818233928809482,-2.642691366839,0.00822499709940518,0.0326098547404684
"LOC107985305",59.9184819613882,-1.37278177326702,0.355219124531232,-3.8646054743776,0.000111268901289023,0.000926613769212959
"FOSB",77.4037348319386,3.58080079863698,0.383749425371554,9.33109097211018,1.04786689402066e-20,2.74197294908813e-18
"GIPR",25.3753537393437,-2.0147235478263,0.571999228054828,-3.52224871819788,0.000427902483965786,0.0028652870447721
"SULT2A1",324.355968409478,-2.46167344923384,0.502024579059021,-4.90349188449681,9.41478341851991e-07,1.53524223865582e-05
"PLA2G4C",27.4427648544784,4.42003337214353,0.785902228444096,5.62415172291109,1.86421750946694e-08,4.86293623536494e-07
"FAM83E",105.63764628421,-2.86435381418752,0.309320476152867,-9.26014937585945,2.04146409815542e-20,5.10274615698638e-18
"HSD17B14",750.465886626789,-1.31937225240749,0.360825023784345,-3.65654310382875,0.000255639441348616,0.00186817593905504
"FCGRT",3376.56959799089,-1.03859111664185,0.243433516335733,-4.26642613669298,1.98629215373298e-05,0.000210667730833225
"ASPDH",4.1522994152462,-5.39153465710782,1.80721015547067,-2.98334681264761,0.00285114719836527,0.0137089182116058
"KLK6",300.25388417152,-1.58091858140868,0.235247948254613,-6.72022261251613,1.81447138352944e-11,9.58578935645664e-10
"KLK7",58.7667289826435,-3.68761391460688,1.23734237516401,-2.98026963969296,0.00287994756722016,0.0138075319456798
"SIGLEC6",12.5727384240612,2.28573662918755,0.810379601260723,2.82057522873427,0.00479376320079688,0.0209065500843087
"TMEM150B",380.263906396722,-1.57558269136589,0.22520530644148,-6.99620588991454,2.62986986854182e-12,1.66827388971477e-10
"IL11",21.9957151606739,1.85676395945345,0.622974606752815,2.98048096876954,0.0028779612014793,0.0138061347009951
"RFPL4A",4.67538621618021,5.78876255444384,1.71526865421997,3.37484308373624,0.000738577906743069,0.00447340477548867
"RFPL4AL1",4.13679490099864,5.61211156964489,1.73552493696747,3.23366806785909,0.00122211404647294,0.00681706467098084
"ZNF460",175.545432236774,1.12051855423935,0.264422652934606,4.2376042362621,2.2591754299572e-05,0.000234413946254604
"EBF4",55.430829829878,-1.19877848820805,0.404644379927382,-2.96254822178226,0.0030510401473111,0.0144911427529833
"GPCPD1",208.707498025116,1.50678198864087,0.207732865344712,7.25345980348614,4.06257986069281e-13,3.13530068788122e-11
"LRRN4",1978.56165690819,1.04666691439275,0.233204606844721,4.48819141505927,7.18303755869712e-06,8.76780830870997e-05
"LINC01713",7.7532361554388,-3.29975919550592,1.14297557022341,-2.88699013475934,0.00388946425491517,0.0176906186521087
"PLCB4",184.192440914785,-1.0123481024793,0.273666972307043,-3.69919721749794,0.000216282493110803,0.00162571046325252
"LOC105372575",17.9595424546171,7.73050565934543,1.32708463609254,5.82517907984158,5.70513902808289e-09,1.70007052141111e-07
"LOC107985433",106.370843939596,-1.17243935990623,0.315959926572443,-3.71072171279738,0.000206669200089321,0.00156398061179207
"MMP24",2259.09042186063,1.79969885501521,0.390760535320442,4.60563105109724,4.1121691421586e-06,5.50051889965895e-05
"LOC100287792",61.9275562971603,-1.73456422613233,0.350769684977035,-4.94502318877954,7.6134801155788e-07,1.28272587017704e-05
"SLPI",204.838276192066,-1.93944267102288,0.211474609689587,-9.17104267916459,4.68465559524415e-20,1.08963787852158e-17
"SULF2",73.2282204320411,-2.68264650829142,0.384247878893053,-6.98155189826847,2.91937020999839e-12,1.81664571595289e-10
"LOC105372646",11.8335921270788,7.12889143519258,1.39585990253512,5.10716829263831,3.27022473204526e-07,6.10551322046398e-06
"PREX1",37.4204520034159,1.85215733667894,0.454546151498195,4.07473989291117,4.60658055158074e-05,0.000433650390653866
"PTGIS",41.1521518632983,-1.29934530896404,0.508882330205939,-2.55333155002299,0.0106697875793853,0.0401453454486555
"SNAI1",201.245911960522,1.32038620424466,0.237751992697287,5.55362833877827,2.79800063678821e-08,6.96257305561548e-07
"CYP24A1",16.6183495868566,3.29729307190746,0.870867089347376,3.7862184852782,0.000152957199723848,0.00121921667005011
"CASS4",38.5647244965504,3.88101868859641,0.540248482886423,7.18376601052357,6.78168922554326e-13,5.04768664267435e-11
"GATA5",157.601717331342,-1.16394440391035,0.340123252850481,-3.42212534472622,0.000621336625544956,0.00389866034769628
"LOC101928465",227.604484262875,-1.06978393178856,0.213856170484601,-5.00235241921901,5.66349350831088e-07,9.97334655979835e-06
"LOC105372717",42.7017359187178,1.11345606223211,0.42533670166812,2.61782267522474,0.00884927777762002,0.0345774276579101
"LOC102724800",111.323002143193,-1.37438204458717,0.316045130821979,-4.34868919199179,1.369536427792e-05,0.000153108321470177
"UMODL1",20.2212001549534,-2.14957019098038,0.747726879909604,-2.87480662891276,0.00404275009078332,0.0182146719855658
"TFF3",341.206614294849,-1.98001035670555,0.193234080784487,-10.2466932782621,1.22461531730754e-24,4.88300779022603e-22
"TFF2",101.080227435229,-1.4848680568275,0.304798519500417,-4.87163802259043,1.10676803920004e-06,1.76612869477155e-05
"TMPRSS3",30.1640872638867,-1.77257959473565,0.53848666547176,-3.29177992398886,0.000995554849399245,0.00574321634960012
"ITGB2",30.2789797438057,-1.99573637226465,0.516928901803927,-3.8607560252486,0.000113036728606423,0.000939001038676468
"FTCD",36.2421598105152,-1.73993239023674,0.571947953462981,-3.04211664663182,0.00234920839013649,0.0117124718397189
"SERPIND1",40.0703032691675,-1.6175848544291,0.557812826262713,-2.89987031181543,0.00373317083738223,0.0171145392865153
"SLC7A4",13.897332401536,-4.19341730528319,1.0072353715602,-4.16329432393507,3.13688592033636e-05,0.000309384149045188
"SUSD2",365.374558300497,-1.06982681295116,0.192812173851333,-5.54854390976391,2.88058543817497e-08,7.13626691318288e-07
"GGT1",795.378892926979,-1.37742498638383,0.168442538271081,-8.17741765543264,2.89991475076526e-16,3.98072724025129e-14
"NEFH",6.55682520823303,5.2827763410021,1.54927904692473,3.40982881778995,0.000650036659066504,0.00404991217611114
"PIK3IP1",79.919469781512,-1.1337914075328,0.345365207080195,-3.28287674696057,0.001027535808725,0.00590128332946421
"SLC5A1",79.6257237255477,-1.34783650096988,0.359282836612526,-3.75146364818832,0.000175805246106497,0.00136685722216597
"LOC105373007",12.3978369451134,-2.39437260521513,0.936559731293206,-2.55656155738083,0.0105712365185138,0.0398282335153094
"RASD2",5.53094562720037,6.03232717965347,1.61766324455468,3.72903767206141,0.000192212417781097,0.00147659695439451
"APOL4",14.8502375837521,-3.25359928032972,0.988134359903779,-3.29266890450661,0.000992412679867772,0.00573596108447462
"TST",1691.16430990986,-1.01116982606071,0.283027409236077,-3.57269223072766,0.000353329935891587,0.00243306596890477
"TMPRSS6",63.2941205302387,-1.6319683198503,0.458420226710192,-3.55998323102355,0.000370878476080847,0.00253825167099548
"SSTR3",305.527020877971,-1.77718437545797,0.479307536922505,-3.70781646136583,0.000209054082384671,0.00157875011938652
"MFNG",70.251877388432,-1.07402313314051,0.332681923925582,-3.22837838758189,0.0012449418030072,0.00691828631074797
"MAFF",184.816093257376,1.133638493954,0.216873436453659,5.2271892422207,1.7210632357555e-07,3.45181389331705e-06
"UPK3A",79.2850653507033,-1.07776032933162,0.325260406070153,-3.31353066410167,0.000921260046379406,0.00538887251020465
"GPR143",104.281257108498,-1.27695934579248,0.292435206628812,-4.36664025687346,1.26172279162427e-05,0.000142867285945447
"ASB9",158.809533155605,-1.2812707473346,0.243215462028633,-5.26804807822521,1.37881999516692e-07,2.86490055323331e-06
"ACE2",116.458398416263,-3.78269421468652,0.397304873405084,-9.52088551612042,1.71709574067968e-21,5.04494778406362e-19
"S100G",76.5096437078393,-1.2286448996184,0.352618028584844,-3.48435077057545,0.000493332480809213,0.00321848034908917
"REPS2",40.8840550154312,-1.10813500159069,0.447722095494473,-2.47505095848988,0.0133217166516393,0.0480609195960801
"XK",19.1397141691843,-4.0714126196896,0.830871611232103,-4.90017057346813,9.57534856817045e-07,1.55536724026334e-05
"TSPAN7",93.4837294803953,-1.77421892971787,0.313874718452153,-5.65263407791265,1.58007455738315e-08,4.20023946230088e-07
"MAOB",569.834881899851,-1.80908831717477,0.170087175719969,-10.6362417361391,2.02118228784689e-26,9.40242771515886e-24
"NDP",27.8178964133322,-2.24272384366853,0.555417739014644,-4.03790460068363,5.39307754842631e-05,0.000497071379766072
"SLC38A5",62.2442109320848,-1.35655061014278,0.385576259181378,-3.51824205417338,0.000434415917474743,0.00290078284288258
"IQSEC2",92.6713900030179,-1.10165665283955,0.307013290796667,-3.58830280598233,0.000332837593285407,0.00231961347263867
"ZC4H2",41.2633863917296,-2.16376797463536,0.471354315519624,-4.59053392191817,4.42113593748662e-06,5.83457553546796e-05
"ZC3H12B",25.0339488697449,-2.07126509132067,0.586810171793994,-3.52970209256668,0.000416027832793724,0.00279359186679892
"GDPD2",10.9399362145882,-4.87791702353774,1.29043806138702,-3.78004738816736,0.000156798512883571,0.00124331258836536
"FOXO4",455.414687049832,-1.36082890846361,0.160872031018325,-8.45907706796218,2.6950189754935e-17,4.33975795986438e-15
"IL2RG",249.575015903593,-1.58318354754729,0.211670316838136,-7.47947832835697,7.46182149994741e-14,6.611805537546e-12
"GJB1",3085.95614208548,-1.38503599423303,0.30349036207126,-4.56369021006284,5.02622294523894e-06,6.50495793384207e-05
"TERF1P7",7.74605379580016,-3.29912560478132,1.12763713378557,-2.92569790931404,0.00343684493052132,0.0160102481367011
"LOC107985665",22.1656971031107,-1.78149119672627,0.667015172077603,-2.67084059149258,0.00756615690396081,0.030525278166859
"HK2P1",11.5803919978721,2.7107915805833,0.840738808130604,3.22429695687629,0.00126282373218228,0.00699818300557799
"SYTL4",25.4320113357304,1.79959793966325,0.557265478381748,3.22933684119305,0.00124077658163364,0.00690112434826257
"NSA2P3",6.52825094498553,3.27308733087987,1.21060037377746,2.70368934437613,0.00685743664984343,0.0280992149681742
"NXF3",4.65805546002225,5.78391693369558,1.67125509566754,3.46082231772363,0.000538528128245966,0.00346341419498279
"NUP62CL",36.8343236651794,-1.97446859584118,0.499923136961318,-3.94954433964106,7.83001061089395e-05,0.000684747716452433
"TSC22D3",26.3654697854305,-2.50552069321795,0.602578533801599,-4.15799858884933,3.21048006750583e-05,0.000315586358836962
"ZCCHC12",7.43764920299206,3.47223755218411,1.26233055833993,2.75065633897858,0.00594760031810339,0.0250011201122684
"XPNPEP2",137.175705038315,-3.06322542013048,0.636129057071526,-4.81541502636634,1.46894263409664e-06,2.27570604007553e-05
"VGLL1",73.0913651561922,1.84206875206565,0.344804627428788,5.34235507743031,9.17467148599521e-08,2.00585148010394e-06
"CSAG4",5.11803512912758,3.96980728496578,1.52347407843617,2.60575965233405,0.00916707626516656,0.035550197423785
"TKTL1",15.8454663509876,7.54946159255524,1.35205993960564,5.58367374952122,2.35490281272293e-08,5.94834953313287e-07
"FLNA",22922.4309627173,1.07510176240228,0.0985917244627384,10.9045842159765,1.09593138759116e-27,5.73548842124659e-25
"CH17-340M24.3",161.553942720987,-1.11535405694491,0.256613101825113,-4.34644236405767,1.38363386743177e-05,0.000154581163294729
"LOC102724788",158.074610420275,-1.26143596007221,0.272362577288476,-4.63145845009443,3.63098871993777e-06,4.93572792961021e-05
