"","baseMean","log2FoldChange","lfcSE","stat","pvalue","padj"
"LOC284600",4.9325147117797,4.99103061881999,1.6801817361286,2.97053021795137,0.0029728615679519,0.041368233046073
"ISG15",263.986294772011,1.50442690375002,0.473804955335314,3.17520297499913,0.00149731725035171,0.0268787984266889
"TP73-AS3",9.71168995871923,6.98140971600824,1.46973716913683,4.7501076128519,2.03308428250701e-06,0.000264491984779302
"CHD5",6.53917296442752,6.40315562782059,1.71726127996695,3.72870203417376,0.000192468567383876,0.00731531511797854
"RNF207",99.2666978284933,1.06502645692644,0.329144814515983,3.23573822207284,0.00121328597572845,0.023533677158316
"ZBTB48",313.424071821529,1.13200137560289,0.30497005412284,3.71184436078084,0.000205754497336405,0.00751802075025889
"SLC2A5",35.2123210687576,-1.64031085797247,0.538276028048626,-3.0473414614412,0.00230875278589846,0.035144592337122
"LOC105376830",9.447712282971,6.94242880274269,1.4756907244856,4.70452831853551,2.54453547721723e-06,0.000318214681873412
"WNT4",14.5775596086128,3.27267573585618,0.848152724453933,3.85859249342532,0.000114041907905275,0.00507015674962353
"LOC105376888",22.3469549543058,3.63063479456203,0.721784012190352,5.03008480825777,4.90262933437157e-07,8.40996168296092e-05
"LOC101928728",24.2662168980358,1.83017853439661,0.563161392127489,3.24982955149435,0.00115474197281736,0.0228722913896593
"SNHG3",466.675901394799,1.44850614102502,0.354063651346608,4.09108965440515,4.29351098432887e-05,0.0024942186787676
"SNORA73A",79.8455866049275,1.11277530913297,0.379581813866816,2.93158225310396,0.00337240047332471,0.0449900968857028
"SNHG12",188.585753975735,1.62447733982544,0.38688854779928,4.19882508558571,2.68303464214582e-05,0.00176298113570693
"TSSK3",7.05538033609801,6.53452942463325,1.55739249800341,4.1958141143036,2.71893176644831e-05,0.00178053288381196
"GJB3",35.5378121702219,-1.52542971566995,0.505450069257208,-3.01796321427291,0.00254479793113727,0.0374472796664895
"RPL5P4",14.5482198360055,2.44937578423007,0.799763890194703,3.06262362462222,0.00219405827281661,0.0342704476714561
"ZC3H12A",198.447386270968,1.33395506950219,0.29872024654522,4.46556631138911,7.98572324345044e-06,0.00072673830681241
"LOC105378649",3.78314006492753,5.6140556060922,1.82649167652338,3.07368255670249,0.00211434281313345,0.0333477795685751
"CAP1",3095.52912666215,-1.39220528303544,0.448842632614353,-3.10176703787321,0.00192369280997676,0.0313672925459547
"ZMPSTE24",2966.04034306791,-1.00810307531608,0.250249296723654,-4.02839523832632,5.61588753280728e-05,0.00303226640490073
"SLFNL1-AS1",51.9543232118614,2.32092706833095,0.470007117093846,4.93806792263432,7.89003639817782e-07,0.000125361037329737
"SLFNL1",65.7293877576715,1.65347737888045,0.542884079593916,3.04572825218464,0.00232117520745012,0.0352063069023576
"LOC112268225",18.7832326134635,2.61154436094629,0.742034594313527,3.5194374776587,0.000432462953005924,0.0122915863358751
"TSPAN1",191.745552009141,-1.05250637263937,0.33179133301659,-3.17219368893746,0.0015129206631618,0.0270539244785317
"LINC00853",10.2888032744684,3.49471550331633,1.19175584095846,2.93240895761478,0.00336343521360166,0.0449465139900061
"FAF1-AS1",20.8925447556784,2.20865360512473,0.65931970615458,3.34989775750295,0.000808413943377102,0.0186090795103833
"LOC724060",10.620267717315,6.12158669343337,1.5224768087147,4.02080784311013,5.79989017758636e-05,0.00309138972933049
"LOC105378723",10.1179710351792,4.11525361949045,1.22268765092738,3.36574399550786,0.000763375202456746,0.0179796657647893
"LOC105378726",38.6776617533167,1.76222426042243,0.536027574222826,3.28756270230583,0.00101058681648918,0.0211775295684608
"NFIA",376.323832342995,1.42185378098579,0.330933448075651,4.2964946252902,1.73520173397529e-05,0.00130368800044097
"CFL1P3",19.6762340780491,3.58222803154326,0.845421998738832,4.23720702428739,2.26317443578268e-05,0.00158947004576853
"LOC102724416",15.7670697417234,3.7811865139007,0.957368860514999,3.94956079088124,7.82947250668139e-05,0.00390145231541162
"WLS",532.689599957394,-1.18372791236591,0.265518758373481,-4.4581705624763,8.26621173261975e-06,0.000737764279933034
"LRRC40",507.086197236387,-1.23661969351069,0.395882764812938,-3.12370177088921,0.00178591370212118,0.029843233794756
"ACADM",940.196895662082,-1.14414568743536,0.289678618986756,-3.94970706308038,7.8246896211534e-05,0.00390145231541162
"NSRP1P1",20.1067775520189,6.13677190312767,1.38999935417067,4.41494586649581,1.01035270184589e-05,0.00085977345568207
"NEXN",231.225414948743,1.91038532702943,0.435184159851232,4.38983194535963,1.13438293787876e-05,0.000923902473438734
"GBP5",10.9846577265729,7.15118852738374,1.52557616244482,4.68753294881296,2.76518192612135e-06,0.000335001790349602
"EPHX4",34.2053806365357,-2.13738146668502,0.528831829287482,-4.04170352144804,5.30642972335095e-05,0.00291387631040892
"CCDC18",147.860813478961,1.42585909659666,0.328261782557391,4.34366463707171,1.40125374833534e-05,0.00109523801039243
"SCARNA2",96.3060011005359,1.51020306980725,0.522553040278143,2.89004742753655,0.00385183709142291,0.0486727576141732
"WNT2B",8.29962662782284,3.17363689827537,1.08497042137967,2.92509070822384,0.00344355831256339,0.0454651929516134
"LOC105378925",5.95399912713375,5.26765494311603,1.60419994323369,3.28366483575462,0.00102466703081983,0.021325971740991
"NBPF26",169.354448877081,1.12009702029871,0.260197011364302,4.30480355798729,1.67133974712814e-05,0.00126609416065678
"NBPF20",171.079505394903,1.01541136787229,0.350590719194368,2.89628707287414,0.00377606796870133,0.0480670448184651
"TXNIP",5004.0968981189,1.09619308577311,0.189600933091109,5.78158064890089,7.40019892923665e-09,2.81265600086908e-06
"LOC100996756",4.42841307402434,5.85632635319352,1.71512923257997,3.41451025494108,0.000638967881435013,0.0161483095355102
"LINC02804",19.6002691146168,2.13968470370545,0.651490137067762,3.28429331767903,0.00102238456401977,0.021325971740991
"LOC100132057",33.0699720121891,1.80787473394158,0.574909340487775,3.14462578118441,0.00166299405105034,0.0287303713775042
"NOTCH2NLB",101.46530716553,1.22021327564342,0.300451587457444,4.06126419889945,4.88076993624557e-05,0.00274570706505281
"NOTCH2NLC",65.0863896975094,1.67645540418627,0.419287925807467,3.99833932960923,6.37884588438807e-05,0.00331494768426215
"CA14",21.0589886722244,2.47997286989472,0.738221340039115,3.35938929882915,0.000781149406837008,0.0182479477921177
"CELF3",44.8355531601518,1.39789462480726,0.434266240771001,3.21898064727624,0.00128647167352117,0.0243050359839516
"LOC105371441",245.043208343373,1.32950216435591,0.246651844440327,5.39019753682627,7.03802779041906e-08,1.79506750907215e-05
"S100A9",25.7458613446793,-2.30578356981504,0.691427401586967,-3.33481659032141,0.000853556767560015,0.019238772537655
"NUP210L",8.65497148978599,3.90204869093698,1.14727071594897,3.40115775352061,0.000671010928105136,0.016696888100629
"SHC1",982.255232643367,-1.07918314779631,0.319745301582003,-3.37513371566944,0.000737798332252375,0.017612663635936
"RUSC1-AS1",48.0658471303257,1.90918206530064,0.587478379463763,3.24979119579396,0.00115489771988847,0.0228722913896593
"PAQR6",16.9902194817162,2.34289578412022,0.783318360992355,2.99098795686609,0.00278076459874324,0.0394956279931394
"GPATCH4",3273.99063707384,1.24916229767531,0.433481169060106,2.88169910675428,0.00395537246879751,0.0493060706978592
"KIRREL1-IT1",111.566727125765,3.27270470494035,0.587305635837404,5.57240473314034,2.51246888664525e-08,7.46605115256738e-06
"LOC112543491",41.88532817944,3.20763022151453,0.597087579282623,5.37212685845578,7.78133326023264e-08,1.95887485605649e-05
"LOC105371475",30.5598817707711,2.03000709652036,0.539353978415243,3.76377514167046,0.000167367389842273,0.00668898724338044
"FAM78B-AS1",5.59577550989545,6.19812547177032,1.79996519979907,3.44346961400265,0.000574301125355978,0.0149930346391314
"GPA33",80.5052068254457,-3.50344629687488,0.402866796672738,-8.69628950762316,3.42912880550746e-18,1.51319634121461e-14
"LOC100505918",81.8461265383191,3.10607879170152,0.518832254981271,5.98667249747926,2.14177426629582e-09,1.09253032573364e-06
"QRSL1P1",21.8169237517289,2.19525083472045,0.693150650509203,3.1670616381991,0.00153987675798142,0.0273592768805792
"LOC101928565",16.4271370471996,2.62461201472512,0.819369411618261,3.20320966039175,0.00135905000077096,0.0252558894757641
"CCDC181",6.94597673348801,3.53797677642553,1.19912618971683,2.95046243403373,0.00317298627325348,0.0432221826568837
"PRRC2C",12762.5303717896,1.17570808084241,0.267687973032553,4.39208406535108,1.12269270303848e-05,0.000918239466485141
"TNFSF4",128.408466248411,1.78389085704677,0.310940847179031,5.73707466622953,9.63257982180329e-09,3.39487140483336e-06
"GAS5",1310.4315364906,1.13958139670392,0.354473205393055,3.21485906230993,0.00130508581631799,0.0245809284480677
"LOC105371622",22.9781069087428,2.14973256158277,0.720396279019122,2.98409725895559,0.00284416350196968,0.0400081751249494
"LOC105371630",59.5519923052598,2.87394495444889,0.455041989157041,6.31577969271107,2.68802752762252e-10,2.04760069245377e-07
"LOC105371629",18.2016327177558,3.00159805961346,0.765346945450917,3.92187893014326,8.78611393098688e-05,0.00418988861249971
"LOC107985244",14.5250869976706,2.73509347923772,0.791742780931322,3.45452278834857,0.000551267626010251,0.0146180186902636
"LOC100420255",8.53275263573751,4.89869224447051,1.35608091152567,3.6123893514283,0.000303388576132062,0.00966477094675744
"LOC100506672",3.33250920044878,5.44548401804278,1.87366209054769,2.9063319610907,0.00365693258507342,0.0472231888676272
"MDM4",637.397075897308,1.02131520043446,0.240733921153173,4.24250639686389,2.21037238948453e-05,0.00156371745977256
"LOC105371692",29.4546079871163,2.62789409171453,0.705963217522319,3.72242352928458,0.000197319679291438,0.00738503458357219
"RPL21P28",72.1696297928377,2.04215231400831,0.700568871991214,2.91499150997666,0.00355698218813,0.0464926114192258
"SLC30A10",18.8535175581244,4.42263520214316,1.05835258362257,4.17879189844768,2.93061686483211e-05,0.00188727831587726
"DUSP10",109.059244654419,1.46968857185932,0.390947417355806,3.75929986134617,0.000170389519307345,0.00675425448313616
"GTF2IP20",63.8881270439854,1.14219590561718,0.348225753629619,3.2800443209954,0.0010379078012757,0.0214112867156296
"C1orf35",1011.60825067547,1.25604463268391,0.416412471866467,3.01634729395591,0.00255840047119631,0.0375128855776621
"ARID4B",705.542893625323,1.20508730928263,0.251002526296304,4.80109633581954,1.57799329167973e-06,0.000218484442613714
"NID1",104.197184986659,-1.7226921048774,0.425411289872377,-4.04947434609506,5.13328043579297e-05,0.00283485777684931
"LOC105373234",64.412549019501,1.42924686625543,0.441289972753237,3.23879298081093,0.00120036665474108,0.0233848313924635
"SMYD3-AS1",23.7402862631236,2.7897705047158,0.68607638820202,4.06626806094707,4.77719837960851e-05,0.00272853932132809
"LOC107985840",31.1625943499278,2.4971693374916,0.626426613744195,3.98637171969091,6.70913744112016e-05,0.00344047407827178
"LOC107985851",29.6614312151595,2.0307119504174,0.60927733077625,3.33298458327699,0.000859197031661765,0.0192503538743342
"EIF1P7",3.66794543849257,5.58635224309113,1.86782540039143,2.99083214197667,0.00278218381656476,0.0394956279931394
"IAH1",56.5987578413869,2.76153780570672,0.608956399478385,4.53486950473331,5.76391111997057e-06,0.000578899757251344
"LOC105373485",67.5898607930408,1.64150452932937,0.387342854635615,4.23785932716788,2.25661080173034e-05,0.00158947004576853
"VSNL1",289.986958846886,-1.04315451209139,0.254428733932976,-4.09998704142509,4.1317327294292e-05,0.00242695476446229
"LINC00954",3.94631681783266,5.70949682834564,1.83154146159276,3.11731781566141,0.00182504708660063,0.0303142354127392
"MFSD2B",16.2347064889727,2.35379980012382,0.812057871123028,2.89856164668246,0.00374878604743825,0.0478383599364997
"LOC105374333",34.3011439176135,2.19787760354022,0.660738020183957,3.32639796167369,0.000879762240090101,0.0195927118103095
"LOC100505736",23.1211462336413,2.35607628812771,0.654440432106492,3.6001386414101,0.000318047552757588,0.00993206377621736
"LOC100505716",18.0752383303167,2.97826679049703,0.870326920159857,3.42200927204458,0.000621601937987937,0.0158332877345048
"HSPE1P13",4.91210966878088,5.99472960778106,1.93038257643039,3.10546193328493,0.00189982072824115,0.0312085805052766
"EML6-AS1",9.30926511656229,5.05501249744656,1.37060324436207,3.68816615474987,0.00022587613915513,0.00797519686955015
"RTN4",5647.55802734599,-1.21826432423305,0.417361838795064,-2.91896433979258,0.0035119639635693,0.0460849228508724
"AHSA2P",277.770814881154,1.21651836054211,0.237119525104547,5.13040147160275,2.89124865484694e-07,5.66675284244363e-05
"LOC107985768",10.044766719634,4.53609204754675,1.18091334736808,3.84117264628807,0.000122447951900157,0.00535785801271477
"LGALSL-DT",62.1347944864414,1.74608689358829,0.433314997216752,4.02960180193087,5.58714158470745e-05,0.00302517185692652
"LOC105374773",19.963345946397,2.07036652972846,0.678094617468509,3.05321186216997,0.00226406032210168,0.0348859660442122
"ACTR2",12426.3676852914,-1.03968199909959,0.320607482038702,-3.24285008100366,0.00118340463305658,0.0231474423886667
"B3GALNT1P1",11.6517666047877,4.33253667482027,1.13764992600973,3.80832150186701,0.000139913288383073,0.00585762242336392
"LOC105374795",25.1157416675741,2.65101110226966,0.672908159436292,3.93963286831067,8.16063960630468e-05,0.00399873620107151
"DYSF",18.3943822563914,-2.2342751129948,0.707748338415763,-3.15687793488296,0.00159468086138725,0.0280501758776138
"LOC105374800",33.1356128918507,1.80421858528877,0.502645090429964,3.5894483396733,0.000331378491149201,0.0101374700939622
"ALMS1-IT1",50.7332510467136,1.49647847489178,0.451019132385752,3.31799333428689,0.000906666481277231,0.0199186337292583
"CCDC142",677.696263148308,1.06681536494633,0.301768962637988,3.53520572699228,0.000407457798115635,0.0117883014308559
"TACR1",20.8761761340732,3.08887219647774,0.690473015422199,4.47355961418566,7.69280977767455e-06,0.0007134805011026
"LOC101927948",10.7421325755704,2.61377243714268,0.857117144149752,3.0494926568474,0.00229228236774575,0.0351373486342931
"LOC105374838",36.6533127453271,2.42439235428207,0.586823355659413,4.13138354310691,3.60586358578616e-05,0.00218425186708997
"LOC105374839",18.9650648948804,4.48391983169865,1.02428199368527,4.37762243146141,1.19980965578273e-05,0.000965025326460271
"LOC105374845",6.08933949153722,4.44437411085475,1.49957252910313,2.96376068819616,0.00303904527939781,0.0419280097479339
"LOC101928152",114.790907671004,2.8756426989638,0.484820895461081,5.9313505789163,3.00452913843677e-09,1.42048275169411e-06
"LOC107985909",41.3881101068448,2.37190151624492,0.720657527071921,3.29130193905295,0.00099724812877245,0.0210115844870926
"RPS14P5",10.4130351541761,3.79239995768328,1.21207308271945,3.12885420174048,0.00175489360711051,0.0295798762436784
"LINC00342",49.3958531633699,2.85756495692723,0.534417588279275,5.34706383097918,8.9392497524359e-08,2.16165615202603e-05
"ANKRD36C",176.718513216901,2.24421842484413,0.392531424543204,5.71729620744573,1.08232357632734e-08,3.68065968482968e-06
"NEURL3",85.2011216458837,2.04142054303593,0.43410108170955,4.70263869188378,2.56820652582382e-06,0.000319116123695955
"ANKRD36",218.163503281688,1.92181865696403,0.338320895160052,5.68046101927833,1.34332165666031e-08,4.31113666512675e-06
"ANKRD36B",147.787689568265,1.42562810990365,0.316619124571137,4.50265950243744,6.71083546364186e-06,0.000640802141020856
"EIF5B",21344.8982012787,1.68731513458223,0.456364711215571,3.69729537169494,0.000217908744977973,0.00777890075995034
"NPAS2",120.324686119132,-1.27742256880659,0.385055358006206,-3.31750368420012,0.000908257178125233,0.0199186337292583
"BBIP1P1",5.07169233625892,5.06877500997079,1.62857918315737,3.11239088795414,0.00185578600408879,0.0306685554660495
"LOC105373511",21.4287030759567,2.01131166238848,0.676845198359214,2.97159774090773,0.00296254558243835,0.0413278295457934
"SULT1C3",50.1856474885561,2.365984228018,0.688225812734776,3.43780222165219,0.000586455872200819,0.01519767463468
"SULT1C2",204.737135715177,1.01652323130224,0.300885466949175,3.3784391170809,0.000728985725050222,0.0175881012847266
"SULT1C4",85.1514273329037,-1.45276725460424,0.359697940333754,-4.03885341477424,5.37131175166819e-05,0.0029411725139643
"LINC01106",112.763585627631,1.45659386362763,0.462541715637059,3.14910810070712,0.00163769602755019,0.0285255739385105
"LOC101927283",47.2452585542987,3.0413883599111,0.674047769172403,4.51212584479779,6.4181087166667e-06,0.000625168941526972
"RPS14P4",9.07070924115511,3.97688558159644,1.30414324669816,3.04942389700299,0.00229280715132852,0.0351373486342931
"SOCAR",14.1163925717442,4.05773532917339,1.08441070453278,3.74188055522898,0.000182648328623585,0.00706677685037839
"ZC3H6",148.211429593027,1.98432063207089,0.385162503210498,5.15190501549531,2.57853634261399e-07,5.26129983844523e-05
"IL1A",34.4075404075774,2.05221039122791,0.505800030873593,4.05735521147247,4.96315669224291e-05,0.00274873798064105
"LOC112268422",29.046689066367,3.45940835911741,0.821589508248367,4.21062869521409,2.54661002412196e-05,0.00171401002456875
"LOC105373590",3.90792398581489,5.68098392820401,1.77198375034473,3.20600227123912,0.00134592926074711,0.0250860507599249
"LOC105373608",17.0862406385034,3.35528531702169,0.913331441825909,3.67367766329591,0.000239084305168346,0.00831698207316481
"SRMP3",7.05370509663596,3.55042141764508,1.19703691417832,2.96600829564409,0.0030169235172868,0.0417714610422052
"FAR2P1",87.4878651081258,2.70406394377674,0.434200956813069,6.22767845475035,4.73397384630305e-10,3.16425341505995e-07
"POTEF",58.488925171817,2.04047760596533,0.563853379327457,3.61880886197603,0.000295962125166883,0.00955662518678933
"POTEE",64.028488411959,2.18123705805546,0.510505206952662,4.272702860517,1.93117725626284e-05,0.001421665343639
"ACMSD",10.279224368185,3.81404400070847,1.18220905562471,3.2262009689082,0.00125445239889099,0.0240042500494599
"LCT",95.6129864065978,-1.46821244617832,0.312354723789045,-4.70046499815353,2.59569746277276e-06,0.000320477704575715
"RNF14P1",25.1898966353442,4.87061376743609,0.835976273359476,5.8262583791558,5.66838349505533e-09,2.24236623812556e-06
"LOC105373637",136.76748241882,1.49187335360955,0.334193179349602,4.4641047328165,8.04042303161312e-06,0.000728297009555088
"LOC105373680",11.1143996254886,5.28018057437025,1.35522645288622,3.89616109036616,9.77294000078369e-05,0.00446957278730595
"LINC01931",8.37420719925649,6.76677432930537,1.51484333720216,4.46697962959212,7.93316804933076e-06,0.000725360988057677
"LOC101929356",44.6367750001555,1.63124003745341,0.482044977417383,3.38399965537031,0.000714380928345908,0.0174842928220418
"NUDCP1",28.1636789261788,3.05979269856883,0.643264696937954,4.75666193580022,1.9682036423668e-06,0.000259535097983932
"GALNT5",52.0984462012105,-1.62913531134625,0.500402508632911,-3.25564976841745,0.00113133211205273,0.0226079810928145
"RPL7AP22",13.3058118023993,3.7271648211718,1.02613411615019,3.63223945341104,0.000280972211711716,0.00923112771494898
"LOC107985780",267.57490263412,2.13042260882239,0.311776153294226,6.83318010794715,8.30525741224233e-12,1.0732607311927e-08
"PKP4-AS1",39.2238655582173,2.90993264262365,0.643599918812104,4.5213378025195,6.14500353235864e-06,0.000604643393255024
"LOC105373716",21.6897222526178,1.88694826735829,0.610857048247133,3.08901775427315,0.00200819437739625,0.0322358737945882
"BAZ2B",434.343336812605,1.59665201476663,0.290240752448275,5.50112967010437,3.77365538144494e-08,1.06012370889752e-05
"DPP4",4093.80193430304,-1.02445629999991,0.277028587351477,-3.69801654693544,0.000217290727607895,0.00777115030249344
"GALNT3",2648.7919053418,-1.2046701040771,0.37072352653692,-3.24951080210748,0.00115603687574337,0.0228722913896593
"STK39",173.361469838847,-2.78546438488657,0.427561613240374,-6.51476722565501,7.28024665846427e-11,6.72001434417483e-08
"PPIG",6225.21845814747,1.62735123717249,0.443107721429053,3.67258605181641,0.000240108258295277,0.00831698207316481
"DLX2",34.3730981806583,1.91066028864059,0.479259511386376,3.98669247713736,6.7000776593705e-05,0.00344047407827178
"ITGA6",3920.88667301738,-1.0435513058485,0.302506185086535,-3.44968584873721,0.000561239262027869,0.0147457349492418
"MAP3K20-AS1",34.1836221678442,2.25623040710897,0.595992874799169,3.78566674621613,0.000153297000186733,0.00627502053041565
"CIR1",1580.19451532463,1.69810030745361,0.459778945301146,3.69329723513414,0.000221365026695223,0.00787328381185358
"GPR155",51.7432072705949,1.4319242111913,0.42196768188864,3.39344521547789,0.000690193625335822,0.0170429467942797
"LOC107985962",105.423061664781,3.42374503964415,0.481235331320202,7.11449225943486,1.12325572681937e-12,1.67486069297436e-09
"HOXD4",38.9679151240538,1.87885763974044,0.467098357499535,4.02240258304123,5.76074833077521e-05,0.00308470568076648
"TTN",1169.48452687671,2.44820194544161,0.364188171138807,6.72235437462492,1.78811415810923e-11,1.92560026893273e-08
"LOC105373774",36.2939283215151,1.66799879420218,0.498965260715533,3.34291568076345,0.000829030862931206,0.0188619125354346
"NABP1-OT1",5.44433060643464,6.14265156437486,1.74386208586318,3.52244114610379,0.000427591970085852,0.0122068376261328
"TMEFF2",11.9504021863762,7.3110579664877,1.44603076410464,5.05594911807743,4.28255512679922e-07,7.61587601631891e-05
"CAVIN2-AS1",14.9722319320474,5.73332355925807,1.28972516766034,4.44538394924768,8.77350324477499e-06,0.000773025394985084
"SLC39A10",2215.78174203424,-1.38246686040466,0.47437367729222,-2.91429926781759,0.00356487984218843,0.0465135684412128
"RNY4P34",10.9572099274047,5.28000606149975,1.45511900905602,3.62857335285933,0.000284991777960311,0.00934734454142585
"LOC107985786",13.6211819670722,3.30231088428512,0.877169758528054,3.76473408046649,0.000166726418149642,0.00667732415167906
"LOC101927741",101.843267717935,2.0127015995288,0.410695649542968,4.90071322101557,9.54893589516977e-07,0.00014617186000251
"PARD3B",723.150592607866,1.08838028159114,0.217591413326573,5.00194499843448,5.6754784362209e-07,9.48392017307809e-05
"CPS1",421.594942274001,-1.10421161005869,0.311005433436226,-3.55045761695707,0.000384562050801928,0.0113460438245732
"LOC112268430",10.878588170877,2.63844714930553,0.913242111244401,2.88909930545179,0.00386347043100655,0.0487879549411276
"LOC105373902",5.90415735706842,5.27600063775679,1.5828295069366,3.33327159661556,0.00085831111647539,0.0192503538743342
"SERPINE2",152.61479774941,-1.1738430520129,0.319596395848851,-3.67289202024687,0.000239820839637751,0.00831698207316481
"TPM3P8",31.4708522457715,2.4197836855242,0.832606360605104,2.9062757624931,0.00365758950009147,0.0472231888676272
"SNORC",34.2020241698946,1.58714271034817,0.500949787700418,3.16826705852868,0.00153350583669106,0.0272710799435041
"UGT1A8",17.5625214065284,-3.3629105263052,1.06283640894931,-3.16409044514169,0.00155568442349853,0.0275643389991733
"UGT1A5",16.2984987435255,2.39894643563286,0.730052936341122,3.28598970871331,0.00101624722788914,0.0212502009335525
"UGT1A4",19.1294598014581,3.05161891499167,0.74820164067942,4.07860494962372,4.53067489756765e-05,0.00260601193514692
"DNAJB3",17.435271400257,2.18693996992659,0.745930252765679,2.93182903068764,0.00336972199956061,0.0449853245450984
"MROH2A",13.8711307310942,3.75365866789959,0.938764754705005,3.99850830475536,6.3742944884747e-05,0.00331494768426215
"TNRC17",49.5590277463719,3.02213103100598,0.605594583055753,4.99035347336942,6.02689035083258e-07,9.90044428479142e-05
"LOC105373943",64.5300866948869,2.80412792032335,0.63902979466305,4.38810200047388,1.14344149994415e-05,0.000927383683469346
"LOC107986000",22.4957495600664,3.17392456169893,0.742179066113635,4.27649432140272,1.89859397527691e-05,0.00141005155619799
"LOC105373942",73.5382195074034,2.85828493977803,0.54159543251921,5.27752777840617,1.30938360568962e-07,2.88421497871451e-05
"LOC105373968",51.9337402622269,1.42982936380952,0.389141507413431,3.67431727680092,0.000238486240116778,0.00831698207316481
"LOC107984112",18.7131986298628,2.54758460034846,0.79255242538994,3.21440515319227,0.00130715091069811,0.0245809284480677
"CIDEC",161.276801812298,-1.00644496631169,0.279566375876571,-3.60002150886716,0.000318190858699493,0.00993206377621736
"LOC101927467",4.70732327634661,5.94187178248051,1.71755391453985,3.45949651546886,0.000541186279562418,0.0144911132391255
"MKRN2OS",20.3465404238577,2.00377915712816,0.695129098397771,2.88260002601926,0.0039440789220248,0.0492530331815374
"CAND2",9.10063664508837,3.65845485411519,1.1827266094892,3.09323796789792,0.00197985307195014,0.0319812266222347
"PDCL3P3",3.97832103252776,5.69336199325659,1.79570754033665,3.17053967050182,0.00152156054920111,0.0271083912552521
"UBE2E1",426.776499764619,-1.34052210806783,0.37854242015664,-3.54127314849714,0.000398201111593909,0.0116388650493177
"LINC01981",5.21300912228516,5.11789915277724,1.67838806774849,3.04929429082677,0.00229379662081688,0.0351373486342931
"LOC105377016",64.5002452515429,2.17380871660992,0.480036926010303,4.52841979194588,5.94264304494171e-06,0.000592096528936898
"FBXL2",43.2610888278921,1.41506239826943,0.415778053758235,3.40340810554723,0.000665507956425226,0.0166115849350975
"C3orf35",21.4741303842355,3.89682229003553,0.917652034868882,4.24651408373145,2.17122138248328e-05,0.0015416467134819
"CSRNP1",589.774718244266,1.18437843225774,0.195085731513253,6.07106641306199,1.27063622867901e-09,7.24412136962174e-07
"LARS2-AS1",3.45036568103129,5.49307475851164,1.90422237276373,2.88468134661141,0.00391810024634942,0.0490499388120631
"C3orf62",77.1377876817076,1.16668689996282,0.396700034766899,2.94098007994469,0.00327175573188115,0.0440849563033309
"MST1R",203.275967888013,-1.04837877737952,0.296174575045873,-3.53973252841551,0.000400532746920636,0.0116750778440746
"SEMA3G",27.986833131835,-1.6214790768048,0.523599978107288,-3.09678981016412,0.00195628531925563,0.0316797281774864
"LOC107986087",23.7214102380621,2.25103939692984,0.578000287330504,3.89452989258236,9.83893586102173e-05,0.00446957278730595
"IL17RB",328.829274546805,-1.10821937540076,0.317510474866429,-3.49033957341711,0.000482407150612002,0.0132638017127135
"LOC105377103",22.2859991290043,3.0809800212387,0.746094529470173,4.12947676137849,3.63589748705851e-05,0.00218876512078081
"LOC107986015",18.8662738492812,4.74518276271089,1.08731297499862,4.36413697971084,1.27625591872155e-05,0.00100975284606117
"PPIAP71",5.70136471149637,6.23156683323312,1.71475339016547,3.63408923345636,0.000278964308839851,0.00920271787861839
"LOC105377111",8.24484276508132,4.84429152883024,1.41555624218097,3.42218230860722,0.00062120645923746,0.0158332877345048
"LOC107986016",57.6372068839472,2.14529162336187,0.671616873445803,3.19421936550703,0.00140209531576098,0.0256882945186303
"LOC105377116",11.2113180543247,4.3030238532556,1.19898891575648,3.588877091946,0.000332105357447164,0.0101374700939622
"C3orf49",12.6966552120908,3.06773458070789,0.929737453757255,3.29957082863615,0.000968327886751241,0.0207175140803378
"PSMD6-AS2",43.1167263330909,2.33908273914828,0.507180813768656,4.61193064810063,3.98946110183378e-06,0.000445636541334511
"ADAMTS9-AS1",17.4687587220743,2.1275782285399,0.726486365302299,2.92858659178634,0.00340506972813408,0.0452701451372778
"LOC107986018",27.9470765263178,5.04892816278132,0.837677288808594,6.02729503382177,1.66726486644217e-09,8.97729504753197e-07
"MAGI1-IT1",55.8448795785006,3.28844881478755,0.556985054567399,5.90401625289862,3.54757189881236e-09,1.55431730527573e-06
"MAGI1-AS1",18.262992511196,2.89802880376215,0.79770878286592,3.63294082503446,0.000280209296808132,0.00922169271532909
"LOC105377148",20.5177375480439,2.35995093752921,0.811675635298721,2.90750496244805,0.00364324563802315,0.0472231888676272
"FOXP1",2453.89584049985,1.048354561702,0.238531059323436,4.39504425409222,1.1075018904136e-05,0.000917428061699882
"EBLN2",35.3674154982268,1.82445384353581,0.543183127204513,3.35881906517484,0.00078276300171047,0.0182588183214871
"LOC101927296",7.48856223453999,5.60786747804932,1.57018225458343,3.57147551609358,0.000354975737154914,0.0106514701068279
"LOC112268455",21.898887750821,3.40320165588207,0.809819888383896,4.20241797552491,2.64078950206866e-05,0.00175964970943939
"LOC105374010",96.3072493883173,2.63006319390565,0.530585248945322,4.95690975038148,7.16232252433317e-07,0.000114739222984855
"HHLA2",53.7335370616779,-1.91156611984195,0.417709364529696,-4.57630659536255,4.73256819129954e-06,0.000498565770761686
"LOC105374040",33.142199345196,2.7807442393623,0.662104073529549,4.19985973585496,2.67080381012455e-05,0.00176298113570693
"LOC100653395",33.5133698811977,2.49212868405069,0.603886636637725,4.12681542006986,3.67821385754429e-05,0.00220738382088664
"LINC02042",25.4388459494281,4.28750160192146,0.835736000017749,5.13021049928495,2.89418350908956e-07,5.66675284244363e-05
"CFAP44",40.8323273154337,1.86336530223108,0.524637076872871,3.55172248468938,0.000382718281549513,0.011327051102844
"ZBTB20",306.526843137685,1.90711262993665,0.417278489266652,4.57035931396395,4.86888690208187e-06,0.000504697880801898
"GOLGB1",1628.04413050259,1.01544846673137,0.211606333122875,4.79876217193235,1.59649230758072e-06,0.000219478063050672
"LINC02035",20.6585432406986,4.34951372843442,1.04286090511679,4.1707515423136,3.03596730134192e-05,0.00192317614932065
"RPL32P3",65.3093987938941,1.83112995203043,0.539471897350167,3.39430090988012,0.000688040468435064,0.0170329968913403
"NPHP3",50.081395870963,1.7099572168065,0.546101237199641,3.13120919772131,0.00174088102344226,0.0295228955794
"SLCO2A1",48.0648848907392,-1.55199983905982,0.453696280281948,-3.42079030953336,0.000624394547370343,0.0158627312008214
"LOC105374117",15.3991997896059,7.64483776601504,1.39700062153671,5.47232237993258,4.4417586430256e-08,1.21266266952688e-05
"LOC100421438",21.2643937871343,1.88431211805956,0.60884595735726,3.09489140116583,0.00196884971216229,0.0318300106927054
"RAD51AP1P1",6.13149950169745,3.80863259381166,1.32031193877002,2.88464603096728,0.00391853975072389,0.0490499388120631
"GAPDHP39",5.29286617914728,6.12180993664923,2.01391969969271,3.03974877329186,0.00236775565269483,0.0356439279223116
"EEF1A1P25",18.6693441609837,3.10252052174697,0.710248473499479,4.36821850029537,1.2526413879529e-05,0.000999226364776914
"PLS1",1434.46465467376,-1.0972096674237,0.349527152424876,-3.13912570114142,0.00169452741528064,0.0289535352327176
"LOC105374136",9.45372362237796,5.95322952685829,1.4806836209198,4.02059524583661,5.80512722594046e-05,0.00309138972933049
"LOC107986140",8.26709614025756,5.76965873127847,1.47126240405671,3.92157015320299,8.79738271402901e-05,0.00418988861249971
"TM4SF4",170.56695788496,-1.02683566022428,0.343038624717902,-2.99335289449897,0.00275930492568239,0.0393282107936967
"LOC105374162",232.579025138502,2.26543832209055,0.536911106420732,4.21939180433962,2.44962245466883e-05,0.0016838114064291
"TMEM14EP",32.5582905153136,2.77217904548202,0.711765367762918,3.89479338422294,9.82824696039555e-05,0.00446957278730595
"LOC105374166",4.31269575498886,5.79995124160792,1.84771428072486,3.13898707289994,0.00169532926584474,0.0289535352327176
"ALG1L15P",9.80380249469208,3.21447627661311,1.02362493865673,3.14028718451444,0.00168782288064537,0.0289535352327176
"PA2G4P4",62.6962263806563,3.04223857885689,0.551598179193739,5.51531657211718,3.48152693199289e-08,9.92439971319855e-06
"LOC100287290",43.3733745159737,2.48433075857626,0.540661277514404,4.59498555176272,4.32779254524329e-06,0.00046705800463829
"LOC105374181",4.07217838468436,5.73146308006344,1.84497621848352,3.10652409643222,0.00189300879772622,0.0311230555853478
"IQCJ-SCHIP1-AS1",15.1755325669634,2.70583556214518,0.829569158506898,3.26173596787914,0.00110732229014526,0.022358682575183
"LOC101928351",38.3221779552806,3.26935459677684,0.826714372640184,3.95463621412057,7.6651191974818e-05,0.00385923819542824
"SCARNA7",72.8897811867348,1.90158958394206,0.535985604354875,3.54783704728573,0.000388408442847699,0.0114421113315499
"LOC105374187",37.5620359324249,2.21852395753116,0.563362600562569,3.93800361492893,8.21623570376664e-05,0.00399873620107151
"LOC112268450",23.3217953079412,2.23032938052892,0.685309055398315,3.25448695440426,0.00113597377357615,0.0226595801322298
"NCEH1",1073.84151644177,-1.03132574342534,0.307526986734532,-3.35361053797732,0.000797645467979921,0.0184591171905073
"NAALADL2",19.8975479641434,1.99034467797964,0.614267248052609,3.24019339186578,0.00119448656247009,0.0232936896649097
"KCNMB3",123.107655441794,2.08629554892559,0.517329425309567,4.03281825246487,5.51119031264635e-05,0.00300081216349261
"ACTL6A",2684.85269572176,-1.085300939969,0.277141717858541,-3.91605041765298,9.00114320967595e-05,0.00425556487747216
"PEX5L",4.58412356364244,5.93511272113886,1.74749258558871,3.3963593151037,0.000682886515304962,0.0169488760725626
"RNU6-4P",11.4383563382114,3.23014144652007,0.870280827387553,3.71160818998672,0.000205946606396382,0.00751802075025889
"IGF2BP2-AS1",29.903198712657,3.164028320598,0.800740406360769,3.95137836865006,7.77023612604369e-05,0.00390145231541162
"KNG1",189.368514337377,-1.08741861191588,0.262618670947926,-4.1406751774001,3.46285036569139e-05,0.00213770355059114
"ST6GAL1",506.550268482628,-1.03940420974544,0.227072177962782,-4.57741771392093,4.70750866971889e-06,0.000498565770761686
"FLJ42393",47.8409558924426,3.60051750194899,0.698269818077351,5.15634130064912,2.51821717964846e-07,5.1928852989687e-05
"LOC102724808",22.1293211246322,1.72293675420761,0.565098190397325,3.04891571674685,0.00229668905899966,0.0351373486342931
"HES1",2387.91361024089,1.66376351967327,0.364031556007352,4.57038268308715,4.86834396724715e-06,0.000504697880801898
"TMEM44-AS1",59.4211555727928,1.30272212766594,0.433441324489338,3.00553282315836,0.0026511598057327,0.0382082391630651
"LOC727978",24.4452424078718,3.1306650024219,0.681388522610344,4.59453732861332,4.33710487179592e-06,0.00046705800463829
"SDHAP1",156.379021101321,1.05568320478303,0.267665317307686,3.9440418183485,8.01196773950004e-05,0.00395452030728786
"LOC105374301",4.83970274482412,5.0255143214857,1.7388485860374,2.89013911955275,0.00385071373119605,0.0486727576141732
"TFRC",9969.74386455456,-1.01383954546359,0.318236263081627,-3.18580772551223,0.00144350497749956,0.0262238992350998
"LOC105374340",4.90944781463334,5.98354912201003,1.85324158853606,3.22869352761323,0.00124357085352074,0.0238903641473202
"LOC107986254",19.0841708252036,2.15526957937781,0.726478935073258,2.96673375554994,0.00300981469851193,0.0417326524434587
"MSX1",478.882861819653,1.08207571067532,0.362990929091745,2.98099931417799,0.00287309436237481,0.0402981628945538
"BOD1L1",1233.18881362658,1.1312335348626,0.262919588982593,4.30258368819182,1.68817873413067e-05,0.00127329403044315
"LOC105374418",9.48164689128003,3.99277743986116,1.21359779987843,3.29003351873341,0.00100175448915685,0.0210400603909448
"ZBTB12BP",22.8535790325833,2.87021282649319,0.635906156695588,4.51357923849631,6.37426185344496e-06,0.000624033796803924
"LOC107986273",33.8264577785413,2.96018037400357,0.902098343848781,3.28143865265735,0.00103278988401832,0.0213884605895418
"RAC1P2",360.634170054586,1.87987586253214,0.565686219693251,3.32317775665725,0.000889981826788377,0.0197158945491039
"POLR2B",2340.104076968,-1.12417566590043,0.387669475613184,-2.89983023327359,0.00373364818223904,0.0477080002402911
"DCK",877.200954119663,-1.08592740549205,0.339587817116539,-3.19778081178743,0.00138489500874039,0.025580304961006
"ALB",608.793156882058,-1.28092101035216,0.213513195704833,-5.99925923137296,1.98219697012567e-09,1.03845692078151e-06
"AFP",3165.58927845734,-1.19283807775477,0.193277625437843,-6.17163044637247,6.75893330743852e-10,4.2262955881093e-07
"CXCL1",52.9403865815877,1.59270969296977,0.418531198827998,3.80547423329443,0.000141532748667519,0.00588727639521716
"PPBP",149.985870330123,-1.1370476080929,0.33333120774275,-3.4111645764966,0.000646860348556888,0.0162629584908258
"CXCL2",111.682636372426,1.98560245856669,0.336133634511535,5.90718171197639,3.48009825562182e-09,1.55431730527573e-06
"SUMO2P11",4.32708945858072,5.8203286891755,1.73259319398948,3.35931637580404,0.000781355585403305,0.0182479477921177
"LOC107986290",5.65311846103199,4.31274764216227,1.49206411126612,2.89045732659745,0.00384681754169652,0.0486727576141732
"LOC105377299",5.87362419663503,6.25320044905851,1.62473214630526,3.84875775571911,0.000118718335783416,0.00521822272296086
"ANTXR2",39.2685556482581,-1.95219754097811,0.558445314660062,-3.49577208319216,0.000472692263885854,0.0130651140392808
"RASGEF1B",109.918481382488,1.43370977262941,0.34294051874158,4.18063685764051,2.90693789117814e-05,0.0018782694694199
"GPAT3",580.862042242817,-1.15825352268834,0.301684828691229,-3.83928329347249,0.000123393987466144,0.00536843003587608
"LOC105377320",8.2784853845408,4.8877431327152,1.39581738470194,3.50170673204426,0.000462288168016608,0.0128675873373409
"GAPDHP60",15.2276254792001,3.51477690644878,1.0746003152911,3.27077598660173,0.00107252832213166,0.0218381186934876
"FAM13A-AS1",4.53027551245013,5.87437748150866,1.79103501595794,3.27987863395664,0.00103851751588305,0.0214112867156296
"MTTP",132.749450224377,-1.31669401697964,0.31404127016562,-4.19274198033029,2.75602849896643e-05,0.00179874937454428
"CENPE",552.153697349581,1.33320990503149,0.268460497861586,4.96613064361847,6.83019515295626e-07,0.000111257565415886
"AP1AR",626.724002833598,-1.01503260498716,0.350693293730695,-2.89435989547786,0.00379932418521659,0.0481977094281665
"LARP7",1058.52815014197,1.33550783664759,0.413803221642854,3.22739835457406,0.00124921415121986,0.0239750169378671
"LOC729218",228.450586975001,1.02236795438068,0.303482609100503,3.36878596572928,0.000755000323771279,0.0178455738195054
"NDNF",113.442423729915,-1.9667276975963,0.311563152530354,-6.31245280972273,2.74647224534657e-10,2.04760069245377e-07
"LINC02465",6.27532457298243,5.36925437494292,1.56530324738303,3.43016880845265,0.000603205850358213,0.0155279444931522
"LOC101927516",14.4221043523609,3.44968302155986,1.01518050818072,3.39809816457364,0.000678560670857455,0.0168631026203858
"UCP1",7.72137689559381,3.70103595785182,1.15550676638692,3.20295481213351,0.00136025323012267,0.0252558894757641
"RPSAP36",11.2497688513534,3.62631802574929,1.03203261936259,3.51376299325595,0.000441806820762947,0.0124657691610902
"MAB21L2",9.6599774234071,2.78768727907137,0.93307767929529,2.98762615474499,0.00281153233147444,0.0397510887770245
"PRSS48",36.5425679433673,2.7293835428465,0.566481177981842,4.8181363281482,1.44905352191661e-06,0.000207349867061516
"CPE",9.33135509300632,-4.79050507166732,1.3238884291076,-3.61851117234741,0.000296302710341539,0.00955662518678933
"LOC105377581",7.01181736467396,4.60311367570357,1.53132416789118,3.0059694558616,0.00264735588958778,0.0381818054789952
"TPPP",59.8840261025302,1.75478559443887,0.430400164430917,4.07710251867371,4.56003904553681e-05,0.00261514191889602
"ZDHHC11B",10.2405623481795,3.2866786293287,1.03515797110323,3.17505030254067,0.00149810528667259,0.0268787984266889
"ZDHHC11",44.7614973343159,1.49297252877567,0.485211090187017,3.07695466771014,0.0020912710207878,0.0331999979254305
"SDHAP3",27.2467632427261,1.92607799142628,0.521953851963399,3.69013081172039,0.000224138764162734,0.00792829526374167
"LOC105374660",9.38815378566642,3.09841167155368,1.04838477823086,2.95541459194231,0.00312249137499283,0.042721539206986
"PDZD2",33.0299078947056,2.79771742043464,0.730699487603001,3.82882083250437,0.000128758698452823,0.00554635246846559
"LOC646652",140.816139595457,2.46442412835277,0.464408807598089,5.30658352734246,1.11698988629635e-07,2.57758713761529e-05
"RANBP3L",11.5018656813675,3.27203957612399,0.996410774489616,3.28382596806022,0.00102408139518887,0.021325971740991
"LOC107986413",89.2045678140417,1.68095623231661,0.446486163884264,3.76485626719742,0.000166644912442827,0.00667732415167906
"LOC105374735",14.2392619051554,3.38912334023472,0.842390377124551,4.02322181291207,5.74073827402107e-05,0.0030825061136738
"LOC648987",106.012802510667,1.30947598530212,0.395414003629666,3.3116580932438,0.000927448200889396,0.0201317535565958
"MIR581",7.0240095559336,5.5182767289002,1.53102921136924,3.60429225511971,0.000313004693691988,0.00983980528154805
"RNF138P1",31.2174119847907,2.14081353956223,0.700955227264379,3.05413734899616,0.00225708718964493,0.0348338997484693
"LOC101928419",34.8519810927024,2.28718207205798,0.678672709595938,3.37008110053475,0.000751460636897686,0.017829024462209
"LOC100421309",6.56929658618187,4.56010426385921,1.55070019028394,2.94067434339079,0.00327498643607081,0.0440849563033309
"LOC100421561",67.561433981516,3.56205610270898,0.773197853691739,4.60691411092446,4.08688708952053e-06,0.000450114882632193
"DIMT1",628.594756501367,-1.10848302546569,0.356161852916266,-3.11230137756021,0.00185634882948892,0.0306685554660495
"SREK1IP1",2299.74410044254,1.40237392437871,0.407293215160651,3.44315562395403,0.000574968348386117,0.0149930346391314
"LOC100303749",8.40075286596542,4.30294142602887,1.32628313743136,3.24436110554981,0.00117714410749036,0.0230715484121265
"SREK1",3700.76242937604,1.41525962425062,0.386647215358021,3.66033833436546,0.000251882435708963,0.00856487410019588
"MAST4",980.982665952327,1.30352458785358,0.200880659836147,6.48904971198735,8.6379463988155e-11,7.6108160452109e-08
"LOC107986422",59.8855050229861,3.87146489393907,0.574546870343267,6.73829254630876,1.60258658644957e-11,1.82732578774932e-08
"LOC107986426",4.90410458251169,6.00378380627579,1.84892093188541,3.24718256077804,0.00116553601500679,0.022930941729657
"HNRNPA1P12",87.6578814490721,1.52502347814438,0.499803546059614,3.05124581481558,0.00227893916006565,0.0350160459715167
"LOC107986428",14.8851124816532,3.26237703528353,0.837718161199716,3.89436111855496,9.84578817674185e-05,0.00446957278730595
"CKMT2",56.0356712637061,1.98576967055837,0.443800768492149,4.47446199181942,7.66039510002786e-06,0.0007134805011026
"LOC112267943",17.5629657155624,3.90871614926319,0.898920722347008,4.34823233249964,1.37239179191965e-05,0.00107702196334294
"ARRDC3",514.598582435952,1.96276559908646,0.335208168382484,5.85536327637125,4.75968453295632e-09,1.9630154252516e-06
"LINC01554",12.2367292773095,4.36400402518137,1.24633218611555,3.50147743418445,0.000462686152193904,0.0128675873373409
"MIR583HG",10.6285961299483,5.1962412909513,1.50231249603125,3.45882850916739,0.00054253021716551,0.0145022873465215
"LOC107986364",12.2020246508729,3.32930583317925,0.889147679018238,3.74437892798116,0.000180840553637215,0.00705452716335508
"LOC105379094",8.05653843464965,4.79340413581504,1.45201095206159,3.30121761754571,0.000962661841960185,0.0206526932238357
"LOC105379104",16.6728129853107,2.96673828580058,0.878357426115601,3.37759800007671,0.000731218923942841,0.0175881012847266
"PAM",3091.68294504363,-1.06929193398514,0.353472444499199,-3.02510690897028,0.00248545255227327,0.0368798171405794
"NUDT12",547.192161203451,-1.03163120260572,0.281699475477431,-3.66216941248218,0.000250088376755283,0.00855117237172175
"GJA1P1",16.611038329016,2.84304235390955,0.864476510486894,3.28874448226278,0.00100635340056562,0.0211116388707402
"EPB41L4A",160.56017157593,1.38081812183245,0.351122801489424,3.93257890394805,8.40393812614574e-05,0.00405001851772289
"MCC",44.3857767313667,1.61515702012933,0.513203700774996,3.14720454605113,0.00164839603206415,0.02865695846236
"CCDC112",246.390286285063,1.31711521165725,0.445547661038037,2.95617130743911,0.00311484034556764,0.0426700107833804
"LOC101927190",12.2255150551369,2.69526292829107,0.858616257095014,3.13907744701929,0.00169480648617129,0.0289535352327176
"MIR1244-2",236.110293244279,1.59443707931284,0.538385126611311,2.96151769523892,0.00306126902151496,0.0421446297677883
"LOC102723444",13.7036414293471,3.01804624702139,0.836657409103252,3.60726650380853,0.000309439788894065,0.00976052385729555
"LOX",87.0501632994047,-1.50610134303496,0.413491781153062,-3.6423972898205,0.000270110765167568,0.00899626644674938
"ZNF608",155.81579376526,1.27871504632079,0.353907890219482,3.61312952228269,0.000302523489312773,0.00966477094675744
"LOC105379173",30.8689458143287,2.90589062196995,0.69640989575717,4.17267278893349,3.01047134932158e-05,0.00192093171233657
"ACTBP4",19.5733585290027,2.99734458797361,0.818484333129332,3.66206714857178,0.000250188256370218,0.00855117237172175
"LEAP2",77.7264271526608,1.76956769033892,0.46671359401246,3.79154949211031,0.000149710305484145,0.00617443523724399
"LOC107986374",8.42546391008887,3.48611421837858,1.1968269490914,2.91279722688827,0.00358207121605005,0.0466632180456413
"FSTL4",9.1368139963353,6.88554427952264,1.54970468660723,4.44313315887119,8.86582571400116e-06,0.000777625183892301
"CTB-3M24.3",7.48841681985518,6.60668904927941,1.54897871004011,4.26519035184695,1.99731843345612e-05,0.00146098190619296
"EGR1",1906.35105150618,1.1745346108902,0.227475752087205,5.16333982902905,2.42582159803665e-07,5.05614256519811e-05
"LRRTM2",39.4743520053393,2.27221400660876,0.592535232602039,3.83473231900598,0.00012570111369779,0.00542670465015136
"SNHG4",201.558796131869,1.09623781570692,0.374988884081554,2.9233874982505,0.00346245321858059,0.0456424036126969
"ANKHD1",255.405913827229,1.45748233137805,0.458101294194258,3.18157217595636,0.00146478019694442,0.0264862866954951
"SLC25A2",5.51791219989557,6.18503624350393,1.79134583573812,3.45273152738561,0.000554941015986299,0.0146752751076104
"PCDH1",613.362564534395,-1.34956063764006,0.227411782673304,-5.93443585805232,2.94857573782227e-09,1.42048275169411e-06
"LOC107986457",34.3604599235073,2.3951772575722,0.614224050590906,3.89951721243731,9.63846855060069e-05,0.00443781649370175
"LOC100431175",18.8175684164814,3.65568270023885,0.837410091175364,4.36546291806425,1.2685382175976e-05,0.00100776003319311
"LOC107986459",17.5553639444988,4.62827370582372,0.944518835119862,4.90013913299715,9.57688104638813e-07,0.00014617186000251
"SPINK5",114.472693400232,2.30075628315995,0.511324234926957,4.49960343359945,6.80803479678237e-06,0.000643741202443071
"RPL29P14",15.2675033339183,3.07160713428191,0.988231262595716,3.10818656577808,0.00188239196854176,0.031001092538839
"IRGM",19.108871414994,6.99437855894913,1.33722569806619,5.23051461624165,1.69038810229622e-07,3.60071241482528e-05
"SLC36A2",16.8600849632493,5.89438104287734,1.2498618611529,4.71602600741832,2.40495707381746e-06,0.000310418836703788
"LOC105378234",7.90385552944589,6.6792474535207,1.75602150759833,3.80362508353088,0.000142593940599604,0.0059187172260872
"GLRA1",6.18506130625291,6.33354176858767,1.6097104680512,3.93458444502468,8.33407639418385e-05,0.0040286218659566
"LOC105377691",12.2665138741725,2.7012426469553,0.808209979089555,3.34225351931219,0.000831011230244522,0.0188843161630244
"LOC107986476",10.788974705291,2.78597335835394,0.847651425800577,3.28669695296352,0.00101369859093647,0.021219798581763
"KLF3P1",14.2288800518956,3.2728750154674,0.990939590162289,3.30279973467545,0.000957247246251616,0.0205712645469416
"DUSP1",1754.66518271886,1.15290637934862,0.191248991169745,6.02830044904837,1.65692813424851e-09,8.97729504753197e-07
"LOC105377730",19.3267030588665,2.10649918007308,0.642150715360266,3.28038127138311,0.00103666887338492,0.0214112867156296
"LOC643201",64.8927339549966,6.03940712782223,0.695657896383748,8.68157633114926,3.90320971217139e-18,1.51319634121461e-14
"ARL 10.00",12.4694252290539,3.00222805403596,0.820087836965506,3.66086157934597,0.000251368541300113,0.00856331775845588
"FAM193B",605.012389977587,1.04381404627316,0.236103800891655,4.42099636825482,9.82468252386709e-06,0.000842662150631149
"LOC107986488",38.0889813100013,1.28397138293948,0.442736985989548,2.90007707413402,0.00373070913074401,0.0477018903630223
"LOC202181",53.3695386514831,1.602302271086,0.431078941523241,3.71695788577419,0.000201636038580051,0.0074589942210605
"FAM153A",6.79726858507193,6.48474187858059,1.58089627320629,4.10194013894952,4.09700279326234e-05,0.00241386936609718
"ZFP2",6.81717522005591,4.54657801704025,1.49253060315285,3.04622096688401,0.00231737460963719,0.0352037534743004
"TRIM52",251.198404438892,1.22140637771118,0.274081412962086,4.45636340133777,8.33616759326514e-06,0.000737845993734482
"LOC107986514",17.3681005983415,3.66014555649474,1.10197130943456,3.32145267772244,0.000895501666259446,0.0197304865372288
"LOC107986513",157.244108647291,2.60714839341345,0.475539913985453,5.48250171381662,4.19352936878323e-08,1.16124818977849e-05
"LOC107986512",31.72260794555,2.72187355605287,0.805808482354202,3.37781695732565,0.000730636972774075,0.0175881012847266
"LOC101927759",9.64160993568273,2.92124581746331,0.956584613444508,3.05382898324527,0.00225940839980925,0.0348419828336536
"LOC107986556",17.773133862123,2.93396011275747,0.800266506586161,3.66622879829544,0.000246153708386355,0.00844503271391347
"LOC105374897",32.2108351649084,2.83601077198382,0.674864026498478,4.20234396949326,2.6416532472496e-05,0.00175964970943939
"LYRM4-AS1",19.1350625392519,2.22378341594024,0.706701716860013,3.14670724987178,0.00165120194459818,0.0286728074759518
"LOC101927950",12.3924500817393,3.15846930409476,1.0340492806778,3.0544669031871,0.00225460889978202,0.0348338997484693
"LOC107986515",51.8203433612704,2.99613288392088,0.482356724946449,6.21144627817412,5.24991396245267e-10,3.39214440827275e-07
"HULC",20.6213401508401,2.43456211992953,0.68917405137006,3.53257949147923,0.000411526484525795,0.011888270307076
"LINC02522",15.1229256731217,4.71326103356942,1.00987629965876,4.66716669671525,3.05381566135875e-06,0.000365402239381346
"MAK",67.6286744701117,2.35634343664795,0.485086833791599,4.85757038225505,1.18834902410609e-06,0.000175839370101316
"LOC107986570",9.7671383484764,7.00949411042092,1.46944051233753,4.77017888888234,1.84062385002589e-06,0.000246059673854496
"LOC107986577",4.49026621148584,5.90183633435377,1.79259494370651,3.29234239730179,0.000993565676102615,0.0210024831685639
"SOX4",1936.58257152062,1.18880063222043,0.410017490574592,2.89939004932317,0.00373889452874165,0.0477435649177392
"LOC108783645",5.14849413067612,5.06328997894245,1.65536600200492,3.05871328323161,0.00222289783834601,0.0345538506002399
"H4C3",319.976838452422,1.24661267556632,0.386505717745444,3.22534083800371,0.0012582277544598,0.0240290510270431
"LARP1P1",14.0289259988533,5.64512627673987,1.25760792134845,4.4887807884408,7.16319616456874e-06,0.00067403589540777
"H3C6",46.4048995393707,1.5930661466764,0.414591590704778,3.84249507803159,0.000121789857249179,0.00534111898850248
"LOC105374986",99.7213130758042,1.08433334910213,0.359380579089059,3.01722856546852,0.00255097385768963,0.0374606645889816
"LOC112267954",8.12737969279618,5.73473318737847,1.48939965060669,3.85036560539173,0.000117941634516275,0.00519586509878064
"TRQ-CTG6-1",14.497739867709,3.63583120700669,0.947609493985164,3.8368454833818,0.000124624829276549,0.00539224930959068
"ZSCAN23",3.86152606752793,5.67154147431803,1.78435976078766,3.17847420624106,0.00148052390487201,0.0267460161901575
"BRD2",866.354670518862,1.19780341863197,0.323861706740731,3.69850276738916,0.000216874985998986,0.00777061872200434
"SCUBE3",45.582560316269,2.94660236943721,0.579870138477535,5.08148665350072,3.74492329547234e-07,6.72144381105888e-05
"BNIP5",198.655227919763,1.09074354880577,0.285257602709981,3.82371420934476,0.000131456279687512,0.0056374967377494
"ETV7",68.1433352706398,2.03441037049393,0.540596831851376,3.76326728280429,0.000167707789944433,0.00668898724338044
"PRPH2",7.89203604216762,3.72019407427374,1.20181539981452,3.0954787855505,0.00196495428701966,0.0317935508343816
"LOC401261",37.5479181707919,2.45619949403318,0.511096752206401,4.80574271589436,1.54178066259551e-06,0.00021500630477519
"CLIC5",74.1858268555513,-2.7761228852434,0.577633272496987,-4.8060300841792,1.53956742465903e-06,0.00021500630477519
"MEP1A",226.384922625411,-1.99786317257311,0.320522801581696,-6.23313899265257,4.57180185751344e-10,3.16425341505995e-07
"RN7SK",9010.0975919804,1.69397152261347,0.435822359555268,3.88683940939164,0.000101557892081597,0.0045888069466426
"SMAP1",676.263272626585,1.54473221092703,0.415550496400519,3.71731528251667,0.000201351104376143,0.0074589942210605
"PHIP",4923.15647568264,1.49621360366335,0.285842863738322,5.23439201558333,1.65528808486784e-07,3.60071241482528e-05
"LOC105377872",36.3428845670552,3.49316981923462,0.750949536647725,4.65167051680769,3.29256854778026e-06,0.000383329236099926
"LOC112267963",37.9536984723754,2.45630802694593,0.587186444470942,4.18318244583981,2.87456516967052e-05,0.00186356425581583
"MANEA",231.230226876299,-1.50951471545335,0.503397845134332,-2.99865152392644,0.00271177275180768,0.0387933601631292
"UFL1-AS1",32.508897028346,2.75709538344762,0.625699773580731,4.40641902053027,1.05093572150299e-05,0.000885710348939735
"PNISR",1270.56140096039,1.20754379281889,0.363537691705579,3.32164675182251,0.000894879095224933,0.0197304865372288
"TSTD3",158.2633440576,1.57518868838251,0.327492347430963,4.80984884300103,1.51044474748854e-06,0.000213711394053415
"PRDM1",97.671491461718,1.73312913588161,0.33938338464351,5.10670001627243,3.2783357198905e-07,6.11031342253437e-05
"HDAC2-AS2",10.4221626230893,2.54992918082802,0.836623602879897,3.0478809969626,0.00230461173221005,0.035144592337122
"RWDD1",2753.48306958032,1.44873418373606,0.469148485828848,3.08800780029498,0.00201503181789265,0.0323071768056502
"ROS1",46.7771061356494,-1.68473330571284,0.560140969086224,-3.00769520297934,0.00263237006594125,0.038079001013586
"MAN1A1",2207.47258084044,-1.06872809564747,0.347429983941017,-3.07609632169487,0.00209730080754718,0.0332039077935381
"LOC107986526",9.28944512574759,3.65362572493376,1.23723247865336,2.95306321808694,0.00314637520662454,0.0429361839505394
"LOC101928096",75.3225684647677,2.36651265809029,0.501920751852828,4.71491296057071,2.4181409586397e-06,0.000310418836703788
"PPP1R14BP5",3.60395313948403,5.55588414303118,1.88356530298705,2.94966366932985,0.00318120026706252,0.0433036418375982
"YWHAZP4",7.30896577041745,4.71280351300236,1.4246460921987,3.30805211119411,0.000939473264045066,0.0203018391864543
"LOC112267974",28.556469180412,2.48082978894804,0.810213079064293,3.06194734823724,0.00219902129294756,0.0343203129971784
"LOC100421246",3.80553885478859,5.62411252387944,1.90409839339254,2.9536879729513,0.0031400131326258,0.0428935972958551
"HIVEP2",118.499127678091,1.05833771078611,0.367333362824833,2.88113691238766,0.00396243477396203,0.0493623622483805
"PHACTR2-AS1",40.7530827525302,3.05762684807352,0.545966759998781,5.60039011913535,2.13869940014839e-08,6.58040463055179e-06
"LOC105378067",10.9345455298257,2.96416738448576,0.943901915399297,3.14033411324505,0.00168755250330981,0.0289535352327176
"LOC112267967",33.8368944412044,2.26535858677911,0.625994436125462,3.6188158489081,0.000295954135859651,0.00955662518678933
"SRP72P2",31.1189131308573,3.41412803987953,0.893522705071424,3.82097513639188,0.000132925054080359,0.00568790121036132
"HNRNPH1P1",7.72305213505586,6.67137680321505,1.51863499191007,4.39300874716716,1.11792627485807e-05,0.000918239466485141
"PNLDC1",12.3198777962153,4.08259902204852,1.09804916918828,3.71804754887848,0.000200768486813994,0.0074589942210605
"SLC22A1",19.6251658568311,2.96442841171566,0.70069414788824,4.2307023979719,2.32962719906054e-05,0.00161847482522755
"AGPAT4",11.027140084585,3.14808297744696,0.887879985758374,3.54561768250475,0.000391694044618363,0.0115213920498974
"LOC105378120",29.8718543136241,2.42448144898946,0.678775015773844,3.57184839254198,0.000354470601728859,0.0106514701068279
"CCR6",16.7389650409442,-2.59375241818962,0.89854477485313,-2.8866145469641,0.00389410969943214,0.0490470580986307
"TTLL2",41.7712263319316,1.5779920212882,0.427603216299552,3.69031841000644,0.000223973525973205,0.00792829526374167
"LOC107986673",33.1724010149275,2.60759236007039,0.754028721435838,3.45821357455052,0.00054377012973629,0.0145022873465215
"CYP2W1",94.4122633003883,-1.33842343701026,0.310921224247263,-4.30470271127539,1.67210124395448e-05,0.00126609416065678
"LOC107986755",40.4269887284413,2.60980914890873,0.669858035999411,3.89606305911514,9.77689436765527e-05,0.00446957278730595
"LOC105375120",41.6058772255073,1.87363839263095,0.460824134942845,4.06584258626848,4.78592328338605e-05,0.00272853932132809
"LOC102723758",14.6252971349153,3.00115234902728,0.853200119168197,3.5175245310012,0.000435592086659918,0.0123427174592147
"LOC100127955",15.7026685822551,3.3913044539611,0.916048411185285,3.70210178037759,0.000213820803521575,0.00771825410700596
"LOC105375126",49.1760932747763,2.70411262141437,0.606542549888088,4.45824059979519,8.26351188953298e-06,0.000737764279933034
"AMZ1",17.2876073845306,2.28250669090206,0.764490259784344,2.98565830197227,0.0028296863562957,0.0398974256545664
"RNF216-IT1",3.7767353172232,5.63082071322186,1.85244793693809,3.03966475977135,0.00236841617643094,0.0356439279223116
"LOC100421597",15.7669565878019,3.95844117635107,0.888066811009844,4.45736866559603,8.29718391587915e-06,0.000737764279933034
"PHF14",2809.95729313435,1.13239419256397,0.345504702776288,3.27750732034808,0.00104728014912603,0.0214366192298404
"LOC105375161",33.730000712001,2.29760842299355,0.50796174615021,4.52319183561929,6.09139834918163e-06,0.000602426865308861
"LOC105375169",30.6933016245181,2.26886877615146,0.59864537514262,3.79000468451114,0.000150644443727506,0.00619977048240761
"LOC105375170",21.3528241751842,2.25909472189733,0.641308115549528,3.52263548070267,0.000427278592982163,0.0122068376261328
"LOC105375181",12.5602393774832,3.06258998806881,1.01066365823601,3.03027615875117,0.00244330221968506,0.0364035128565528
"MACC1-AS1",13.6911619889875,2.52629260346254,0.8013998146969,3.15234987222703,0.00161962082077145,0.0283090441747824
"LOC105375184",29.040819495978,2.81329027097838,0.75531567546388,3.72465495205113,0.0001955825502907,0.00736149932977656
"LOC107986699",78.0207357662586,2.2422136266418,0.413961579652155,5.4164776077188,6.07845991491836e-08,1.61403927384627e-05
"CREB5",156.499926220004,1.00673731439973,0.330350142119955,3.04748564035478,0.00230764551430756,0.035144592337122
"RP9P",422.998391247041,1.48150437287005,0.47415309281473,3.12452748979312,0.00178090880333495,0.0298109984834583
"RP9",843.194838362396,1.83182188380307,0.468023569861833,3.91395220617597,9.07976150274146e-05,0.00428228946396935
"THUMPD3P1",3.79967293006643,5.61696375810655,1.88070643827903,2.98662441079663,0.00282076038332916,0.0398234663295356
"SPDYE1",76.0922180159435,1.87874739085341,0.403561911069209,4.65541305886822,3.23331825329117e-06,0.000379967349628417
"GTF2IP13",26.3136516974178,2.08358491951591,0.679872422187035,3.0646704462778,0.00217909966377987,0.034105856094428
"DDC-AS1",3.69887200722332,5.61472878593808,1.85278074682809,3.03043346901695,0.00244202982134398,0.0364035128565528
"CCT6P3",34.0699613724535,1.87629906231928,0.530692874882123,3.53556482689926,0.000406904393115795,0.0117883014308559
"LINC00174",56.3519407767779,2.31015382687161,0.498434819953667,4.63481629771844,3.572545946827e-06,0.000409764678303519
"SKP1P1",18.5683339889468,2.76737698904821,0.721204567786032,3.83715954204722,0.00012446561520758,0.00539224930959068
"LOC100420547",20.3543753848592,2.9241797471817,0.795672941550916,3.67510266401912,0.000237753790590696,0.00831698207316481
"LOC107986707",14.597716657999,2.85878440405167,0.909393903380982,3.1436150972897,0.00166874776103507,0.0287784756226902
"GTF2IP23",17.6742358998929,2.44884858627277,0.724610061518007,3.37953986057357,0.000726072777934109,0.0175881012847266
"SPDYE21",27.2129926555367,2.38031453697748,0.59750104108416,3.9837830787013,6.78267897636557e-05,0.00346900921577494
"TRIM74",146.736969228996,1.78519485064099,0.488062822925376,3.65771529152907,0.000254473487527366,0.00860857605973903
"SPDYE5",30.7008753380438,1.54537449518405,0.519117818898853,2.97692438772778,0.00291155807305656,0.0407197991977838
"FDPSP2",27.2491227599662,2.36403476614645,0.641175751078499,3.6870308369741,0.000226885872074892,0.00798177086079802
"LOC105375361",11.460555761836,3.02615395603635,0.928930422321793,3.25767558400412,0.00112328742360157,0.0225401691709036
"PCLO",31.5154502896872,1.39918221273939,0.478127569497858,2.9263784437464,0.00342933491518844,0.0453768629518688
"LOC107986819",7.6374348314083,4.69613498734558,1.58063094881268,2.9710508900722,0.00296782597646226,0.0413278295457934
"AKAP9",1372.25348744066,1.35376978028678,0.23057822379489,5.87119528464676,4.32664248949303e-09,1.82320952209419e-06
"FAM133B",1775.88937213977,1.88613678096998,0.461768541309404,4.08459349703987,4.41540454248441e-05,0.00254726790629517
"LOC112268009",74.3962540760157,2.59795273075147,0.508704206253735,5.10700068686998,3.27312559325176e-07,6.11031342253437e-05
"PPP1R9A-AS1",9.62887200593116,5.99207782882655,1.43608421123653,4.17251145994226,3.01260441885223e-05,0.00192093171233657
"CCZ1P",17.4362840878217,2.976801149723,0.796306919669966,3.73825854854653,0.000185299334393636,0.00712967734345899
"SCARNA28",6.84011283289914,4.53884470962212,1.51937871671753,2.98730307307967,0.00281450553915529,0.0397641219905147
"TRIM56",3669.90347880901,1.02136160218198,0.341536680354151,2.99048875547686,0.00278531383959047,0.0394956279931394
"SPDYE6",21.0809345409915,1.87320200859211,0.61472931167068,3.0471981293705,0.0023098540361893,0.035144592337122
"SPDYE2",39.8031071362759,2.50944074472108,0.471699089096965,5.3200033723305,1.03765328598704e-07,2.42335798741841e-05
"SPDYE2B",32.5367869934137,1.95364292889696,0.670428646675368,2.91402066213162,0.00356806289898257,0.0465135684412128
"DPY19L2P2",17.1319407963562,2.58826665766091,0.720671314168317,3.5914661882274,0.000328822842327876,0.0101333894684953
"DNAJC2",3315.36766942537,1.2941488062139,0.417303792099824,3.10121506373544,0.00192728257440322,0.0313672925459547
"KMT2E",2401.44915897611,1.39635856627926,0.240583881246282,5.8040403997383,6.47356681491941e-09,2.50967238280796e-06
"LINC01004",306.449682201175,2.90267877638413,0.33529122249422,8.65718689201346,4.8354951847606e-18,1.56218731102333e-14
"KMT2E-AS1",92.1265584588889,2.82187941164241,0.347343112658856,8.12418415336172,4.50381515848362e-16,1.24717075760066e-12
"LOC101927923",15.4743699217608,3.7339015128422,0.899718522281172,4.15007740795994,3.32362856148876e-05,0.00207155035485203
"SLC26A3",51.7360288855426,-1.74745249348469,0.522734166387645,-3.34290851038199,0.000829052284368049,0.0188619125354346
"LRRN3",9.61426280572121,5.06613683073008,1.36657065342339,3.70718983174336,0.000209571851798617,0.00760737972895954
"ST7-OT4",20.7792692755015,2.49625206986411,0.698789623320731,3.57225119915436,0.000353925675344713,0.0106514701068279
"TPM3P1",31.2588856695365,2.44399435453001,0.722966965807576,3.38050626116781,0.000723524266215324,0.0175749302961377
"LOC100196944",14.7150357993232,3.67656228641109,1.14097087266963,3.222310380114,0.00127161303275895,0.0241893493886158
"LOC105375492",33.4677641815599,2.72607247533985,0.806937109253443,3.37829608290284,0.000729365038809699,0.0175881012847266
"SND1-IT1",54.0114041500025,2.40935493571943,0.550983771872114,4.37282377216485,1.22649726783751e-05,0.000982414175196788
"LRRC4",73.7084040152027,2.72136764826572,0.648105876384499,4.19895536736536,2.68149162618308e-05,0.00176298113570693
"LOC101928451",220.423937241574,1.76848294643586,0.362893643193072,4.87328168902359,1.09759545902057e-06,0.000166217112325428
"LINC01000",478.175724727614,1.44334543194192,0.253722091863357,5.68868647322692,1.28020265779705e-08,4.20600818961663e-06
"FAM71F2",13.0367590901877,3.85925901181302,1.00034100577687,3.85794343081626,0.000114345103316272,0.00507200339286642
"ODCP",18.6466987958367,2.17030441860697,0.677424699781787,3.20375743504196,0.00135646708391921,0.0252558894757641
"LINC-PINT",65.3995581244183,1.37557424682845,0.392847678671624,3.50154607373479,0.000462566983444458,0.0128675873373409
"LOC105375513",18.2085270766403,2.16788036659154,0.739672877778051,2.9308636719299,0.00338021085208073,0.0450377091765894
"SDHDP2",3.72873706037138,5.62440435322168,1.85197531316962,3.03697587825597,0.00238964577865877,0.035852084964026
"TAS2R4",22.9658973245328,2.90711001829759,0.791608748249926,3.67240764421132,0.000240275998812025,0.00831698207316481
"TAS2R5",8.09052268661503,3.80497127660724,1.26166751397944,3.01582725595109,0.00256279218442746,0.0375488765706288
"PRSS37",3.82259441252799,5.66398911899983,1.80009907827255,3.14648742803381,0.0016524436535893,0.0286728074759518
"RNY1",7.12925615237344,4.65762503683532,1.41270692925753,3.29695065577629,0.000977406714511486,0.0207607222553688
"ZNF767P",63.2716883147184,1.95823370335075,0.398916201175237,4.90888486750261,9.15957290929073e-07,0.000142039329018953
"GIMAP2",7.89579600393894,-4.13559298300764,1.39391294880787,-2.9668947307969,0.00300823936675945,0.0417326524434587
"TMEM176B",88.7979438331271,-2.18697249215904,0.45150468305251,-4.84374265483465,1.27415941988258e-06,0.000185701550338376
"TMEM176A",83.3592570327798,-1.65246463594867,0.478823542171718,-3.45109312807359,0.000558320880162139,0.0147044727460094
"AOC1",108.883325110867,-2.68639806265729,0.455227987685647,-5.90121463382509,3.60835115236317e-09,1.55431730527573e-06
"LOC777650",70.4389552242522,1.76704758948297,0.567334885620939,3.11464645356501,0.00184165505617765,0.0305639054871126
"LOC105379752",59.7658929181099,1.93500898841985,0.552252862129697,3.5038460116942,0.000458590456645889,0.0128088147141555
"CNOT7",2224.98449132349,-1.03461258356252,0.336931423547706,-3.07069187156428,0.00213563419611734,0.0335471096090263
"LOC101930275",25.2681233930073,2.31790905658735,0.607677909464756,3.81437110101463,0.000136530175519935,0.00577838629318433
"RPL21P77",11.2026715661456,3.4542760173893,1.17520528966264,2.93929583858569,0.00328958915590157,0.0442507954184567
"LOC105369180",30.0910950898869,2.39350644842099,0.516575833554507,4.63340770696049,3.59695157125459e-06,0.000410137113277642
"LOC286059",15.394987529128,2.17653699910071,0.720976237209481,3.01887480719883,0.00253715351241117,0.0373937470522701
"ADRA1A",3.54316151760521,5.51617754212678,1.90194993138663,2.90027484482999,0.003728355858933,0.0477018903630223
"CCDC25",425.242244375836,1.3444843662754,0.449871618666548,2.98859565815811,0.00280262753947786,0.039683076862848
"HMBOX1",567.40553459414,1.00487541207567,0.27155560906845,3.70044064095314,0.00021522542080026,0.00774012904785201
"LOC112268025",51.9922077444556,2.25372601487901,0.601420340700419,3.74733919417208,0.000178720337944253,0.00699861622365938
"PXDNL",7.07242625590959,3.54939224016177,1.20514081493061,2.94520955243404,0.00322735999863333,0.0436865546183718
"TDGF1P5",8.06489312080398,6.72521769900793,1.50236654459267,4.47641604055508,7.5906499047212e-06,0.00071080752537737
"CSPP1",802.419654846439,1.55024291694723,0.347440383653085,4.46189616948826,8.12375887615176e-06,0.00073242298630384
"LOC105375886",31.647101896808,2.59162843787021,0.614585302795344,4.21687343658008,2.47712911378951e-05,0.00168754093830436
"SLCO5A1",91.4792424390808,1.42099812439415,0.384136226267468,3.69920363461043,0.000216277025234599,0.00776354417990273
"LOC105375918",10.1527697817699,3.78777844413808,1.03112307669517,3.67344939682489,0.000239298084244609,0.00831698207316481
"NTAN1P2",14.6898142884673,3.61730034716259,0.931709844658807,3.88243224851536,0.000103416835473965,0.00466193474145894
"LOC101929709",73.4882633802644,1.10913323198775,0.348229349706181,3.18506533962052,0.00144721328318437,0.0262420788412028
"CDH17",12161.3056667099,-1.05817643794595,0.228769810382266,-4.62550734372588,3.73682565119256e-06,0.0004235943182615
"LOC101928296",4.35054976402445,5.84361079531422,1.73517249455901,3.367740563914,0.000757868759992397,0.0178716886176309
"LOC105375674",47.8442648362163,1.8349682244446,0.573873896609812,3.1975112220381,0.00138619017621018,0.025580304961006
"NCALD",4.83158450463345,5.9641330429677,1.74722494947209,3.41348894128929,0.000641367614369965,0.0161548218261685
"GASAL1",537.994767925799,1.49883503293307,0.417727753875942,3.5880666750675,0.000333139106987924,0.0101374700939622
"LOC105375724",75.9651473669851,3.32771673354714,0.629920940633746,5.28275299150909,1.27256920038836e-07,2.83534268739403e-05
"TNFRSF11B",1523.71539593407,-1.27132836750047,0.397533309396371,-3.19804237142015,0.00138363948639391,0.025580304961006
"MAL2-AS1",18.7968146466015,2.14948320599473,0.635525125023411,3.38221593664853,0.000719035996193967,0.017560156461034
"LOC107986874",45.4341640469861,2.19219383414979,0.465695197815902,4.70735761165484,2.50948449760133e-06,0.000315869139620157
"C8orf76",108.622589800158,1.3503045819131,0.458385759547851,2.9457821360878,0.00322139210098434,0.0436667583814549
"ANXA13",30.963957882061,-3.52641362054498,0.659369060746241,-5.3481636165245,8.88511265260044e-08,2.16165615202603e-05
"RN7SL329P",8.21024362975663,4.85408959442114,1.54888403150851,3.13392706986176,0.0017248371933898,0.0293653548501331
"TMEM75",46.0874145987993,2.90390275614075,0.596964186798114,4.86445053214359,1.14775207399597e-06,0.000171138663094907
"RNVU1-32",17.4592951178383,2.86160416492883,0.760999306529161,3.76032427411834,0.000169693243448589,0.00674043817829395
"ASAP1-IT2",26.9886280838732,3.40239003789041,0.731641422756141,4.6503518418536,3.31369224739885e-06,0.000383329236099926
"ASAP1-IT1",23.0463758124715,3.71437980159317,0.776185596669969,4.78542737397962,1.70623876592619e-06,0.000231284840830163
"LOC102723694",347.784638858969,1.12478078658931,0.286049717248804,3.93211640762078,8.42012723195587e-05,0.00405001851772289
"PEG13",13.2425557036739,3.12968880063349,1.04640403575604,2.99089901576331,0.00278157462514663,0.0394956279931394
"LOC107986982",39.1582177856615,2.91490500749549,0.631490142954608,4.61591529181638,3.91366567622189e-06,0.000441061020162122
"SLC39A4",53.9249608423019,-2.6076776519621,0.455401166165289,-5.72611105483125,1.02758966745575e-08,3.55692823463611e-06
"LOC105375805",5.0972410001134,5.05140433050066,1.61517156669288,3.12747229747462,0.00176316435069158,0.0296419581732919
"LOC105375964",6.02933468625314,6.31459828346094,1.59979519382929,3.94712917492034,7.90938879537273e-05,0.00392111489538376
"SPATA6L",32.4903206220507,1.59706275258128,0.526255005371469,3.03476971483427,0.0024071941083812,0.0360595445107119
"AK3",31.0537931884817,-1.82869126542796,0.572210956387109,-3.19583406262293,0.00139427273539953,0.0256004687162843
"KIAA2026",257.175480389944,1.21365000396601,0.310578930694511,3.90770230695324,9.31780128242497e-05,0.00434173702063763
"HACD4",7.75187180300291,6.64605666202567,1.68515940672143,3.94387417327833,8.01757367294742e-05,0.00395452030728786
"TUBB8P1",4.20282823029387,5.79800404662231,1.77072698789901,3.27436362931459,0.00105900240110448,0.0216308772845196
"ANKRD18B",267.358501143358,1.29541336530978,0.373635375587955,3.467052238486,0.000526199616674543,0.0142059239131189
"LOC105376026",9.9780395963113,3.49339959008852,1.06436780810134,3.2821357086327,0.00103024009399461,0.0213584748470497
"RMRP",2092.24008643569,1.37532540968228,0.440008140118371,3.12568174150662,0.00177393418748784,0.0297731251925889
"TPM2",55.8331514438286,2.43912041875704,0.584112885293267,4.17576889702138,2.9698120849212e-05,0.00190618667066598
"LOC105376033",55.596254835854,2.47337816885193,0.458359142605874,5.39615759552701,6.80831514469704e-08,1.75963174353077e-05
"LOC101927069",7.18018038736703,6.54033431569285,1.6379106549416,3.99309589687359,6.52161775131669e-05,0.00337106769310727
"LOC107987081",37.1633061138821,2.39071110527607,0.681180554637804,3.50965847307143,0.000448682597346432,0.0126047296622656
"LOC100507103",4.87958276148527,5.97615287555975,1.8667006334993,3.20145221376869,0.00136736753110054,0.0253315751219127
"ANKRD19P",24.1710622968824,2.85593312345417,0.986082779897537,2.89624074334908,0.00377662552922629,0.0480670448184651
"LOC107987100",46.4863698498329,4.39702952754212,0.694035856447295,6.33545008762243,2.36649417020795e-10,1.91133845813796e-07
"LOC100421692",16.8545551600328,7.7747149517403,1.52532119444179,5.09710019114076,3.4489581243913e-07,6.30703813992462e-05
"UPF3AP3",14.2189729282623,3.56944448211137,0.963714777449011,3.70383910845471,0.000212360975239092,0.00767986034334804
"NANOGP5",11.475479397782,2.91995389720022,1.00755396173494,2.89806204738875,0.00375476299088223,0.0478831090889876
"RALGAPA1P1",26.5255530646116,2.14296538100964,0.564620588773063,3.79540778997515,0.000147400973610379,0.00609215452550871
"ZNF462",1270.06434167815,1.09517816873342,0.222322918176098,4.9260696005526,8.39001229204467e-07,0.00013222113680406
"COL27A1",295.545833234382,1.200364177961,0.255606106381882,4.69614828437482,2.65113114177481e-06,0.000325250164887107
"LOC107987014",16.1418134377575,2.77965925469002,0.828505188400307,3.35502938739229,0.000793565537894999,0.0184221250138403
"LOC105376240",10.5851439142716,2.75262815749032,0.946986704709677,2.9067231290583,0.00365236312723887,0.0472231888676272
"TRAF1",87.0648264329897,4.21054916044835,0.539487655782529,7.80471826429639,5.96346144582131e-15,1.05087033332546e-11
"GSN-AS1",21.0904687658586,2.81609811187842,0.752335824230616,3.74313972720671,0.000181735102673952,0.00705452716335508
"LOC105379839",21.0883968620734,3.60965577826593,1.16497311247554,3.09848848836992,0.00194510526598142,0.0315513978876853
"GPR21",44.6123331541285,3.22330310234061,0.699961063054509,4.60497486570849,4.12515680602232e-06,0.000451762935186082
"LOC107987127",6.20797796975056,4.42410211100502,1.44364000236501,3.06454663472704,0.00218000184177653,0.034105856094428
"LOC102723468",12.0015839963114,3.13976667131713,0.927733318308203,3.38434182469888,0.000713491157542076,0.0174842928220418
"ANGPTL2",23.705746149201,3.23009961115692,0.866576055059877,3.72742772235235,0.000193444011132994,0.00732366935898818
"LOC105376278",26.5203400581357,1.79243777629743,0.55281630298656,3.24237502876431,0.00118537923221865,0.0231626925779499
"STXBP1",28.3502145446215,-1.71503168490387,0.526628993181368,-3.25662222762054,0.00112746376873937,0.0225772290219463
"SLC25A25-AS1",127.518403159537,1.11193360856635,0.328876348852298,3.38100812796888,0.000722204065343741,0.0175740911263097
"TMSB4XP4",41.6169603998732,2.62844952681903,0.784716385971383,3.34955351233723,0.000809419188965044,0.0186090795103833
"COL5A1",47.6985245632042,-1.74689528405938,0.486751854710517,-3.58888264554904,0.00033209828376271,0.0101374700939622
"LOC107984285",34.0645873930238,1.54642642975484,0.489984310819646,3.15607335909995,0.00159908636594543,0.0281021669242848
"KLF6",6773.58165582779,1.33502883422806,0.312497980013747,4.27211988432479,1.9362342690915e-05,0.001421665343639
"NRBF2P5",22.981299018153,2.09381182875182,0.596323184521577,3.51120312458028,0.000446083403911315,0.0125681405543851
"TAF3",1655.13963088429,1.37338400765822,0.404656014912978,3.39395426496643,0.000688911966715372,0.0170329968913403
"GATA3",349.383127790019,1.32962188394149,0.351765120200874,3.77985709095381,0.000156918397723111,0.00637489281453546
"LOC107984210",14.9174467513974,2.71896415736703,0.795477516903898,3.41802766211368,0.000630766958112503,0.0159810108450913
"LOC107984211",3.46529820760533,5.49742647649782,1.84444116589809,2.9805377249976,0.0028774279402903,0.040300623695511
"CACNB2",67.9035775756687,2.13880493496002,0.484921932739098,4.41061703041335,1.03076478796548e-05,0.000872504133184401
"MALRD1",91.5909841841627,-2.36553477772302,0.4233450082682,-5.58772332618221,2.3006579497417e-08,6.96811776528018e-06
"ANKRD26",594.71377591036,1.15375058142634,0.238137931311984,4.84488369857725,1.26685865767739e-06,0.000185701550338376
"WAC-AS1",446.933933471701,1.14871330687033,0.365719852432926,3.14096513828439,0.00168392075448474,0.0289535352327176
"ZNF438",26.3555962750218,2.28267624530956,0.583762968745853,3.91027928717991,9.21894651310219e-05,0.00431642655096553
"RPS12P16",21.5480234903726,3.34401761971111,0.72516798777922,4.6113696082365,4.00024547008898e-06,0.000445636541334511
"DEPP1",40.9777298422661,2.02599150018478,0.485672498773194,4.1715178547322,3.02577342846206e-05,0.00192300302089536
"PARGP1-AGAP4",10.4275154931388,3.2973168386438,0.949294908053858,3.47343782281905,0.000513836403264073,0.0139303564207983
"BMS1P1",77.7431433888992,1.475202880931,0.365390315776193,4.03733437159453,5.4061987803277e-05,0.00295193682134851
"LOC107987147",69.9121398293892,2.08847387603748,0.463571087181953,4.50518579304268,6.63148956265686e-06,0.000640802141020856
"BMS1P2",27.182257382498,1.80006686286288,0.597629944373778,3.01200915350563,0.00259524771691338,0.0377431531453198
"ARHGAP22",71.4348976518689,1.25492745186163,0.41182506334383,3.04723428358681,0.00230957621041734,0.035144592337122
"THAP12P3",8.16244807438133,3.80881596737525,1.19144569504741,3.19680198871648,0.00138960282314998,0.025580304961006
"LOC107984234",127.408647685776,1.62186062672111,0.291158882431142,5.57036286572736,2.54209335570288e-08,7.46605115256738e-06
"FAM133CP",298.586593690803,4.40998561855008,0.596014651383937,7.39912283751778,1.37086998215882e-13,2.21441197784721e-10
"LOC107984292",19.3495387085205,3.45660222436486,0.810825322797634,4.26306644252102,2.01640529574985e-05,0.00146939850574493
"PRELID1P3",12.8106982853289,4.18411554654718,1.21237972882139,3.45115927549759,0.000558184053642135,0.0147044727460094
"LOC105378330",11.4281280400233,3.66203593970668,0.989484819917033,3.70095211770276,0.000214792008552766,0.00773890017432494
"RPL7AP50",48.0733956721739,2.55863438685545,0.812504113452213,3.14907253328747,0.00163789536698113,0.0285255739385105
"CCAR1",8698.49060102492,1.35946209924115,0.372865383769959,3.6459863490033,0.000266368116311204,0.0089022061492696
"DDIT4",341.020131495892,1.01693731878401,0.258705377816717,3.93087042629812,8.4638880229676e-05,0.00406099023359416
"OIT3",13.5243133949646,-2.51134980221215,0.869446669222252,-2.88844605553396,0.00387150428817016,0.0488257899296619
"RAB5CP1",13.1488090934475,2.9349766074718,0.947604819203337,3.09725800037538,0.00195319799481628,0.0316561788725074
"C10orf99",18.5931830750576,-3.05493779316504,0.7736796346711,-3.94858240577023,7.86153540473216e-05,0.00390738467398277
"RPAP2P1",6.37620397699239,4.46639540184563,1.5113113363501,2.95531125481545,0.00312353752876656,0.042721539206986
"LIPA",825.832988046114,-1.2029443036697,0.267076451561734,-4.50411968796001,6.66486378647876e-06,0.000640802141020856
"IFIT1",29.5476116131111,2.53029174867931,0.800141639639407,3.16230480120947,0.00156525635120772,0.0276329044734156
"CPN1",101.47773650671,-1.06047956164873,0.314759548151118,-3.36917360530579,0.000753939259646421,0.0178455738195054
"SNORA12",7.09714211899696,3.53699878830602,1.17098746864697,3.02052659230663,0.00252335549000688,0.0372771925584677
"KCNIP2",29.8487329676746,2.06205244337036,0.507772985909181,4.06097311316828,4.88685997442849e-05,0.00274570706505281
"RPL13AP6",4.47427216932912,5.88399359970355,1.78522338037202,3.29594249346958,0.000980920920156771,0.0207805148812228
"LOC112268058",30.6104324301146,3.57447573487984,0.708053506370547,5.04831301973555,4.45728417819879e-07,7.85454513729139e-05
"TRUB1",880.645697474474,-1.18578664183761,0.394038029103477,-3.00932030478261,0.00261832914737109,0.037904176394803
"LOC105378552",13.8272381306183,2.4949209029584,0.770817592895103,3.23672023829628,0.00120911884784358,0.0235080839985957
"CLRN3",81.7053723311043,-1.54209090972447,0.409019074501015,-3.77021759096628,0.000163105278241103,0.00658673481963655
"LOC105378560",24.4724522119554,1.90124083315659,0.603170932347441,3.15207635380783,0.00162113876036711,0.0283100484062667
"DPYSL4",6.83301902856392,3.9330727586862,1.28524014440998,3.06018511465946,0.00221200225537479,0.0344397202555703
"KCNQ1OT1",1660.91942465873,2.53193373309343,0.386036993012195,6.55878524318898,5.4247860026573e-11,5.25770259377546e-08
"PPIAP40",4.86357258894689,5.99963013225677,1.67507011961371,3.58171879613037,0.000341341095227979,0.0103222399218396
"DNHD1",122.990103816247,1.42261740448957,0.334659364625801,4.25094156884052,2.12873703574093e-05,0.00152827550743712
"LOC105376539",3.48129224976204,5.52347645194106,1.87729925030135,2.94224612887606,0.00325840833223532,0.0439718458595775
"LOC107984312",54.1150203316727,2.28946735550489,0.581441263208287,3.93757289063392,8.23099331524727e-05,0.00399873620107151
"SPON1",550.326232455141,-1.33898312642134,0.326351161807616,-4.10289063781752,4.08020142393307e-05,0.00241129952443654
"MORF4L1P3",13.7290618012278,3.38197205369,1.04534567226138,3.23526670978971,0.00121529152060846,0.023533677158316
"LOC107984315",27.6914594723861,2.79774165597471,0.809382111783141,3.45663885480621,0.000546957334743569,0.0145435129995464
"LINC02751",15.9884005570792,4.77085420941882,1.16465899431944,4.09635286610795,4.19710031693459e-05,0.00245049977540542
"RPS2P40",3.54316151760521,5.51617754212678,1.90194993138663,2.90027484482999,0.003728355858933,0.0477018903630223
"CAT",518.390279895684,-1.03695847553096,0.272061350837267,-3.81148763813648,0.000138132964762154,0.00582080301945564
"EHF",176.759737120047,-1.88717881875021,0.295014285979899,-6.39690655142983,1.58556295231081e-10,1.33628488119968e-07
"PHBP2",7.55062313747149,4.1551501136891,1.28204596034469,3.24103054197211,0.00119098422933072,0.0232487797596643
"CD82",14.6023700337958,-5.15820641588085,1.22479371164785,-4.21148995690136,2.53691834767307e-05,0.00171343641990574
"LOC101927673",16.4145044711409,2.49105763372767,0.704056631047734,3.53814952359817,0.000402941810608826,0.0117276637490112
"FLRT1",109.016358002689,1.46035671760401,0.352237776133321,4.1459400909097,3.38422310817547e-05,0.00210255707464338
"NEAT1",1251.6060815531,2.15953963940206,0.273864609381091,7.88542792835634,3.13459461954422e-15,6.07609821052452e-12
"MALAT1",986.684996547278,2.13333423164673,0.359941557102117,5.92689060085802,3.08724498124162e-09,1.42483706467589e-06
"TBC1D10C",4.1111100396843,5.73992417429393,1.86606583101647,3.07594945413437,0.0020983341322629,0.0332039077935381
"CARNS1",19.0050860320718,1.8935410333809,0.657907467346491,2.87812667793244,0.00400044461153067,0.0496211450985071
"TBX10",10.2423071643632,7.06351507849699,1.51909519062692,4.6498172873432,3.32229218245912e-06,0.000383329236099926
"SHANK2-AS1",41.2634232836928,2.7491193646944,0.856181636066759,3.21090671521953,0.00132316880000511,0.0247570502116786
"SHANK2-AS3",22.1293776176342,3.27822694708425,0.64149344409467,5.11030467616199,3.21639689533683e-07,6.11031342253437e-05
"IL18BP",127.193658144813,1.06788850984839,0.328303624608152,3.2527466339215,0.00114295359474678,0.0227697969995597
"LOC105369380",17.1905924511834,2.05397111533214,0.677575544156933,3.03135367420584,0.002434598916071,0.0363576774954701
"LOC105369383",52.3755676865724,1.87734278778105,0.444130851023003,4.22700378381013,2.36823686669612e-05,0.00163366204356006
"LOC105369388",8.54141767508801,4.91240654428055,1.54727148562339,3.17488339307264,0.00149896724614376,0.0268787984266889
"SNORD15B",42.74551315562,2.13989909913154,0.546196043422449,3.91782240992263,8.93524936431039e-05,0.00423474018772109
"LOC105369402",12.6432513723322,3.22604870818331,1.02619281876736,3.1437061819029,0.0016682284766346,0.0287784756226902
"ZNF75CP",31.0449579159469,2.76074777062293,0.859037306599234,3.21376935485166,0.00131004859472013,0.0246065716667199
"LOC100506282",72.3680639018093,1.09023974654891,0.338801246376092,3.21793310446879,0.00129117927840565,0.0243702231086808
"XIAPP2",9.46122813868927,3.41675251356215,1.0719473193315,3.1874257735846,0.00143545296306938,0.0261717281078813
"SCARNA9",58.0635859210604,1.81647513580022,0.554195342595831,3.27768026214712,0.00104663877783629,0.0214366192298404
"MMP1",388.931412359074,-1.08902850395366,0.342264224090921,-3.18183563253274,0.00146344846891989,0.0264862866954951
"MMP3",20.7974477088383,-5.72438458192498,1.1650257693488,-4.91352614897495,8.9452795776189e-07,0.000139834918816585
"LOC105369477",142.571907340685,1.22113295779001,0.311646570683158,3.91832631147896,8.91659450693146e-05,0.00423474018772109
"CWF19L2",2034.98860974494,1.26711172630857,0.391938821503607,3.23293242921819,0.00122526540183215,0.0236323826359347
"TMPRSS5",33.1799191943658,1.98225950723329,0.560358096415454,3.53748704607568,0.000403954000688158,0.0117394967756211
"LOC100288385",3.73674214664058,5.6032822198425,1.80642129309841,3.10186900544758,0.00192303033600131,0.0313672925459547
"APOA4",385.690142835354,-1.06127397285737,0.301007932997444,-3.52573422995594,0.000422310541976221,0.0121095673752471
"APOA1-AS",5.6839157454596,5.20875075608298,1.66969913780835,3.11957444196803,0.00181112490228681,0.0301864532295164
"RPS27P19",14.3938762064362,3.38075716404077,0.866356356191329,3.90227086103833,9.52944343681142e-05,0.00441910841098451
"LOC107984397",59.7981139499509,1.45023891516066,0.42889441577287,3.38134249789035,0.000721325721045541,0.0175740911263097
"LOC107984400",83.4386181063086,1.27741829262673,0.406095431451201,3.14561108964416,0.00165740237669111,0.0286848997051611
"LOC101929227",28.0126982276005,2.39281483825263,0.660328753969702,3.62367203285898,0.000290449861627798,0.00947824935655426
"LOC107984350",9.90396107855935,5.12925973634807,1.42000088003581,3.61215250529896,0.000303665882803673,0.00966477094675744
"SIAE",975.30385725818,-1.00201168201691,0.260938061192762,-3.84003651072081,0.000123016014049843,0.00536843003587608
"ACRV1",43.0177747121639,1.53665463002498,0.49486945316519,3.10517171790766,0.0019016858674844,0.0312127678707178
"LOC107984410",4.91157084579871,6.00499066508969,1.77617045296377,3.38086395653615,0.000722583090573092,0.0175740911263097
"DDX18P5",10.6616295994628,5.23444121674376,1.30377682346767,4.01482916594703,5.94888673945394e-05,0.00315926631664589
"JAM3",9.32224506148257,3.1330805904716,1.03940852613142,3.01429179355745,0.00257579940096259,0.0376769973916243
"NRIP2",65.3407498445764,1.57305286882185,0.502043641841075,3.13329905554268,0.0017285322886918,0.0293653548501331
"RPS27P3",424.170380652204,1.3229124928659,0.42276814551074,3.12916785929486,0.00175302132986471,0.0295740343412512
"OTUD4P1",34.6453560676609,1.53862044430914,0.499336920499512,3.08132721844397,0.00206080040690953,0.0328237921836765
"LOC105369624",3.57408808633596,5.54489881392068,1.82496161774116,3.03836462094138,0.0023786595438322,0.035742586509801
"PIANP",17.6184352444313,2.68020562037644,0.716986698886808,3.73815249925518,0.000185377495929805,0.00712967734345899
"LOC105369632",72.3867120335506,1.3752840865251,0.445169107620957,3.08935203045604,0.00200593600452916,0.0322358737945882
"SCARNA12",78.8314363398641,1.20935202626777,0.372208189461475,3.24912793567897,0.00115759402492683,0.0228733971245482
"FAM90A1",6.65116352028788,6.42518976911278,1.71636927560682,3.74347750243966,0.00018149085934497,0.00705452716335508
"M6PR",4373.10675019271,-1.15850822577807,0.375817105527055,-3.08263835983023,0.00205174326485385,0.0327872971524543
"TPT1P12",4.81877500922479,5.98598305572428,2.05333624717511,2.91524735121174,0.00355406737679051,0.04648585832099
"LOC642846",113.663789006844,1.02168862334853,0.290364087193883,3.51864665228496,0.000433754005268667,0.0123102308025298
"LOC107984129",14.0578142650099,4.2554277739785,1.11714340687909,3.80920457281907,0.000139414574785277,0.00585762242336392
"EMP1",322.069346521526,-1.92101023927416,0.283399273450313,-6.77845858913594,1.21464780246065e-11,1.47154581268108e-08
"LOC105369667",49.7076453535683,2.59931371953567,0.723005916107905,3.59514861721786,0.000324206446865482,0.0100607077707106
"GUCY2C",495.143391343513,-1.52990804555471,0.347620609046722,-4.40108556782686,1.07710634636511e-05,0.000898203493558795
"ERP27",57.8348033706024,-1.980333621925,0.479501748858185,-4.12998206292401,3.62791538441218e-05,0.00218876512078081
"LOC107984494",21.6868329637953,3.46212557755252,0.761525462901095,4.54630310635085,5.45963956172438e-06,0.000556998175076134
"SRSF11P1",13.1146424350828,4.53886567115382,1.3892506414525,3.26713231991622,0.00108642888261989,0.0220285956701925
"EEF1A1P4",14.6195512658072,2.48657053404294,0.844265165926944,2.94524828738239,0.00322695595637101,0.0436865546183718
"LOC100506578",14.2378034010057,4.30001237142249,1.0113266562921,4.25185309283543,2.12008921189715e-05,0.00152772525217154
"FAR2",117.189645811896,-1.04342740155578,0.354453308702411,-2.94376544367881,0.00324245635829271,0.0437991456788473
"MRPL30P2",3.33250920044878,5.44548401804278,1.87366209054769,2.9063319610907,0.00365693258507342,0.0472231888676272
"LOC101927019",6.41718018199085,5.39628026643198,1.57147938028122,3.43388550568594,0.000594995460892278,0.0153633953136967
"ZNF75BP",31.2633546919883,3.23870363248867,0.648772086400861,4.99205144668871,5.97413361028373e-07,9.89765862408033e-05
"PHBP19",25.0781920484433,2.72382558491062,0.714487160862615,3.81228065963017,0.000137690401143905,0.0058147946313147
"HOXC8",164.663688156693,1.48491230194789,0.413721584197753,3.58915840667894,0.000331747221071433,0.0101374700939622
"LOC112268098",13.3791198651506,3.10918592632011,1.04642545115319,2.97124455726272,0.00296595494392994,0.0413278295457934
"DDIT3",507.609114304639,1.42614484845902,0.365674822893331,3.90003565784192,9.61785217694616e-05,0.00443781649370175
"LOC105369801",27.9325698069905,2.28486003651444,0.598319005338904,3.81879902882282,0.000134102957044254,0.00572428580798356
"TSPAN8",2555.4812380442,-1.10555904081265,0.276495587430071,-3.99846902110963,6.37535233084449e-05,0.00331494768426215
"LOC107984529",11.0661673434628,3.21605394865836,0.997938073069114,3.22269891834825,0.00126988957572136,0.0241802942394723
"MRS2P2",17.6607650912811,3.8947725203265,0.85253312061432,4.5684706272995,4.91295901728345e-06,0.0005065574339948
"LOC100420794",4.61506626275486,5.90609509469804,1.7167043979845,3.44036812722801,0.000580923454344488,0.0151121939592112
"PPP1R12A",2362.29445032686,1.08828187674341,0.313063126433105,3.4762378091051,0.000508501167158837,0.0138243851671906
"CEP290",417.846236685805,1.1085121487328,0.22014391161469,5.03539771144337,4.76857716575535e-07,8.25304462330372e-05
"LOC100287544",13.2545873523302,5.57184502122957,1.32129791007749,4.21694833446215,2.4763068255242e-05,0.00168754093830436
"LOC105369908",8.39826071108835,3.48635631844022,1.16395872873219,2.99525767742438,0.00274213084843832,0.0391698337259605
"LOC112267866",30.5150332207621,2.18296121220236,0.654955513189959,3.33299158223779,0.00085917541810325,0.0192503538743342
"PGAM1P5",18.7835430357402,2.87403792265885,0.989674209051811,2.90402427018121,0.00368399600651312,0.047417382862052
"CCDC38",8.34663011578516,5.76968345737643,1.73122606280108,3.33271522497832,0.000860029222821574,0.0192503538743342
"HAL",15.3177247545715,-2.739715798929,0.85823483448241,-3.19226823341573,0.00141160178146484,0.0258380443171997
"GOLGA2P5",77.3744111219673,1.70021656379228,0.525111378616979,3.23782083768639,0.0012044642334594,0.0234410990977681
"FAM222A-AS1",8.36643707522714,4.83546454784102,1.44373850624893,3.34926617729713,0.000810259136750078,0.0186090795103833
"HVCN1",3.96072665180618,5.67912648276623,1.91250686893161,2.96946723435236,0.00298316624369792,0.0414818468205455
"LOC107984440",10.6477747188531,5.21521368286013,1.34900924682154,3.86595843960886,0.00011065378175303,0.00495360948152595
"HNF1A-AS1",174.533432452156,2.78704645383215,0.443476996448682,6.28453443166282,3.28837650897534e-10,2.36081074999919e-07
"OASL",11.5716283012204,3.22048391143984,0.883090790691434,3.64683217783111,0.000265493197545678,0.00890109974141813
"LOC105370033",9.71168995871923,6.98140971600824,1.46973716913683,4.7501076128519,2.03308428250701e-06,0.000264491984779302
"HCAR1",129.702808007772,-1.44345073640802,0.449218435455882,-3.21324910662484,0.00131242406165298,0.0246273262449964
"DDX55",1651.31877506655,1.31719137591087,0.421120283422824,3.12782696004303,0.00176103827173204,0.0296319148083802
"MPHOSPH8",2644.37971400122,1.38386629564151,0.42766957088546,3.23583062684659,0.00121289329685961,0.023533677158316
"RN7SL166P",5.75948626681884,4.29906349152319,1.46826429261089,2.9279902216232,0.00341160774453298,0.0452775540745403
"ANKRD20A19P",8.23395192881292,6.74445918950016,1.52771192890912,4.41474538613842,1.01128945468176e-05,0.00085977345568207
"LOC105370115",11.6874137132537,2.85584018055699,0.992092829108019,2.8786017767356,0.0039944236847826,0.0496014789915605
"MICOS10P1",13.6961043920905,3.71495205564424,0.938003334132052,3.960489180011,7.4796382230801e-05,0.00379542689309384
"N4BP2L2-IT2",49.8899074256126,2.55084435406546,0.443325696579998,5.75388337230111,8.721633771774e-09,3.13074350059384e-06
"RLIMP1",3.91539024910191,5.68327517640066,1.77831342169434,3.1958793692204,0.00139405382412377,0.0256004687162843
"WBP4",1028.35184301801,1.48017623560003,0.440117610790192,3.36313794156635,0.000770618470622139,0.0180466915123655
"PPP1R26P1",6.91379942607753,4.63336539619155,1.53489268753041,3.0186901233118,0.00253870053243847,0.0373937470522701
"DLEU1-AS1",7.39455946769858,6.58782707035103,1.58190916973799,4.16447871747413,3.12064733126986e-05,0.00196398142432906
"LOC107984568",3.93246193722297,5.66799982085997,1.96605387713444,2.88293209396742,0.00393992364867735,0.0492530331815374
"SERPINE3",8.63710722904037,6.82876026068669,1.63028118042752,4.18870090795991,2.80555868811143e-05,0.00182493119497825
"INTS6-AS1",5.67203848133048,6.21083192859833,1.62765355491728,3.81581934916978,0.000135731783876101,0.00576979144441743
"RPL13AP25",125.876055598714,2.42464425247554,0.708768929934593,3.42092344919704,0.000624088961225173,0.0158627312008214
"DIAPH3-AS2",5.64710712162503,5.23042502566492,1.58461226625441,3.30076015253132,0.00096423273666794,0.0206526932238357
"MIR17HG",98.9136466675954,1.56870516690748,0.429422280342837,3.65305956098755,0.000259134092715366,0.00873574826642548
"LOC112268108",8.84436525886048,3.05110371059298,1.05911989642226,2.88079160905173,0.0039667781607651,0.0493847320926595
"LOC101927385",14.255929118591,3.24627073189646,0.969937126038636,3.34688779792841,0.000817242816016511,0.0187145893233624
"H2AZP3",6.90634929317218,4.60361812343324,1.57741806578266,2.91845150204304,0.00351774590944881,0.0461041154217415
"RPL7L1P6",15.8823647219196,3.38576294907042,0.953067541213668,3.55249004153354,0.000381603462592762,0.011327051102844
"METTL21C",16.9955870523517,2.40030597432926,0.7421471146154,3.23427246035062,0.00121953053175907,0.0235921954367442
"IRS2",214.648792270703,1.03718740515174,0.25548730916892,4.05964354364853,4.91476867845874e-05,0.0027474788722567
"LOC105370363",161.528731665584,4.14607244411679,0.36507859312128,11.3566572300761,6.87242429423738e-30,1.33215072519497e-25
"TEX29",10.3381373140365,6.10437295976956,1.46892867955998,4.15566326991324,3.24345226133329e-05,0.00202809931076402
"ATP11A-AS1",35.8526060137499,2.92279307427877,0.688083373862586,4.24773099496874,2.15946464937252e-05,0.0015404109219847
"UPF3A",2181.89080467541,1.31183541649931,0.420496936937634,3.11972645045421,0.0018101906085979,0.0301864532295164
"PRMT5",2176.39628934937,-1.08435849536061,0.311419344081797,-3.48198824500701,0.000497705540001909,0.0135880622357704
"SLC7A8",215.901091802133,-1.06487811410585,0.296994589939698,-3.58551350824963,0.000336415588202919,0.0102051326474576
"DHRS2",546.240518653138,2.45309559591274,0.247947374125663,9.89361393546951,4.43714158743473e-23,2.86698508436116e-19
"LOC105370449",10.7612974410661,2.92165956878661,1.00380553181245,2.91058325162973,0.00360754844543993,0.0469635453770367
"BAZ1A",4335.15063150327,1.22296495469937,0.36215108698115,3.37694680110964,0.000732952245643605,0.0175881012847266
"NFKBIA",1366.3649552652,1.0590381094221,0.231486415106157,4.57494712567231,4.76340271147431e-06,0.000499101611671448
"STK16P1",11.4392885694909,3.42643950191065,0.904343798551599,3.78886824612327,0.000151335143131075,0.00621500087807788
"NEMF",1267.39067446194,1.45292266372182,0.403886721545646,3.59735189649609,0.000321473432354155,0.0100183939111784
"LOC105370504",140.160994363681,2.0998965288325,0.441454206462081,4.7567709132541,1.96714188080341e-06,0.000259535097983932
"LOC112268133",252.583329004388,3.59041615360365,0.453579358271711,7.91573974460463,2.45787278404888e-15,5.91151344306095e-12
"LOC729451",60.1887913185526,2.8376039035605,0.673101327167237,4.21571580537899,2.48987158664387e-05,0.00168754093830436
"CHMP4BP1",15.1792997451058,2.58326584450082,0.776641095052902,3.32620287666448,0.000880378249421151,0.0195927118103095
"ARID4A",1041.87014134323,1.80944458022655,0.364612346062822,4.96265307460209,6.95367234247345e-07,0.000112324987238754
"ESR2",19.08142368199,1.79752951041655,0.614253355201342,2.92636498473394,0.00342948329676474,0.0453768629518688
"LOC105370538",11.038925891438,4.70664924271468,1.28929871245043,3.65054986657767,0.000261679496579321,0.00880624194738466
"LOC101927971",16.1271582533751,2.89426677849974,0.915041313124252,3.16299027922331,0.00156157545772431,0.0276329044734156
"LOC100996664",16.3297599500381,2.11708659201237,0.731148186061288,2.89556430881291,0.0037847747209099,0.04813915563656
"SLC10A1",34.2959494492339,1.89409115581718,0.576787561294723,3.28386269559192,0.00102394795227357,0.021325971740991
"ADAM20",35.4576056211837,2.33649772288311,0.659850631255026,3.54094943948016,0.000398689970736017,0.0116388650493177
"LOC145474",38.0677125728583,4.60463069858438,0.774512515435721,5.94519856918507,2.76121924916764e-09,1.37239676732988e-06
"RBM25",11181.7083108639,1.8490162898832,0.459088310130504,4.02758303594702,5.63531680008995e-05,0.00303430502369288
"FOS",212.223177562635,1.77056529550185,0.31922977394568,5.54636641068177,2.9166728067977e-08,8.43832622193532e-06
"RN7SL587P",14.59438818029,3.85974597486502,1.14935833087861,3.35817461897588,0.000784590320313066,0.0182794456357554
"NRXN3",75.9953692297482,1.61114812278547,0.35167099616647,4.5814074528421,4.61856987422188e-06,0.000491903068362181
"LINC01467",4.16549691385879,5.78486766167504,1.87707366669722,3.0818543588935,0.00205715461036616,0.0328196584093313
"CAP2P1",4.52120891059826,5.8736274818802,1.73456246791132,3.38623000931927,0.000708599647981578,0.0173867032613606
"NRDE2",616.494103375023,1.14451635275007,0.315562892269865,3.62690411574531,0.000286839748220405,0.00939206364781136
"HSP90AA1",118588.757986743,1.12532907218708,0.387536989433212,2.90379783832484,0.00368666127021422,0.0474202004391722
"LOC105370677",8.78448973787954,3.29670672200653,1.0631303253657,3.10094317069971,0.00192905309135345,0.0313697693983183
"EXOC3L4",113.576873671884,1.21384835167281,0.413867034974786,2.93294282727003,0.00335765716212881,0.0449170644794374
"LOC112268130",20.1264467029869,2.35239925653803,0.696752680726744,3.37623280341652,0.000734857107049916,0.0175881012847266
"CRIP1",394.674214350277,1.48016627756429,0.512399203819024,2.88869745802156,0.00386841067270387,0.0488185367706327
"PWARSN",53.8599240465583,2.17589771650147,0.411467023332112,5.28814605574165,1.23562301760287e-07,2.81780194978989e-05
"GOLGA8A",219.397843237559,1.46692405258522,0.253898646246224,5.77759698317823,7.57750454751563e-09,2.82466054132775e-06
"GOLGA8B",125.31333388578,1.3289287320547,0.372326331480787,3.56925798605056,0.00035799375703653,0.0107088749790063
"C15orf54",18.9969458175333,3.71687778532848,0.878136552687638,4.23268769982589,2.30915052545096e-05,0.00161009258220653
"BMF",225.107699552545,1.17822898700538,0.265969622160821,4.42993819156141,9.42601000925583e-06,0.000815686509015246
"LOC107984763",38.5027293032497,2.4026389700525,0.599221343370626,4.0096017884437,6.08212307406807e-05,0.00320777229934175
"RTF1",4212.9384172002,1.14618172298849,0.372627571660086,3.07594448226725,0.00209836912128994,0.0332039077935381
"SERINC4",24.1177163995192,3.40490760195148,0.699782037108262,4.86566876740895,1.14070423378453e-06,0.000171138663094907
"PIN4P1",21.5282773427285,2.17549214944873,0.67000757547229,3.24696649573734,0.00116642120023947,0.022930941729657
"HNRNPMP1",9.62494371457656,3.4486917822334,1.11573847541695,3.09094994769688,0.00199517262783128,0.0320949595169141
"GABPB1-IT1",58.7254805554404,1.63794573948929,0.453505319709572,3.61174537167114,0.000304143122034773,0.00966477094675744
"DCAF13P3",8.86981931116644,3.30366902339231,1.05524907116427,3.13070071670124,0.00174389782492845,0.0295228955794
"CYP19A1",38.3093596723576,1.42498812161739,0.469542776617708,3.03484196239183,0.00240661757155872,0.0360595445107119
"CD24P2",45.1522132238332,3.62449560402417,0.769525709743245,4.71003834976936,2.47670184863439e-06,0.000315844662065322
"HSP90AB4P",23.7186488290332,4.80419790752334,0.834595845597906,5.7563165846837,8.59690932483968e-09,3.13074350059384e-06
"FAM81A",56.9320696911653,-1.34080819997535,0.463131802140357,-2.895089894019,0.00379049965614173,0.0481803575964926
"LOC101930091",6.28491386743481,5.39498461778774,1.58274055315983,3.40863485617844,0.000652888060377322,0.0163806273031294
"LOC107984754",116.028483591166,2.44792573173736,0.511348194383257,4.78719932645861,1.69124842039835e-06,0.000230867319584519
"UBAP1L",43.1585349593491,1.86891549986083,0.490732843617952,3.80841739892965,0.000139859049375413,0.00585762242336392
"MEGF11",26.0079069560414,3.07848374570097,0.589482450327905,5.22235012083657,1.76666534711457e-07,3.72228707483357e-05
"HNRNPA1P5",8.12836272721201,6.7228680936034,1.58717346106428,4.23574880662091,2.27791315458817e-05,0.00159404579742011
"ITGA11",21.8044625258151,2.05680005483075,0.667490373191767,3.08139283716657,0.00206034625344068,0.0328237921836765
"LOC107984781",9.30959617407447,6.91702248824819,1.57482525572094,4.39224762437637,1.12184820056561e-05,0.000918239466485141
"NEIL1",57.0533367804147,1.39015851459161,0.464196603658838,2.99476235636853,0.00274658738709231,0.0392046022911615
"LINC00597",11.1299921051439,5.30066813338523,1.40931640338053,3.76116258965729,0.000169125446824347,0.00673167897585861
"IDH3A",1158.39121150223,-1.1942335645172,0.390398988602272,-3.05900783399275,0.00222071342768656,0.0345475995844914
"GOLGA6L9",32.9380877196515,2.3384118537797,0.519558574444456,4.5007665522219,6.77088372315369e-06,0.000643366716125545
"PRC1-AS1",10.6427591436063,2.60883025317824,0.882153215621031,2.95734369832982,0.00310302023856802,0.0425381501445563
"CHD2",2566.93571131987,1.19655964162203,0.205241734745284,5.83000159839336,5.54268449658513e-09,2.23832075587096e-06
"RGMA",25.4199557691032,4.43681691500255,0.82078714569933,5.40556335250874,6.46050100962489e-08,1.69230204825093e-05
"LOC105371009",5.17182515181671,6.06333544335367,1.87916376201593,3.22661364906752,0.00125264474554044,0.0240042500494599
"LOC107984751",238.517659085982,1.61525926091242,0.316828602199879,5.09821161882789,3.42877386394163e-07,6.30703813992462e-05
"WASH4P",26.3617813853634,2.04693419918154,0.653937518835048,3.13016785277596,0.00174706444703378,0.02952493220689
"LOC101929280",43.5400284407531,2.52913233258291,0.671493132710244,3.76643067424229,0.00016559803838583,0.0066596522325123
"SSTR5",77.4445555658187,-1.83122506259659,0.34267037800135,-5.34398413214864,9.09255312411836e-08,2.16165615202603e-05
"SNHG19",155.84081672626,2.03944470211376,0.523812099263998,3.89346619709503,9.88219781324854e-05,0.00447561968252359
"SNORD60",9.54171863008207,3.39011322447467,1.17526286878128,2.88455741649538,0.0039196427579388,0.0490499388120631
"ZNF205",346.080862111379,1.03763141564328,0.313744347925493,3.30725134175068,0.000942163158645493,0.02031467259976
"ZNF500",356.194777235777,1.10616771251031,0.341899899576868,3.23535547649851,0.00121491372373723,0.023533677158316
"LOC105371064",44.2706194653542,2.43703693588066,0.692354236791471,3.51992781494983,0.000431664261653641,0.0122869016856008
"ATF7IP2",116.767609479353,1.12989796730232,0.304558350300364,3.70995563309291,0.000207295571762293,0.00753886934904368
"LOC107984877",8.77526617369396,3.92717770738576,1.28685967019728,3.0517528821023,0.0022750931805931,0.0350160459715167
"KNOP1",2980.20201847537,1.22306470027544,0.403702892662138,3.02961589452625,0.00244864936284497,0.0364551607138149
"SUB1P4",9.17653604819964,4.36639441212501,1.40002593359357,3.11879537896659,0.001815920237106,0.0302383234326466
"RBBP6",2283.65549310489,1.1106144696182,0.299143448470505,3.71264848117744,0.000205101660956814,0.00751802075025889
"TNRC6A",146.896402977148,1.43449231139903,0.31856087306087,4.5030398668104,6.69883114981376e-06,0.000640802141020856
"MIR3680-2",4.62413286460674,5.90859749733226,1.83943223705256,3.21218546588049,0.00131729304848461,0.0246709260404113
"TMEM265",253.501140571874,1.5576923174796,0.446475448234266,3.48886444627584,0.000485077069331287,0.0133183199885519
"LOC100422275",5.78082836006111,6.2399256004306,1.61875436945459,3.85476988861072,0.000115838532263615,0.00512651623150208
"EIF4BP5",4.30362915313698,5.79821257739461,1.77752447821046,3.26195934203505,0.00110645011777297,0.022358682575183
"LOC105371271",21.6980263820007,2.33338268597075,0.627318043338004,3.71961672512185,0.000199525322734113,0.00745202091691339
"RRAD",9.80906482485715,4.46638485365245,1.24555526118548,3.58585844629767,0.000335971174073641,0.0102051326474576
"HSF4",31.7882629264704,1.51687054587431,0.499120715584059,3.03908553284409,0.00237297471668675,0.0356848269264981
"LCAT",74.8458957891565,1.37406701927684,0.397731837112195,3.45475742966294,0.000550788121722539,0.0146180186902636
"UTP4",1436.64962499164,-1.59618641357086,0.506040801537186,-3.15426425838029,0.00160903315631844,0.0282257906806123
"LOC100421641",16.699096244297,5.26887928330095,1.36477485855284,3.86062158918129,0.000113098943452473,0.00503979291927067
"PDXDC2P-NPIPB14P",49.6440515316235,2.06882296542922,0.481855536013635,4.29345065233551,1.75917428381675e-05,0.00131534042193201
"CPHXL",5.266744019556,6.09561608987124,1.67426098604885,3.64078010576865,0.000271813213716414,0.00903743968212515
"WWOX-AS1",15.0793208030065,3.32142564178974,0.808867905844813,4.10626459251183,4.0210885646597e-05,0.00238363243845149
"LOC105371354",16.2401179472346,3.34039232045808,1.1098312243838,3.00982009432355,0.00261402474016317,0.0378853640393424
"LOC105371357",11.566855474625,3.46649369072307,1.00112064797992,3.46261332010065,0.000534956592387572,0.0143822449193352
"PPIAP51",28.805870746169,2.80286752088503,0.947582442111349,2.95791415746353,0.00309728364345075,0.0424895584887823
"ATP2C2",110.089876957664,-1.06918829838358,0.353154127651271,-3.02754014371701,0.00246552964000685,0.0366267055181632
"LOC105371414",72.4183555944242,2.20895479236467,0.534029203420776,4.1363932500601,3.52807367665419e-05,0.00216975463371184
"DPEP1",51.8667623289816,-1.46143924425621,0.410129154450576,-3.563363463429,0.000366133172355537,0.0109186544814457
"LOC101927727",33.9485758855042,2.38911213771044,0.551376081151698,4.33299923478751,1.47091621356719e-05,0.00113143809062645
"SLC43A2",183.219859426878,2.09728397157416,0.56819924599147,3.69110657286167,0.000223280553939209,0.0079268686035854
"LOC107984988",9.65463567500926,4.10069185381743,1.36198843902098,3.01081252698817,0.00260549664523121,0.0378597803382022
"MCUR1P1",8.43504814054778,3.49720194033564,1.04931807773002,3.33283302228156,0.000859665192330467,0.0192503538743342
"LOC284009",35.7730158795215,1.73193222568007,0.54590442781449,3.17259237594721,0.00151084486319913,0.0270440497742112
"ATP6V0CP1",7.46015210527198,6.60164382741598,1.60391635684937,4.11595267996631,3.85583414536866e-05,0.0023068360825255
"TP53",92.7112155006623,1.61227480972189,0.351618725048269,4.58529280401823,4.53350655064589e-06,0.000485510999876905
"KRBA2",43.1077289290517,1.47850728614989,0.484893908342376,3.04913561649849,0.00229500854168006,0.0351373486342931
"LOC105371525",5.61018534386898,6.17926531025027,1.76355911758359,3.50386060134861,0.000458565333674936,0.0128088147141555
"MYH3",36.6569989662496,2.1649921047319,0.610795579303858,3.54454448933538,0.000393292124769763,0.0115508705250562
"TVP23C",116.602001970138,1.13972435013857,0.352641407277515,3.23196404794758,0.00122942523135489,0.0236655200442732
"PPIAP53",13.2132076097121,2.85577041176385,0.98992356606764,2.88483930442031,0.0039161350040364,0.0490499388120631
"CCDC144A",316.495601433332,1.73579961243738,0.432929344239721,4.00942933421541,6.08656640005313e-05,0.00320777229934175
"USP32P1",325.547321874856,1.18322822752071,0.267473051821332,4.42372874375057,9.70118130004408e-06,0.000835767548089131
"FAM106C",19.121952641943,3.26836504324142,0.678457290657797,4.81734825205074,1.45478652086082e-06,0.000207349867061516
"SMCR5",34.4138472935645,2.76147468134429,0.859614642831288,3.21245654011768,0.00131605058227383,0.0246709260404113
"CCDC144B",206.803274611088,1.94749125518522,0.388417294616792,5.01391488529518,5.3333586385156e-07,8.98972381295533e-05
"LOC107985051",4.52081550230089,4.86548382242057,1.69152943436375,2.87638141174332,0.00402263316438632,0.0497922868827998
"FBXW10",10.0212787361597,5.15042807059185,1.38602266402852,3.71597680489722,0.000202420152703402,0.00747373760000522
"LOC100419620",9.24088152736297,3.33759067590514,1.11789166520832,2.98561191551882,0.00283011557341255,0.0398974256545664
"SNORD3A",108.246227522783,2.56044672098499,0.619520590076817,4.1329485444019,3.5813892684029e-05,0.00218425186708997
"EPN2-AS1",26.3523352179485,2.77544214427637,0.855710309279277,3.24343660953903,0.0011809708649308,0.0231231709553724
"RPS2P46",1201.49828727088,1.34098579608374,0.416554038925627,3.21923609129417,0.00128532612611822,0.0243050359839516
"TRG-CCC3-1",5.38513932312069,6.12041754567968,1.85942793128405,3.29155943218146,0.000996335618804926,0.0210115844870926
"LOC101930665",9.02775999361043,5.00632006664073,1.45530274056819,3.44005403623862,0.000581598054765352,0.0151121939592112
"TUFMP1",11.4790313256713,3.65484848748033,1.03606011997352,3.52764131831823,0.000419279883263688,0.0120677983855557
"LOC105371711",36.7859960846807,2.67669581084117,0.65947946206484,4.05880086464012,4.93253532576007e-05,0.0027474788722567
"SNORD4A",22.9316002281656,2.47346698902368,0.731336693079071,3.38211799357406,0.000719292417976732,0.017560156461034
"RPL31P58",3.49622477633608,5.52926327796277,1.83453732873751,3.01398243107318,0.00257842736940231,0.0376769973916243
"NSRP1",1796.73388831606,1.25877061843371,0.40559068332825,3.10354914492692,0.00191214474539687,0.0313313725653195
"SUZ12P1",285.308504104592,1.55796291779809,0.330882028373092,4.70851477022918,2.49528287405318e-06,0.000315869139620157
"MRPL45",664.400708516301,-1.27977915749535,0.383025651089896,-3.34123616487236,0.000834062447592266,0.0189314595832886
"PSMB3",30.291861802029,2.90123239352268,0.910636914468327,3.18593760853255,0.00144285709729535,0.0262238992350998
"CSF3",4.86144955778152,5.9761958369849,1.84810438984507,3.23368954146897,0.00122202216959899,0.0236168272537456
"TNS4",92.7358994972264,-2.10221540841451,0.413130616315014,-5.08850064700014,3.60905550769662e-07,6.53812448235432e-05
"MIR548AT",5.09822403452923,6.0522667645621,1.79510087038294,3.37154689433748,0.000747473121650133,0.0177779374111241
"ASB16",34.2106095045365,1.49733316975731,0.491791082469189,3.04465294945872,0.00232948948026912,0.0352496675140802
"LOC112268192",13.0448546610779,2.37700448250823,0.824645124289831,2.88245745047636,0.0039458642366761,0.0492530331815374
"NFE2L3P2",63.4490111068903,1.36226552644417,0.414885803169388,3.2834710564632,0.0010253717324909,0.021325971740991
"OSBPL7",124.300624934415,1.16817010277884,0.28070352564117,4.16157973117924,3.16053609972849e-05,0.00198264827693
"COPZ2",41.1454273179849,1.43860486776058,0.448241458431504,3.20944178790283,0.00132992973385339,0.0248356049720753
"HOXB3",168.514070872748,1.08758091771345,0.315839695830009,3.44345860280591,0.000574324511741403,0.0149930346391314
"LOC100419622",15.2647032269606,2.88231517579032,0.788994049953129,3.65315197999471,0.00025904080338824,0.00873574826642548
"RNU6-826P",7.11547975293061,4.01940770825444,1.26112038617023,3.18717209897825,0.00143671260032312,0.0261717281078813
"CHAD",24.297124679364,1.9012591205135,0.565063441826164,3.36468258213457,0.000766317631844119,0.0179879779679711
"LUC7L3",10606.4028277195,1.79675890258277,0.460517226515889,3.90161062198782,9.55547761664757e-05,0.00442060568308106
"LOC107984993",57.4061310347487,2.63242218815879,0.679025302248355,3.87676597535092,0.000105854083879892,0.00476073216224555
"LOC101929185",133.612205304645,1.9969287606813,0.299906844598168,6.6584967854165,2.76642339236957e-11,2.82233426514167e-08
"TEX14",10.8022734592398,4.63041661912549,1.17204569761229,3.95071337965632,7.79185934831797e-05,0.00390145231541162
"PRR11",4166.25327377275,1.04796740969434,0.33958969562553,3.0859811802121,0.00202881662864991,0.0324744686455408
"KRT18P61",4.58421817519096,4.89789633790397,1.66324967802697,2.94477516070474,0.00323189427473761,0.0437174030854946
"LOC107984984",6.46870077178789,4.4620789380286,1.41096518411033,3.16243022030492,0.0015645822766742,0.0276329044734156
"SNORD104",55.4886290830478,2.26883501267426,0.63556377259794,3.56979914604027,0.000357255042219614,0.0107032948043045
"SLC16A6P1",26.3634491387069,2.00900823429537,0.560784626458685,3.58249520316224,0.00034032786793687,0.010307680300138
"PRKCA-AS1",15.5932145007527,3.96787922967082,1.06000614132257,3.74326060481129,0.000181647661287996,0.00705452716335508
"ARHGAP27P2",5.39152794044335,6.14358049360694,1.63680605977294,3.75339549662907,0.000174455280118084,0.00688725285093471
"FAM20A",15.1130832556661,2.19074087809767,0.715089358134105,3.06359037954921,0.00218698133184906,0.0341874565617436
"MGC16275",12.9468514244028,2.92903074582475,0.851605285573277,3.43942292919543,0.0005829557436451,0.0151271942902498
"CD300LB",11.8671462695787,4.33217838893669,1.12511982393521,3.85041512626141,0.000117917788787039,0.00519586509878064
"SMIM5",18.422737228952,2.63858369460701,0.832450413017866,3.16965870080045,0.00152618088668428,0.0271657394926428
"EVPL",125.354631125562,-1.29770098106175,0.308266993269802,-4.20966567746022,2.55748845121108e-05,0.00171537564492303
"FOXJ1",123.9700507769,1.6482577425811,0.290249171924934,5.67876811378943,1.35668250398644e-08,4.31113666512675e-06
"RPL7P49",6.5274411149832,6.39929801681073,1.77157504299022,3.61220826751399,0.000303600573346918,0.00966477094675744
"LOC105371903",27.2411249926649,2.88282753056091,0.705106500324829,4.08849943835839,4.34172597974143e-05,0.00251223929526292
"TNRC6C",465.403665230734,1.02012526798053,0.225296108760233,4.5279311462329,5.95639822238419e-06,0.000592096528936898
"LOC105371922",22.3813062996011,2.15522484698139,0.592869659379198,3.63524227102152,0.000277719518817892,0.00918654462929355
"LOC107985021",21.324029281882,1.95771248316977,0.640485296946501,3.05660800100036,0.00223856819320434,0.0346861757450624
"LOC101928855",15.5858904978781,2.96397151802059,0.818574884887102,3.62089232487188,0.000293588690056959,0.00953253461987285
"LOC107987250",62.8295328513201,1.20195850881566,0.378428404586119,3.17618470032721,0.00149225907963506,0.026835670100168
"CCDC57",299.347199095081,1.05281220756764,0.280938419498879,3.74748391282895,0.000178617288509496,0.00699861622365938
"ARL2BPP9",20.9173259218461,2.64389741776741,0.902343074468639,2.93003569548568,0.00338923068575897,0.0450904925276266
"LOC105371942",55.4585197044981,1.30403667011568,0.422422608230435,3.08704279720824,0.00202158489052122,0.032385455799887
"CHORDC1P4",26.8914986103574,1.84332103678688,0.61634966293089,2.99070665184021,0.00278332730660132,0.0394956279931394
"LOC107985119",22.289561291729,3.47572080557067,1.1468102643771,3.03077232000406,0.00243929109717799,0.0363997064108531
"ANKRD12",1987.79538245727,2.40013447166503,0.449214954941656,5.34295317923411,9.1444389427432e-08,2.16165615202603e-05
"LINC01882",13.8446760956641,7.48716192538099,1.46253293945986,5.11931165676592,3.06652843818148e-07,5.94415872457098e-05
"DHFRP1",343.308382605572,1.51129558827897,0.491375666832947,3.07564189740955,0.00210049954005937,0.0332105082255391
"LOC105372036",11.1842679131443,3.18759544727463,1.09267779342632,2.91723275283123,0.00353152136117445,0.0462221539939268
"DSG2",2964.44585782368,-1.00506947129468,0.330281309585851,-3.04307098865195,0.00234177083257655,0.0353802695390989
"SETBP1",88.0875748660792,1.223092235041,0.349784634985498,3.49670086306595,0.000471049720190713,0.0130440396802525
"SCARNA17",72.1471150003395,1.96635471718566,0.479773217991995,4.09850871921423,4.15820576694167e-05,0.00243512569747424
"ME2",1142.00668280979,-1.0188530816127,0.334626274443991,-3.04474920059881,0.00232874415373029,0.0352496675140802
"MRPS17P7",11.1168787489929,4.25048966918909,1.26388103141918,3.36304570092037,0.000770876009711033,0.0180466915123655
"LOC105372160",29.7333971326967,3.0186824127462,0.586746085052344,5.14478492426055,2.67827474159638e-07,5.35213171042312e-05
"RPL26P35",5.0091710915121,6.01668916347104,1.82145956119081,3.30322412403025,0.000955799633035275,0.020562952371538
"LOC105372226",6.26106015369371,4.47976559226904,1.55684670474206,2.87746094629865,0.0040088952906421,0.0496539465263939
"RNU6-2",25.7056067752383,3.04996526576241,0.608188037917943,5.01483928589518,5.30778130299352e-07,8.98972381295533e-05
"ABCA7",731.305445148871,1.0951600338562,0.374043267212139,2.92789666291489,0.00341263446672015,0.0452775540745403
"HMGB2P1",4.38149246313687,5.8187531149283,1.88803239354717,3.08191381398718,0.00205674377997082,0.0328196584093313
"LOC102723811",10.3268451020915,4.15193905382125,1.28754954054249,3.22468295244926,0.00126112247606242,0.0240606280275531
"ZNF554",130.350406694518,1.06124483063395,0.330660910809762,3.20946563667003,0.00132981941223679,0.0248356049720753
"ZBTB7A",2072.9858693706,1.08674825560016,0.327197653806925,3.32138156541133,0.000895729888194458,0.0197304865372288
"PCP2",8.91470643844358,3.03047623479336,0.953559845972828,3.17806611466703,0.00148260938623772,0.0267587526469572
"ILF3-DT",582.836663203152,1.33070992767479,0.455577120757335,2.92093230112755,0.0034898565237492,0.0458626297331217
"ZNF763",12.5753635253284,3.58525811309901,0.883218838403903,4.05930892459004,4.92181635507005e-05,0.0027474788722567
"ZNF844",206.922393073057,1.5017201244876,0.291777608765453,5.14679701037226,2.64971784962429e-07,5.35022195803304e-05
"RPS2P53",5.11323504227011,5.07227368813588,1.60764276011487,3.15510000976427,0.0016044309749315,0.0281705525526017
"ZNF791",513.809044815595,1.14631370100325,0.307411286346852,3.72892522791069,0.00019229819635606,0.00731531511797854
"LOC112268253",8.01174085492755,4.78512123400561,1.38912666992908,3.4446975481724,0.000571698704858366,0.0149754158040197
"BRD4",4994.38167680167,1.03785960464234,0.249177562504696,4.16514069007629,3.11160620850746e-05,0.00196398142432906
"B3GNT3",408.83657770778,-1.14755273797897,0.252995607040261,-4.53586033134699,5.73691382121238e-06,0.000578899757251344
"YJEFN3",60.9589376360821,1.79972337074601,0.476999634144498,3.77300786398678,0.000161291201997652,0.00652707444576721
"HPN-AS1",3.95592224266671,5.68908671179933,1.93630271331558,2.93811844226451,0.0033021084381031,0.0443576368428209
"LOC107985304",30.5793255275796,3.17831444689834,0.68943926304211,4.60999919394527,4.02670532204933e-06,0.000446020891214881
"DPF1",183.237302802152,1.11303345881095,0.332607331320135,3.34638883151874,0.000818715009606446,0.0187145893233624
"SPRED3",50.413380446866,1.46602633710263,0.466729426326026,3.14106258232487,0.0016833605744829,0.0289535352327176
"SERTAD3",523.910794374647,1.10388090591732,0.323931080831327,3.40776471058088,0.000654973451969714,0.0164031077428694
"TMEM91",35.3035101436806,1.88878249968275,0.57265323150992,3.29830060454314,0.000972719380784836,0.0207427860034469
"CEACAM7",24.393402197561,-3.61927491777227,0.947872128870612,-3.81831558027203,0.000134365974134983,0.00572428580798356
"CEACAM6",2226.85728307387,-1.22754489885458,0.200788980107196,-6.11360692304542,9.74040554558587e-10,5.76970989723885e-07
"GRIK5",9.58390515879292,3.40485830714262,1.13325787290438,3.00448678853334,0.002660293121425,0.0382681616323573
"CEACAM1",406.295137433455,-1.21523447960049,0.226472654693553,-5.36592146740566,8.05369803305049e-08,2.00144721375193e-05
"CEACAM22P",9.95307356385123,3.2145288576243,0.967625393213927,3.32207988770052,0.000893491083578279,0.0197304865372288
"CEACAM19",29.3623795107421,2.09315280955358,0.641103686052909,3.26492087799482,0.00109494657774926,0.0221781028872431
"FOSB",30.4127212116299,3.13703064016729,0.826235932694773,3.79677343484185,0.000146591653095182,0.00607165086238676
"KCNJ14",75.931579476207,1.74355652265638,0.470652864418585,3.70454883943023,0.000211767305193906,0.00767270550257695
"RCN3",32.1188542429307,2.28265711998806,0.751460156296128,3.03762894261627,0.00238447366460578,0.0358021979199987
"KLK6",231.410856591942,-1.07500701626357,0.295400388711079,-3.63915234151907,0.000273536952548564,0.00907917857568727
"ZNF432",81.8280669356506,1.13007263981525,0.347668737687227,3.25042926589476,0.00115230929715644,0.0228722913896593
"CACNG8",41.388616591778,2.70592505919618,0.720494462506181,3.75565004314377,0.000172892142748726,0.00683947203069654
"IL11",105.944563200569,2.82623481874195,0.357660868882146,7.90199617748294,2.74471837533783e-15,5.91151344306095e-12
"EDDM13",16.7775318251565,2.86368191363199,0.834313110152156,3.43238273351564,0.000598302560373956,0.015422203231767
"ZNF773",226.950800734787,1.39276967891047,0.348059003147488,4.00153326394575,6.29333456224373e-05,0.0032970269501225
"ZNF154",49.9328819713525,2.07844126456108,0.668543612653769,3.10890901539056,0.00187779534588112,0.0309516879120405
"ZNF671",20.7876716745816,2.74459509753429,0.813007770188204,3.37585346435119,0.000735871008311607,0.0175883151974256
"FKBP1AP1",23.066126848185,2.19712174827339,0.669358350347243,3.28242972861037,0.00102916633402796,0.0213584748470497
"UBE2CP5",95.5007986514814,2.61807864947947,0.500445364879074,5.23149744850188,1.68142356503134e-07,3.60071241482528e-05
"ZNF814",80.8717468778336,1.76475399744301,0.417208621081429,4.22990779257788,2.33787118790608e-05,0.00161847482522755
"FERMT1",1842.36586020339,-1.0929452535399,0.334071617401689,-3.27158967301833,0.00106944667136646,0.021821215029229
"LOC105372521",38.8974826857342,3.10766004604924,0.716327393752943,4.33832361173256,1.43573645607829e-05,0.00111768335199283
"ESF1",2801.65355065088,1.46709061235348,0.405994240740808,3.61357493563582,0.000302004019035289,0.00966477094675744
"ZNF133-AS1",9.15393548512955,3.35926774029435,1.11901375256724,3.00198968295744,0.00268221265867679,0.0384556288282477
"LOC105372575",8.00065282818288,4.81736613826255,1.42207971388914,3.38755000244529,0.000705198614809584,0.0173251837128884
"PPIAP2",9.79864996939128,4.09003843638209,1.26772662264813,3.22627793982782,0.00125411506233871,0.0240042500494599
"BCL2L1-AS1",113.241927625385,1.9753680055943,0.522666005034152,3.77940785619916,0.000157201752236275,0.00637489281453546
"TTLL9",10.6310687609988,7.12235512181844,1.51813455708551,4.69151768436905,2.71185826288344e-06,0.000330607928098947
"LOC107985403",31.1633703050529,2.21650346820047,0.48796630123143,4.54232897355189,5.563612906075e-06,0.000564633887808155
"FDX1P1",21.115321579,1.99172720319571,0.65437347009707,3.04371630912888,0.00233675382630017,0.0353320094922016
"MYH7B",51.5597063048714,1.76667689482693,0.451904440637703,3.90940370564602,9.25242279891366e-05,0.00432166177190704
"HIGD1AP16",10.0139159888663,3.25045777670755,1.01333603504621,3.20768004323394,0.00133810275120121,0.0249641806826605
"LOC100130373",27.8550816050033,2.54806977472486,0.728633823390372,3.49705118391095,0.000470431563199371,0.0130440396802525
"SLA2",17.7887779801507,2.10497070809519,0.684212791909055,3.07648546327526,0.00209456515742997,0.0332039077935381
"SNORA71A",46.5158289804359,1.62483085719883,0.522193772095779,3.11154775109192,0.00186109372044477,0.0307025027039161
"SNORA71C",54.5283466076309,1.6234104285807,0.488265074767257,3.32485469978481,0.00088464625673781,0.0196425922572803
"MAFB",34.969358176422,2.76365049930103,0.593650752702281,4.65534741886703,3.23434857040285e-06,0.000379967349628417
"PLCG1-AS1",17.5831039775461,3.70349678886749,0.86272144700448,4.29280714154805,1.76428244790716e-05,0.00131534042193201
"PABPC1L",374.853087257665,1.55647310242552,0.285215352140706,5.45718556432286,4.83740739814706e-08,1.30233756952337e-05
"SPATA25",100.914576458039,1.84163199464685,0.461125459043136,3.99377644094593,6.50291808856843e-05,0.00337038941788263
"LOC100131496",42.0573583791544,2.623964753194,0.598503408755725,4.38421020633645,1.16407329241035e-05,0.000940183195836759
"LOC101927377",43.6167207114211,1.95930824823834,0.474247241161916,4.13140673931595,3.60549967451829e-05,0.00218425186708997
"SULF2",60.0428027803072,-1.66666392863822,0.423242823598706,-3.9378433270695,8.22172461291206e-05,0.00399873620107151
"LOC105372646",11.6705710641921,4.77305700156231,1.12134737990856,4.25653734701864,2.07617368390494e-05,0.00150728654265218
"ARPC3P1",20.0215465534951,2.7965174676359,0.774397653903323,3.61121634800952,0.00030476428919579,0.00966865954463369
"SNORD12B",46.667519335292,2.23347691367296,0.499789656661766,4.46883380618753,7.86472052281915e-06,0.000722510628503917
"KRT18P4",16.4420901988754,2.15991899092982,0.715769130630185,3.01761964647478,0.00254768447703221,0.0374472796664895
"UBE2V1",167.558733960742,1.13069288622149,0.289622762243996,3.90401941291108,9.46081871201022e-05,0.00439780599313204
"PSMD10P1",34.1641708018837,2.53151244353416,0.587487816013737,4.30904671472365,1.63959736644288e-05,0.00125125808469011
"TSHZ2",33.4752273995203,2.1992129961469,0.531749950458767,4.13580291685881,3.53715674913816e-05,0.00216975463371184
"GCNT7",36.2993743847865,2.02557116162678,0.498789542978142,4.06097359125179,4.88684996615625e-05,0.00274570706505281
"RPL17P48",11.7451233869864,3.11963928717825,1.06355176765902,2.93322749492944,0.0033545799107644,0.0449068901866417
"DPH3P1",45.5366623821787,2.51744707012524,0.622345001321649,4.04509888370444,5.23010435985857e-05,0.00288012337816757
"RTEL1",84.5331063339385,1.50261864384457,0.484468458666698,3.10158198529564,0.00192489561489312,0.0313672925459547
"LIME1",183.712576268703,1.53755339950949,0.403009915720631,3.81517510992294,0.000136086396064355,0.00577220722387626
"RNA45SN2",242.539556824705,1.95242309401328,0.436630269616578,4.47157063968053,7.76472026488166e-06,0.000716720655306981
"ANKRD20A11P",10.2790199379551,3.49554453825021,1.06908052874114,3.26967374699665,0.00107671590292939,0.0218545142014484
"LOC105377134",55.1774004609135,2.1110291241094,0.533651447907515,3.95582010015506,7.62725438095162e-05,0.0038501744510512
"TRG-GCC1-5",6.13676425265224,4.38729426496943,1.48072198356349,2.96294261425837,0.00304713371291999,0.0419798435616496
"HMGN1P2",7.31883531924573,6.56624601405093,1.58578331577639,4.14069561000278,3.46254189459636e-05,0.00213770355059114
"GART",4221.71014960633,-1.08744040691931,0.35386590601796,-3.07302960931227,0.00211897461771528,0.033366534516485
"LOC112267915",15.6337351036854,2.85052364711991,0.900496236643017,3.16550312053102,0.00154815001232528,0.0274810804385652
"LOC107985492",52.0856478041945,1.45489605278784,0.452577509732266,3.21468924438715,0.00130585806322734,0.0245809284480677
"LOC107987299",52.5475850611679,1.51194861640876,0.500711886024061,3.01959801356924,0.00253110380934411,0.0373385968343426
"ITGB2",50.4320033752009,-1.46303509296657,0.39182373549904,-3.73391134945718,0.000188528876960757,0.00720797584025113
"LOC107985497",37.482380038052,1.66566992962218,0.493349668212435,3.37624617374821,0.000734821394377902,0.0175881012847266
"RN7SL168P",5.31474227640782,6.10266036677865,1.72560083026115,3.53654232181557,0.00040540154093556,0.0117639273495432
"LOC105372860",109.362425243928,1.00535271410697,0.290804169455284,3.45714683524013,0.000545927294755318,0.0145360641229905
"KRT18P5",13.9590910019818,2.19878679479292,0.720643900851479,3.05114189157077,0.00227972812711794,0.0350160459715167
"DRICH1",40.3456635999425,1.68721040639815,0.510147215854774,3.30730101814073,0.000941996081470227,0.02031467259976
"ASLP1",30.2812212187929,2.28948414469357,0.632628488356141,3.61900260078818,0.00029574066659851,0.00955662518678933
"SUSD2",675.06902812285,-1.37246173372723,0.224542170211848,-6.11226716314515,9.8225560569997e-10,5.76970989723885e-07
"KIAA1671-AS1",23.899912380516,2.03463218221519,0.672049811682886,3.027502049469,0.00246584041999603,0.0366267055181632
"LRP5L",71.7412798355168,1.49146179326055,0.415528409371788,3.58931365370517,0.000331549733853289,0.0101374700939622
"TTC28",22.8744715487701,1.95680772197545,0.596871984261039,3.27843787876573,0.00104383336495409,0.0214112867156296
"RPEP4",6.76811544762141,4.53167635739821,1.44988824725881,3.12553492723725,0.00177481992311643,0.0297731251925889
"LOC91370",37.6915908443057,2.05956625338003,0.693189602495093,2.97114418041867,0.00296692455737773,0.0413278295457934
"LOC105372989",8.60770609797729,3.85596382990121,1.16317728923362,3.31502675094505,0.000916343550239138,0.0200119539770112
"RNU6-1128P",4.33349420628505,5.8106282234319,1.87203835790769,3.10390446802929,0.00190984987545612,0.0313202453348913
"LOC107985561",3.41836146633619,5.51088651943745,1.90235731130811,2.89687246800551,0.00376902937334456,0.0480334420597705
"LARGE-AS1",21.8605346002879,2.58188504110093,0.652494475434546,3.95694544291959,7.5914260038145e-05,0.00384209403806633
"PLA2G6",38.6232147279917,1.25008720826349,0.430150329459749,2.9061635494585,0.00365890149848499,0.0472231888676272
"MRTFA-AS1",22.0385153289466,3.39272886016592,0.870629215075044,3.89686998945181,9.7443894668686e-05,0.00446957278730595
"ACO2",1789.85886240823,-1.08011845505062,0.332618182705697,-3.24732233897842,0.00116496369597668,0.022930941729657
"LOC105369161",89.6402017891905,2.28051659964179,0.39955196224217,5.70768464468098,1.14523353923451e-08,3.82744946974514e-06
"LOC284930",35.2652451661702,1.7556645247158,0.523233729196767,3.35541160049254,0.000792469792634012,0.0184187463554169
"ACE2",263.085218414194,-3.48140049484048,0.332226316933693,-10.4790027682705,1.07875202394118e-25,1.04552646160379e-21
"ZRSR2",380.718515223205,1.52454018480683,0.466050766940968,3.27118909129472,0.00107096275775032,0.0218291714997184
"PHKA2-AS1",12.7188967153743,2.35187857834387,0.816754443306601,2.87954182265893,0.00398253472249879,0.0494855468339208
"XK",31.1605315772613,-2.66959374457939,0.701188764408886,-3.80723976207734,0.000140526490043162,0.00586084033448133
"LOC105373181",13.9638692168145,2.87645500753998,0.763338741780465,3.76825497004218,0.000164392744006261,0.00662492505159535
"LOC107985678",21.5281553534424,2.87483690401818,0.748844248169283,3.83903182944433,0.000123520418695869,0.00536843003587608
"GPR82",21.2647298998416,2.20284358699642,0.702122543537292,3.13740615120901,0.00170449831770845,0.0290589229467551
"MAOB",336.757046647187,-1.70106133280105,0.247657540207447,-6.86860303698479,6.4833637689979e-12,8.97668023558966e-09
"KANTR",79.2503048817829,1.66258647681355,0.404773339487437,4.1074505522495,4.00050386974713e-05,0.00237870450954535
"ZC4H2",31.4644991311337,-1.72436478798666,0.5856902448232,-2.94415828712871,0.00323834331115292,0.0437740911739108
"IL2RG",539.918273569668,-1.22906595737375,0.232543481091311,-5.28531675713215,1.25487429939028e-07,2.8284283045792e-05
"RAB11FIP1P1",62.574621500729,1.64070564236617,0.500755877759322,3.27645808114657,0.00105117915608231,0.0214937307610753
"PBDC1",2123.2952354521,1.12097394534477,0.388474551084999,2.88557884220194,0.00390694589954768,0.0490499388120631
"ATRX",2033.53233016479,1.22005997002767,0.265360094900036,4.59775223734104,4.27073432360799e-06,0.000465078169263018
"NOX1",986.990409739836,-1.2275007198334,0.288992583736806,-4.24751633402234,2.161534104312e-05,0.0015404109219847
"RPL36A",12.3757409696127,2.68351271796622,0.9245321234815,2.90256298273439,0.00370122727220852,0.0475258740766488
"LOC286437",98.2565591034067,1.47943452147063,0.492159894628505,3.00600381627467,0.00264705675571222,0.0381818054789952
"NXT2",274.755101380035,-1.29714274858147,0.360037030322533,-3.60280370999462,0.00031480325166625,0.00985807145444038
"UPF3B",1334.62820844496,2.21468970187022,0.4634212642682,4.77899887776511,1.76170177593209e-06,0.000237144633504636
"THOC2",2777.67111416384,1.0595676097139,0.321193270273363,3.29884747837998,0.000970826440082242,0.0207331320757274
"XPNPEP2",136.728318608124,-1.8180762846843,0.321313918948968,-5.65825561068537,1.52919270336954e-08,4.78094699388955e-06
"RBMX2",1462.13792192912,1.54330061656285,0.450015054551295,3.4294421952209,0.000604823251008985,0.0155489308986183
"OR13H1",5.2837995772954,6.125951933437,1.66545216867109,3.67825149750476,0.000234838341173187,0.00824656957482077
"GABRE",164.262968825074,1.23203402832476,0.329172809974801,3.74281833429399,0.000181967786921045,0.00705452716335508
"TRNW",74.702528820182,2.26677685297909,0.575315076901902,3.94006161838445,8.14606828992621e-05,0.00399873620107151
"TRNS1",384.856044974133,1.78544510759017,0.43946713530733,4.06275000823797,4.84979605477192e-05,0.00274570706505281
"TRNG",189.645495965281,2.07746369615549,0.527469764560183,3.93854555414704,8.19770313773176e-05,0.00399873620107151
"TRNH",46.8855421170728,2.64276713025797,0.71177177317288,3.71294174602801,0.000204864054367021,0.00751802075025889
"TRNE",351.460357460917,1.02230604930477,0.289815804360295,3.52743374903686,0.000419608755255084,0.0120677983855557
"TRNT",36.9634529561688,1.50021215138959,0.457440125299206,3.27958145431235,0.00103961194286369,0.0214112867156296
"LOC107987373",1297.37848408364,1.34930416125025,0.457695738675836,2.94803741270113,0.00319798359224195,0.0434405844092627
"RNA45SN4",636.507116343729,1.60111447698974,0.343058926129916,4.66717043352312,3.05376014266813e-06,0.000365402239381346
"GTF2H2C_2",130.404129606235,-1.31038756976106,0.369841957864678,-3.54310142993706,0.000395450573507369,0.0115966927637925
